[dataset_cfg] Physionet_MI root_path -> /work/bme-shenxk/data/Physionet_MI_wsn
[dataset_cfg] applied 38 params for Physionet_MI
A total 12 CPUs are used, making sure that num_worker is small than the number of CPUs
Use GPU (single): visible=0 -> cuda:0
================================================================================
[Model] eeg_basis_mixer_v2_nobasis_onlyT
[Model Params] Total: 37,417 (0.037 M)
[Model Params] Trainable: 37,417 (0.037 M)
[Model Params] Non-trainable: 0 (0.000 M)
[Model Size] Parameters: 0.14 MB
[Model Size] Buffers: 0.00 MB
[Model Size] Total estimated: 0.14 MB
================================================================================
>>>>>>>start training : eeg_basis_mixer_v2_nobasis_onlyT_Physionet_MI_seed_42_dm_192_dp_0.15_tl_5_bs_64_lr0.0003_aug_none_pl_32_cb32_kb16_tb20_pe192_ps8_ca0_cp1_run20260430_134659>>>>>>>>>>>>>>>>>>>>>>>>>>
(3934, 800, 64)
(3934,)
(2951, 800, 64)
(2951,)
(2952, 800, 64)
(2952,)
torch.Size([64, 800, 64])
torch.Size([64, 800, 64])
torch.Size([64, 800, 64])
torch.Size([64, 800, 64])
torch.Size([64, 800, 64])
torch.Size([64, 800, 64])
torch.Size([64, 800, 64])
torch.Size([64, 800, 64])
torch.Size([64, 800, 64])
torch.Size([64, 800, 64])
torch.Size([64, 800, 64])
torch.Size([64, 800, 64])
torch.Size([64, 800, 64])
torch.Size([64, 800, 64])
torch.Size([64, 800, 64])
torch.Size([64, 800, 64])
torch.Size([64, 800, 64])
torch.Size([64, 800, 64])
torch.Size([64, 800, 64])
torch.Size([64, 800, 64])
torch.Size([64, 800, 64])
torch.Size([64, 800, 64])
torch.Size([64, 800, 64])
torch.Size([64, 800, 64])
torch.Size([64, 800, 64])
torch.Size([64, 800, 64])
torch.Size([64, 800, 64])
torch.Size([64, 800, 64])
torch.Size([64, 800, 64])
torch.Size([64, 800, 64])
torch.Size([64, 800, 64])
torch.Size([64, 800, 64])
torch.Size([64, 800, 64])
torch.Size([64, 800, 64])
torch.Size([64, 800, 64])
torch.Size([64, 800, 64])
torch.Size([64, 800, 64])
torch.Size([64, 800, 64])
torch.Size([64, 800, 64])
torch.Size([64, 800, 64])
torch.Size([64, 800, 64])
torch.Size([64, 800, 64])
torch.Size([64, 800, 64])
torch.Size([64, 800, 64])
torch.Size([64, 800, 64])
torch.Size([64, 800, 64])
torch.Size([64, 800, 64])
torch.Size([64, 800, 64])
torch.Size([64, 800, 64])
torch.Size([64, 800, 64])
torch.Size([64, 800, 64])
torch.Size([64, 800, 64])
torch.Size([64, 800, 64])
torch.Size([64, 800, 64])
torch.Size([64, 800, 64])
torch.Size([64, 800, 64])
torch.Size([64, 800, 64])
torch.Size([64, 800, 64])
torch.Size([64, 800, 64])
torch.Size([64, 800, 64])
torch.Size([64, 800, 64])
torch.Size([30, 800, 64])
Epoch: 1 cost time: 4.151331901550293
torch.Size([64, 800, 64])
torch.Size([64, 800, 64])
torch.Size([64, 800, 64])
torch.Size([64, 800, 64])
torch.Size([64, 800, 64])
torch.Size([64, 800, 64])
torch.Size([64, 800, 64])
torch.Size([64, 800, 64])
torch.Size([64, 800, 64])
torch.Size([64, 800, 64])
torch.Size([64, 800, 64])
torch.Size([64, 800, 64])
torch.Size([64, 800, 64])
torch.Size([64, 800, 64])
torch.Size([64, 800, 64])
torch.Size([64, 800, 64])
torch.Size([64, 800, 64])
torch.Size([64, 800, 64])
torch.Size([64, 800, 64])
torch.Size([64, 800, 64])
torch.Size([64, 800, 64])
torch.Size([64, 800, 64])
torch.Size([64, 800, 64])
torch.Size([64, 800, 64])
torch.Size([64, 800, 64])
torch.Size([64, 800, 64])
torch.Size([64, 800, 64])
torch.Size([64, 800, 64])
torch.Size([64, 800, 64])
torch.Size([64, 800, 64])
torch.Size([64, 800, 64])
torch.Size([64, 800, 64])
torch.Size([64, 800, 64])
torch.Size([64, 800, 64])
torch.Size([64, 800, 64])
torch.Size([64, 800, 64])
torch.Size([64, 800, 64])
torch.Size([64, 800, 64])
torch.Size([64, 800, 64])
torch.Size([64, 800, 64])
torch.Size([64, 800, 64])
torch.Size([64, 800, 64])
torch.Size([64, 800, 64])
torch.Size([64, 800, 64])
torch.Size([64, 800, 64])
torch.Size([64, 800, 64])
torch.Size([7, 800, 64])
torch.Size([64, 800, 64])
torch.Size([64, 800, 64])
torch.Size([64, 800, 64])
torch.Size([64, 800, 64])
torch.Size([64, 800, 64])
torch.Size([64, 800, 64])
torch.Size([64, 800, 64])
torch.Size([64, 800, 64])
torch.Size([64, 800, 64])
torch.Size([64, 800, 64])
torch.Size([64, 800, 64])
torch.Size([64, 800, 64])
torch.Size([64, 800, 64])
torch.Size([64, 800, 64])
torch.Size([64, 800, 64])
torch.Size([64, 800, 64])
torch.Size([64, 800, 64])
torch.Size([64, 800, 64])
torch.Size([64, 800, 64])
torch.Size([64, 800, 64])
torch.Size([64, 800, 64])
torch.Size([64, 800, 64])
torch.Size([64, 800, 64])
torch.Size([64, 800, 64])
torch.Size([64, 800, 64])
torch.Size([64, 800, 64])
torch.Size([64, 800, 64])
torch.Size([64, 800, 64])
torch.Size([64, 800, 64])
torch.Size([64, 800, 64])
torch.Size([64, 800, 64])
torch.Size([64, 800, 64])
torch.Size([64, 800, 64])
torch.Size([64, 800, 64])
torch.Size([64, 800, 64])
torch.Size([64, 800, 64])
torch.Size([64, 800, 64])
torch.Size([64, 800, 64])
torch.Size([64, 800, 64])
torch.Size([64, 800, 64])
torch.Size([64, 800, 64])
torch.Size([64, 800, 64])
torch.Size([64, 800, 64])
torch.Size([64, 800, 64])
torch.Size([64, 800, 64])
torch.Size([64, 800, 64])
torch.Size([8, 800, 64])
Epoch: 1, Steps: 62, | Train Loss: 1.36257
Validation results --- Loss: 1.26865, Accuracy: 0.41105, Precision: 0.41582, Recall: 0.41075, F1: 0.39944, AUROC: 0.68947, AUPRC: 0.43959
Test results --- Loss: 1.26806, Accuracy: 0.41904, Precision: 0.42748, Recall: 0.41873 F1: 0.40974, AUROC: 0.69590, AUPRC: 0.45414
Metric score decreased (inf --> -0.399437).  Saving model ...

Updating learning rate to 0.00029953760005996916
torch.Size([64, 800, 64])
torch.Size([64, 800, 64])
torch.Size([64, 800, 64])
torch.Size([64, 800, 64])
torch.Size([64, 800, 64])
torch.Size([64, 800, 64])
torch.Size([64, 800, 64])
torch.Size([64, 800, 64])
torch.Size([64, 800, 64])
torch.Size([64, 800, 64])
torch.Size([64, 800, 64])
torch.Size([64, 800, 64])
torch.Size([64, 800, 64])
torch.Size([64, 800, 64])
torch.Size([64, 800, 64])
torch.Size([64, 800, 64])
torch.Size([64, 800, 64])
torch.Size([64, 800, 64])
torch.Size([64, 800, 64])
torch.Size([64, 800, 64])
torch.Size([64, 800, 64])
torch.Size([64, 800, 64])
torch.Size([64, 800, 64])
torch.Size([64, 800, 64])
torch.Size([64, 800, 64])
torch.Size([64, 800, 64])
torch.Size([64, 800, 64])
torch.Size([64, 800, 64])
torch.Size([64, 800, 64])
torch.Size([64, 800, 64])
torch.Size([64, 800, 64])
torch.Size([64, 800, 64])
torch.Size([64, 800, 64])
torch.Size([64, 800, 64])
torch.Size([64, 800, 64])
torch.Size([64, 800, 64])
torch.Size([64, 800, 64])
torch.Size([64, 800, 64])
torch.Size([64, 800, 64])
torch.Size([64, 800, 64])
torch.Size([64, 800, 64])
torch.Size([64, 800, 64])
torch.Size([64, 800, 64])
torch.Size([64, 800, 64])
torch.Size([64, 800, 64])
torch.Size([64, 800, 64])
torch.Size([64, 800, 64])
torch.Size([64, 800, 64])
torch.Size([64, 800, 64])
torch.Size([64, 800, 64])
torch.Size([64, 800, 64])
torch.Size([64, 800, 64])
torch.Size([64, 800, 64])
torch.Size([64, 800, 64])
torch.Size([64, 800, 64])
torch.Size([64, 800, 64])
torch.Size([64, 800, 64])
torch.Size([64, 800, 64])
torch.Size([64, 800, 64])
torch.Size([64, 800, 64])
torch.Size([64, 800, 64])
torch.Size([30, 800, 64])
Epoch: 2 cost time: 3.694568634033203
torch.Size([64, 800, 64])
torch.Size([64, 800, 64])
torch.Size([64, 800, 64])
torch.Size([64, 800, 64])
torch.Size([64, 800, 64])
torch.Size([64, 800, 64])
torch.Size([64, 800, 64])
torch.Size([64, 800, 64])
torch.Size([64, 800, 64])
torch.Size([64, 800, 64])
torch.Size([64, 800, 64])
torch.Size([64, 800, 64])
torch.Size([64, 800, 64])
torch.Size([64, 800, 64])
torch.Size([64, 800, 64])
torch.Size([64, 800, 64])
torch.Size([64, 800, 64])
torch.Size([64, 800, 64])
torch.Size([64, 800, 64])
torch.Size([64, 800, 64])
torch.Size([64, 800, 64])
torch.Size([64, 800, 64])
torch.Size([64, 800, 64])
torch.Size([64, 800, 64])
torch.Size([64, 800, 64])
torch.Size([64, 800, 64])
torch.Size([64, 800, 64])
torch.Size([64, 800, 64])
torch.Size([64, 800, 64])
torch.Size([64, 800, 64])
torch.Size([64, 800, 64])
torch.Size([64, 800, 64])
torch.Size([64, 800, 64])
torch.Size([64, 800, 64])
torch.Size([64, 800, 64])
torch.Size([64, 800, 64])
torch.Size([64, 800, 64])
torch.Size([64, 800, 64])
torch.Size([64, 800, 64])
torch.Size([64, 800, 64])
torch.Size([64, 800, 64])
torch.Size([64, 800, 64])
torch.Size([64, 800, 64])
torch.Size([64, 800, 64])
torch.Size([64, 800, 64])
torch.Size([64, 800, 64])
torch.Size([7, 800, 64])
torch.Size([64, 800, 64])
torch.Size([64, 800, 64])
torch.Size([64, 800, 64])
torch.Size([64, 800, 64])
torch.Size([64, 800, 64])
torch.Size([64, 800, 64])
torch.Size([64, 800, 64])
torch.Size([64, 800, 64])
torch.Size([64, 800, 64])
torch.Size([64, 800, 64])
torch.Size([64, 800, 64])
torch.Size([64, 800, 64])
torch.Size([64, 800, 64])
torch.Size([64, 800, 64])
torch.Size([64, 800, 64])
torch.Size([64, 800, 64])
torch.Size([64, 800, 64])
torch.Size([64, 800, 64])
torch.Size([64, 800, 64])
torch.Size([64, 800, 64])
torch.Size([64, 800, 64])
torch.Size([64, 800, 64])
torch.Size([64, 800, 64])
torch.Size([64, 800, 64])
torch.Size([64, 800, 64])
torch.Size([64, 800, 64])
torch.Size([64, 800, 64])
torch.Size([64, 800, 64])
torch.Size([64, 800, 64])
torch.Size([64, 800, 64])
torch.Size([64, 800, 64])
torch.Size([64, 800, 64])
torch.Size([64, 800, 64])
torch.Size([64, 800, 64])
torch.Size([64, 800, 64])
torch.Size([64, 800, 64])
torch.Size([64, 800, 64])
torch.Size([64, 800, 64])
torch.Size([64, 800, 64])
torch.Size([64, 800, 64])
torch.Size([64, 800, 64])
torch.Size([64, 800, 64])
torch.Size([64, 800, 64])
torch.Size([64, 800, 64])
torch.Size([64, 800, 64])
torch.Size([64, 800, 64])
torch.Size([8, 800, 64])
Epoch: 2, Steps: 62, | Train Loss: 1.16534
Validation results --- Loss: 1.09727, Accuracy: 0.53948, Precision: 0.53172, Recall: 0.53933, F1: 0.53275, AUROC: 0.78185, AUPRC: 0.57301
Test results --- Loss: 1.10761, Accuracy: 0.51795, Precision: 0.51146, Recall: 0.51792 F1: 0.51277, AUROC: 0.77663, AUPRC: 0.57619
Metric score decreased (-0.399437 --> -0.532745).  Saving model ...

Updating learning rate to 0.00029815325108927063
torch.Size([64, 800, 64])
torch.Size([64, 800, 64])
torch.Size([64, 800, 64])
torch.Size([64, 800, 64])
torch.Size([64, 800, 64])
torch.Size([64, 800, 64])
torch.Size([64, 800, 64])
torch.Size([64, 800, 64])
torch.Size([64, 800, 64])
torch.Size([64, 800, 64])
torch.Size([64, 800, 64])
torch.Size([64, 800, 64])
torch.Size([64, 800, 64])
torch.Size([64, 800, 64])
torch.Size([64, 800, 64])
torch.Size([64, 800, 64])
torch.Size([64, 800, 64])
torch.Size([64, 800, 64])
torch.Size([64, 800, 64])
torch.Size([64, 800, 64])
torch.Size([64, 800, 64])
torch.Size([64, 800, 64])
torch.Size([64, 800, 64])
torch.Size([64, 800, 64])
torch.Size([64, 800, 64])
torch.Size([64, 800, 64])
torch.Size([64, 800, 64])
torch.Size([64, 800, 64])
torch.Size([64, 800, 64])
torch.Size([64, 800, 64])
torch.Size([64, 800, 64])
torch.Size([64, 800, 64])
torch.Size([64, 800, 64])
torch.Size([64, 800, 64])
torch.Size([64, 800, 64])
torch.Size([64, 800, 64])
torch.Size([64, 800, 64])
torch.Size([64, 800, 64])
torch.Size([64, 800, 64])
torch.Size([64, 800, 64])
torch.Size([64, 800, 64])
torch.Size([64, 800, 64])
torch.Size([64, 800, 64])
torch.Size([64, 800, 64])
torch.Size([64, 800, 64])
torch.Size([64, 800, 64])
torch.Size([64, 800, 64])
torch.Size([64, 800, 64])
torch.Size([64, 800, 64])
torch.Size([64, 800, 64])
torch.Size([64, 800, 64])
torch.Size([64, 800, 64])
torch.Size([64, 800, 64])
torch.Size([64, 800, 64])
torch.Size([64, 800, 64])
torch.Size([64, 800, 64])
torch.Size([64, 800, 64])
torch.Size([64, 800, 64])
torch.Size([64, 800, 64])
torch.Size([64, 800, 64])
torch.Size([64, 800, 64])
torch.Size([30, 800, 64])
Epoch: 3 cost time: 3.7193455696105957
torch.Size([64, 800, 64])
torch.Size([64, 800, 64])
torch.Size([64, 800, 64])
torch.Size([64, 800, 64])
torch.Size([64, 800, 64])
torch.Size([64, 800, 64])
torch.Size([64, 800, 64])
torch.Size([64, 800, 64])
torch.Size([64, 800, 64])
torch.Size([64, 800, 64])
torch.Size([64, 800, 64])
torch.Size([64, 800, 64])
torch.Size([64, 800, 64])
torch.Size([64, 800, 64])
torch.Size([64, 800, 64])
torch.Size([64, 800, 64])
torch.Size([64, 800, 64])
torch.Size([64, 800, 64])
torch.Size([64, 800, 64])
torch.Size([64, 800, 64])
torch.Size([64, 800, 64])
torch.Size([64, 800, 64])
torch.Size([64, 800, 64])
torch.Size([64, 800, 64])
torch.Size([64, 800, 64])
torch.Size([64, 800, 64])
torch.Size([64, 800, 64])
torch.Size([64, 800, 64])
torch.Size([64, 800, 64])
torch.Size([64, 800, 64])
torch.Size([64, 800, 64])
torch.Size([64, 800, 64])
torch.Size([64, 800, 64])
torch.Size([64, 800, 64])
torch.Size([64, 800, 64])
torch.Size([64, 800, 64])
torch.Size([64, 800, 64])
torch.Size([64, 800, 64])
torch.Size([64, 800, 64])
torch.Size([64, 800, 64])
torch.Size([64, 800, 64])
torch.Size([64, 800, 64])
torch.Size([64, 800, 64])
torch.Size([64, 800, 64])
torch.Size([64, 800, 64])
torch.Size([64, 800, 64])
torch.Size([7, 800, 64])
torch.Size([64, 800, 64])
torch.Size([64, 800, 64])
torch.Size([64, 800, 64])
torch.Size([64, 800, 64])
torch.Size([64, 800, 64])
torch.Size([64, 800, 64])
torch.Size([64, 800, 64])
torch.Size([64, 800, 64])
torch.Size([64, 800, 64])
torch.Size([64, 800, 64])
torch.Size([64, 800, 64])
torch.Size([64, 800, 64])
torch.Size([64, 800, 64])
torch.Size([64, 800, 64])
torch.Size([64, 800, 64])
torch.Size([64, 800, 64])
torch.Size([64, 800, 64])
torch.Size([64, 800, 64])
torch.Size([64, 800, 64])
torch.Size([64, 800, 64])
torch.Size([64, 800, 64])
torch.Size([64, 800, 64])
torch.Size([64, 800, 64])
torch.Size([64, 800, 64])
torch.Size([64, 800, 64])
torch.Size([64, 800, 64])
torch.Size([64, 800, 64])
torch.Size([64, 800, 64])
torch.Size([64, 800, 64])
torch.Size([64, 800, 64])
torch.Size([64, 800, 64])
torch.Size([64, 800, 64])
torch.Size([64, 800, 64])
torch.Size([64, 800, 64])
torch.Size([64, 800, 64])
torch.Size([64, 800, 64])
torch.Size([64, 800, 64])
torch.Size([64, 800, 64])
torch.Size([64, 800, 64])
torch.Size([64, 800, 64])
torch.Size([64, 800, 64])
torch.Size([64, 800, 64])
torch.Size([64, 800, 64])
torch.Size([64, 800, 64])
torch.Size([64, 800, 64])
torch.Size([64, 800, 64])
torch.Size([8, 800, 64])
Epoch: 3, Steps: 62, | Train Loss: 1.08908
Validation results --- Loss: 1.08291, Accuracy: 0.55608, Precision: 0.55232, Recall: 0.55587, F1: 0.55304, AUROC: 0.78835, AUPRC: 0.58498
Test results --- Loss: 1.09522, Accuracy: 0.53963, Precision: 0.53874, Recall: 0.53951 F1: 0.53885, AUROC: 0.78313, AUPRC: 0.59008
Metric score decreased (-0.532745 --> -0.553043).  Saving model ...

Updating learning rate to 0.0002958554880596515
torch.Size([64, 800, 64])
torch.Size([64, 800, 64])
torch.Size([64, 800, 64])
torch.Size([64, 800, 64])
torch.Size([64, 800, 64])
torch.Size([64, 800, 64])
torch.Size([64, 800, 64])
torch.Size([64, 800, 64])
torch.Size([64, 800, 64])
torch.Size([64, 800, 64])
torch.Size([64, 800, 64])
torch.Size([64, 800, 64])
torch.Size([64, 800, 64])
torch.Size([64, 800, 64])
torch.Size([64, 800, 64])
torch.Size([64, 800, 64])
torch.Size([64, 800, 64])
torch.Size([64, 800, 64])
torch.Size([64, 800, 64])
torch.Size([64, 800, 64])
torch.Size([64, 800, 64])
torch.Size([64, 800, 64])
torch.Size([64, 800, 64])
torch.Size([64, 800, 64])
torch.Size([64, 800, 64])
torch.Size([64, 800, 64])
torch.Size([64, 800, 64])
torch.Size([64, 800, 64])
torch.Size([64, 800, 64])
torch.Size([64, 800, 64])
torch.Size([64, 800, 64])
torch.Size([64, 800, 64])
torch.Size([64, 800, 64])
torch.Size([64, 800, 64])
torch.Size([64, 800, 64])
torch.Size([64, 800, 64])
torch.Size([64, 800, 64])
torch.Size([64, 800, 64])
torch.Size([64, 800, 64])
torch.Size([64, 800, 64])
torch.Size([64, 800, 64])
torch.Size([64, 800, 64])
torch.Size([64, 800, 64])
torch.Size([64, 800, 64])
torch.Size([64, 800, 64])
torch.Size([64, 800, 64])
torch.Size([64, 800, 64])
torch.Size([64, 800, 64])
torch.Size([64, 800, 64])
torch.Size([64, 800, 64])
torch.Size([64, 800, 64])
torch.Size([64, 800, 64])
torch.Size([64, 800, 64])
torch.Size([64, 800, 64])
torch.Size([64, 800, 64])
torch.Size([64, 800, 64])
torch.Size([64, 800, 64])
torch.Size([64, 800, 64])
torch.Size([64, 800, 64])
torch.Size([64, 800, 64])
torch.Size([64, 800, 64])
torch.Size([30, 800, 64])
Epoch: 4 cost time: 3.7163209915161133
torch.Size([64, 800, 64])
torch.Size([64, 800, 64])
torch.Size([64, 800, 64])
torch.Size([64, 800, 64])
torch.Size([64, 800, 64])
torch.Size([64, 800, 64])
torch.Size([64, 800, 64])
torch.Size([64, 800, 64])
torch.Size([64, 800, 64])
torch.Size([64, 800, 64])
torch.Size([64, 800, 64])
torch.Size([64, 800, 64])
torch.Size([64, 800, 64])
torch.Size([64, 800, 64])
torch.Size([64, 800, 64])
torch.Size([64, 800, 64])
torch.Size([64, 800, 64])
torch.Size([64, 800, 64])
torch.Size([64, 800, 64])
torch.Size([64, 800, 64])
torch.Size([64, 800, 64])
torch.Size([64, 800, 64])
torch.Size([64, 800, 64])
torch.Size([64, 800, 64])
torch.Size([64, 800, 64])
torch.Size([64, 800, 64])
torch.Size([64, 800, 64])
torch.Size([64, 800, 64])
torch.Size([64, 800, 64])
torch.Size([64, 800, 64])
torch.Size([64, 800, 64])
torch.Size([64, 800, 64])
torch.Size([64, 800, 64])
torch.Size([64, 800, 64])
torch.Size([64, 800, 64])
torch.Size([64, 800, 64])
torch.Size([64, 800, 64])
torch.Size([64, 800, 64])
torch.Size([64, 800, 64])
torch.Size([64, 800, 64])
torch.Size([64, 800, 64])
torch.Size([64, 800, 64])
torch.Size([64, 800, 64])
torch.Size([64, 800, 64])
torch.Size([64, 800, 64])
torch.Size([64, 800, 64])
torch.Size([7, 800, 64])
torch.Size([64, 800, 64])
torch.Size([64, 800, 64])
torch.Size([64, 800, 64])
torch.Size([64, 800, 64])
torch.Size([64, 800, 64])
torch.Size([64, 800, 64])
torch.Size([64, 800, 64])
torch.Size([64, 800, 64])
torch.Size([64, 800, 64])
torch.Size([64, 800, 64])
torch.Size([64, 800, 64])
torch.Size([64, 800, 64])
torch.Size([64, 800, 64])
torch.Size([64, 800, 64])
torch.Size([64, 800, 64])
torch.Size([64, 800, 64])
torch.Size([64, 800, 64])
torch.Size([64, 800, 64])
torch.Size([64, 800, 64])
torch.Size([64, 800, 64])
torch.Size([64, 800, 64])
torch.Size([64, 800, 64])
torch.Size([64, 800, 64])
torch.Size([64, 800, 64])
torch.Size([64, 800, 64])
torch.Size([64, 800, 64])
torch.Size([64, 800, 64])
torch.Size([64, 800, 64])
torch.Size([64, 800, 64])
torch.Size([64, 800, 64])
torch.Size([64, 800, 64])
torch.Size([64, 800, 64])
torch.Size([64, 800, 64])
torch.Size([64, 800, 64])
torch.Size([64, 800, 64])
torch.Size([64, 800, 64])
torch.Size([64, 800, 64])
torch.Size([64, 800, 64])
torch.Size([64, 800, 64])
torch.Size([64, 800, 64])
torch.Size([64, 800, 64])
torch.Size([64, 800, 64])
torch.Size([64, 800, 64])
torch.Size([64, 800, 64])
torch.Size([64, 800, 64])
torch.Size([64, 800, 64])
torch.Size([8, 800, 64])
Epoch: 4, Steps: 62, | Train Loss: 1.07369
Validation results --- Loss: 1.08083, Accuracy: 0.55371, Precision: 0.54682, Recall: 0.55355, F1: 0.54749, AUROC: 0.79151, AUPRC: 0.59122
Test results --- Loss: 1.09348, Accuracy: 0.54404, Precision: 0.53915, Recall: 0.54398 F1: 0.54060, AUROC: 0.78628, AUPRC: 0.59545
EarlyStopping counter: 1 out of 10
Updating learning rate to 0.00029265847744427303
torch.Size([64, 800, 64])
torch.Size([64, 800, 64])
torch.Size([64, 800, 64])
torch.Size([64, 800, 64])
torch.Size([64, 800, 64])
torch.Size([64, 800, 64])
torch.Size([64, 800, 64])
torch.Size([64, 800, 64])
torch.Size([64, 800, 64])
torch.Size([64, 800, 64])
torch.Size([64, 800, 64])
torch.Size([64, 800, 64])
torch.Size([64, 800, 64])
torch.Size([64, 800, 64])
torch.Size([64, 800, 64])
torch.Size([64, 800, 64])
torch.Size([64, 800, 64])
torch.Size([64, 800, 64])
torch.Size([64, 800, 64])
torch.Size([64, 800, 64])
torch.Size([64, 800, 64])
torch.Size([64, 800, 64])
torch.Size([64, 800, 64])
torch.Size([64, 800, 64])
torch.Size([64, 800, 64])
torch.Size([64, 800, 64])
torch.Size([64, 800, 64])
torch.Size([64, 800, 64])
torch.Size([64, 800, 64])
torch.Size([64, 800, 64])
torch.Size([64, 800, 64])
torch.Size([64, 800, 64])
torch.Size([64, 800, 64])
torch.Size([64, 800, 64])
torch.Size([64, 800, 64])
torch.Size([64, 800, 64])
torch.Size([64, 800, 64])
torch.Size([64, 800, 64])
torch.Size([64, 800, 64])
torch.Size([64, 800, 64])
torch.Size([64, 800, 64])
torch.Size([64, 800, 64])
torch.Size([64, 800, 64])
torch.Size([64, 800, 64])
torch.Size([64, 800, 64])
torch.Size([64, 800, 64])
torch.Size([64, 800, 64])
torch.Size([64, 800, 64])
torch.Size([64, 800, 64])
torch.Size([64, 800, 64])
torch.Size([64, 800, 64])
torch.Size([64, 800, 64])
torch.Size([64, 800, 64])
torch.Size([64, 800, 64])
torch.Size([64, 800, 64])
torch.Size([64, 800, 64])
torch.Size([64, 800, 64])
torch.Size([64, 800, 64])
torch.Size([64, 800, 64])
torch.Size([64, 800, 64])
torch.Size([64, 800, 64])
torch.Size([30, 800, 64])
Epoch: 5 cost time: 3.7532331943511963
torch.Size([64, 800, 64])
torch.Size([64, 800, 64])
torch.Size([64, 800, 64])
torch.Size([64, 800, 64])
torch.Size([64, 800, 64])
torch.Size([64, 800, 64])
torch.Size([64, 800, 64])
torch.Size([64, 800, 64])
torch.Size([64, 800, 64])
torch.Size([64, 800, 64])
torch.Size([64, 800, 64])
torch.Size([64, 800, 64])
torch.Size([64, 800, 64])
torch.Size([64, 800, 64])
torch.Size([64, 800, 64])
torch.Size([64, 800, 64])
torch.Size([64, 800, 64])
torch.Size([64, 800, 64])
torch.Size([64, 800, 64])
torch.Size([64, 800, 64])
torch.Size([64, 800, 64])
torch.Size([64, 800, 64])
torch.Size([64, 800, 64])
torch.Size([64, 800, 64])
torch.Size([64, 800, 64])
torch.Size([64, 800, 64])
torch.Size([64, 800, 64])
torch.Size([64, 800, 64])
torch.Size([64, 800, 64])
torch.Size([64, 800, 64])
torch.Size([64, 800, 64])
torch.Size([64, 800, 64])
torch.Size([64, 800, 64])
torch.Size([64, 800, 64])
torch.Size([64, 800, 64])
torch.Size([64, 800, 64])
torch.Size([64, 800, 64])
torch.Size([64, 800, 64])
torch.Size([64, 800, 64])
torch.Size([64, 800, 64])
torch.Size([64, 800, 64])
torch.Size([64, 800, 64])
torch.Size([64, 800, 64])
torch.Size([64, 800, 64])
torch.Size([64, 800, 64])
torch.Size([64, 800, 64])
torch.Size([7, 800, 64])
torch.Size([64, 800, 64])
torch.Size([64, 800, 64])
torch.Size([64, 800, 64])
torch.Size([64, 800, 64])
torch.Size([64, 800, 64])
torch.Size([64, 800, 64])
torch.Size([64, 800, 64])
torch.Size([64, 800, 64])
torch.Size([64, 800, 64])
torch.Size([64, 800, 64])
torch.Size([64, 800, 64])
torch.Size([64, 800, 64])
torch.Size([64, 800, 64])
torch.Size([64, 800, 64])
torch.Size([64, 800, 64])
torch.Size([64, 800, 64])
torch.Size([64, 800, 64])
torch.Size([64, 800, 64])
torch.Size([64, 800, 64])
torch.Size([64, 800, 64])
torch.Size([64, 800, 64])
torch.Size([64, 800, 64])
torch.Size([64, 800, 64])
torch.Size([64, 800, 64])
torch.Size([64, 800, 64])
torch.Size([64, 800, 64])
torch.Size([64, 800, 64])
torch.Size([64, 800, 64])
torch.Size([64, 800, 64])
torch.Size([64, 800, 64])
torch.Size([64, 800, 64])
torch.Size([64, 800, 64])
torch.Size([64, 800, 64])
torch.Size([64, 800, 64])
torch.Size([64, 800, 64])
torch.Size([64, 800, 64])
torch.Size([64, 800, 64])
torch.Size([64, 800, 64])
torch.Size([64, 800, 64])
torch.Size([64, 800, 64])
torch.Size([64, 800, 64])
torch.Size([64, 800, 64])
torch.Size([64, 800, 64])
torch.Size([64, 800, 64])
torch.Size([64, 800, 64])
torch.Size([64, 800, 64])
torch.Size([8, 800, 64])
Epoch: 5, Steps: 62, | Train Loss: 1.06368
Validation results --- Loss: 1.07316, Accuracy: 0.56015, Precision: 0.56187, Recall: 0.55991, F1: 0.56012, AUROC: 0.79188, AUPRC: 0.59130
Test results --- Loss: 1.08630, Accuracy: 0.54980, Precision: 0.55472, Recall: 0.54963 F1: 0.55130, AUROC: 0.78815, AUPRC: 0.59876
Metric score decreased (-0.553043 --> -0.560119).  Saving model ...

Updating learning rate to 0.000288581929876693
torch.Size([64, 800, 64])
torch.Size([64, 800, 64])
torch.Size([64, 800, 64])
torch.Size([64, 800, 64])
torch.Size([64, 800, 64])
torch.Size([64, 800, 64])
torch.Size([64, 800, 64])
torch.Size([64, 800, 64])
torch.Size([64, 800, 64])
torch.Size([64, 800, 64])
torch.Size([64, 800, 64])
torch.Size([64, 800, 64])
torch.Size([64, 800, 64])
torch.Size([64, 800, 64])
torch.Size([64, 800, 64])
torch.Size([64, 800, 64])
torch.Size([64, 800, 64])
torch.Size([64, 800, 64])
torch.Size([64, 800, 64])
torch.Size([64, 800, 64])
torch.Size([64, 800, 64])
torch.Size([64, 800, 64])
torch.Size([64, 800, 64])
torch.Size([64, 800, 64])
torch.Size([64, 800, 64])
torch.Size([64, 800, 64])
torch.Size([64, 800, 64])
torch.Size([64, 800, 64])
torch.Size([64, 800, 64])
torch.Size([64, 800, 64])
torch.Size([64, 800, 64])
torch.Size([64, 800, 64])
torch.Size([64, 800, 64])
torch.Size([64, 800, 64])
torch.Size([64, 800, 64])
torch.Size([64, 800, 64])
torch.Size([64, 800, 64])
torch.Size([64, 800, 64])
torch.Size([64, 800, 64])
torch.Size([64, 800, 64])
torch.Size([64, 800, 64])
torch.Size([64, 800, 64])
torch.Size([64, 800, 64])
torch.Size([64, 800, 64])
torch.Size([64, 800, 64])
torch.Size([64, 800, 64])
torch.Size([64, 800, 64])
torch.Size([64, 800, 64])
torch.Size([64, 800, 64])
torch.Size([64, 800, 64])
torch.Size([64, 800, 64])
torch.Size([64, 800, 64])
torch.Size([64, 800, 64])
torch.Size([64, 800, 64])
torch.Size([64, 800, 64])
torch.Size([64, 800, 64])
torch.Size([64, 800, 64])
torch.Size([64, 800, 64])
torch.Size([64, 800, 64])
torch.Size([64, 800, 64])
torch.Size([64, 800, 64])
torch.Size([30, 800, 64])
Epoch: 6 cost time: 3.7293100357055664
torch.Size([64, 800, 64])
torch.Size([64, 800, 64])
torch.Size([64, 800, 64])
torch.Size([64, 800, 64])
torch.Size([64, 800, 64])
torch.Size([64, 800, 64])
torch.Size([64, 800, 64])
torch.Size([64, 800, 64])
torch.Size([64, 800, 64])
torch.Size([64, 800, 64])
torch.Size([64, 800, 64])
torch.Size([64, 800, 64])
torch.Size([64, 800, 64])
torch.Size([64, 800, 64])
torch.Size([64, 800, 64])
torch.Size([64, 800, 64])
torch.Size([64, 800, 64])
torch.Size([64, 800, 64])
torch.Size([64, 800, 64])
torch.Size([64, 800, 64])
torch.Size([64, 800, 64])
torch.Size([64, 800, 64])
torch.Size([64, 800, 64])
torch.Size([64, 800, 64])
torch.Size([64, 800, 64])
torch.Size([64, 800, 64])
torch.Size([64, 800, 64])
torch.Size([64, 800, 64])
torch.Size([64, 800, 64])
torch.Size([64, 800, 64])
torch.Size([64, 800, 64])
torch.Size([64, 800, 64])
torch.Size([64, 800, 64])
torch.Size([64, 800, 64])
torch.Size([64, 800, 64])
torch.Size([64, 800, 64])
torch.Size([64, 800, 64])
torch.Size([64, 800, 64])
torch.Size([64, 800, 64])
torch.Size([64, 800, 64])
torch.Size([64, 800, 64])
torch.Size([64, 800, 64])
torch.Size([64, 800, 64])
torch.Size([64, 800, 64])
torch.Size([64, 800, 64])
torch.Size([64, 800, 64])
torch.Size([7, 800, 64])
torch.Size([64, 800, 64])
torch.Size([64, 800, 64])
torch.Size([64, 800, 64])
torch.Size([64, 800, 64])
torch.Size([64, 800, 64])
torch.Size([64, 800, 64])
torch.Size([64, 800, 64])
torch.Size([64, 800, 64])
torch.Size([64, 800, 64])
torch.Size([64, 800, 64])
torch.Size([64, 800, 64])
torch.Size([64, 800, 64])
torch.Size([64, 800, 64])
torch.Size([64, 800, 64])
torch.Size([64, 800, 64])
torch.Size([64, 800, 64])
torch.Size([64, 800, 64])
torch.Size([64, 800, 64])
torch.Size([64, 800, 64])
torch.Size([64, 800, 64])
torch.Size([64, 800, 64])
torch.Size([64, 800, 64])
torch.Size([64, 800, 64])
torch.Size([64, 800, 64])
torch.Size([64, 800, 64])
torch.Size([64, 800, 64])
torch.Size([64, 800, 64])
torch.Size([64, 800, 64])
torch.Size([64, 800, 64])
torch.Size([64, 800, 64])
torch.Size([64, 800, 64])
torch.Size([64, 800, 64])
torch.Size([64, 800, 64])
torch.Size([64, 800, 64])
torch.Size([64, 800, 64])
torch.Size([64, 800, 64])
torch.Size([64, 800, 64])
torch.Size([64, 800, 64])
torch.Size([64, 800, 64])
torch.Size([64, 800, 64])
torch.Size([64, 800, 64])
torch.Size([64, 800, 64])
torch.Size([64, 800, 64])
torch.Size([64, 800, 64])
torch.Size([64, 800, 64])
torch.Size([64, 800, 64])
torch.Size([8, 800, 64])
Epoch: 6, Steps: 62, | Train Loss: 1.05784
Validation results --- Loss: 1.08019, Accuracy: 0.55845, Precision: 0.56404, Recall: 0.55821, F1: 0.55677, AUROC: 0.79179, AUPRC: 0.59392
Test results --- Loss: 1.08792, Accuracy: 0.55115, Precision: 0.55810, Recall: 0.55090 F1: 0.55097, AUROC: 0.78937, AUPRC: 0.60120
EarlyStopping counter: 1 out of 10
Updating learning rate to 0.00028365097862825513
torch.Size([64, 800, 64])
torch.Size([64, 800, 64])
torch.Size([64, 800, 64])
torch.Size([64, 800, 64])
torch.Size([64, 800, 64])
torch.Size([64, 800, 64])
torch.Size([64, 800, 64])
torch.Size([64, 800, 64])
torch.Size([64, 800, 64])
torch.Size([64, 800, 64])
torch.Size([64, 800, 64])
torch.Size([64, 800, 64])
torch.Size([64, 800, 64])
torch.Size([64, 800, 64])
torch.Size([64, 800, 64])
torch.Size([64, 800, 64])
torch.Size([64, 800, 64])
torch.Size([64, 800, 64])
torch.Size([64, 800, 64])
torch.Size([64, 800, 64])
torch.Size([64, 800, 64])
torch.Size([64, 800, 64])
torch.Size([64, 800, 64])
torch.Size([64, 800, 64])
torch.Size([64, 800, 64])
torch.Size([64, 800, 64])
torch.Size([64, 800, 64])
torch.Size([64, 800, 64])
torch.Size([64, 800, 64])
torch.Size([64, 800, 64])
torch.Size([64, 800, 64])
torch.Size([64, 800, 64])
torch.Size([64, 800, 64])
torch.Size([64, 800, 64])
torch.Size([64, 800, 64])
torch.Size([64, 800, 64])
torch.Size([64, 800, 64])
torch.Size([64, 800, 64])
torch.Size([64, 800, 64])
torch.Size([64, 800, 64])
torch.Size([64, 800, 64])
torch.Size([64, 800, 64])
torch.Size([64, 800, 64])
torch.Size([64, 800, 64])
torch.Size([64, 800, 64])
torch.Size([64, 800, 64])
torch.Size([64, 800, 64])
torch.Size([64, 800, 64])
torch.Size([64, 800, 64])
torch.Size([64, 800, 64])
torch.Size([64, 800, 64])
torch.Size([64, 800, 64])
torch.Size([64, 800, 64])
torch.Size([64, 800, 64])
torch.Size([64, 800, 64])
torch.Size([64, 800, 64])
torch.Size([64, 800, 64])
torch.Size([64, 800, 64])
torch.Size([64, 800, 64])
torch.Size([64, 800, 64])
torch.Size([64, 800, 64])
torch.Size([30, 800, 64])
Epoch: 7 cost time: 3.7256968021392822
torch.Size([64, 800, 64])
torch.Size([64, 800, 64])
torch.Size([64, 800, 64])
torch.Size([64, 800, 64])
torch.Size([64, 800, 64])
torch.Size([64, 800, 64])
torch.Size([64, 800, 64])
torch.Size([64, 800, 64])
torch.Size([64, 800, 64])
torch.Size([64, 800, 64])
torch.Size([64, 800, 64])
torch.Size([64, 800, 64])
torch.Size([64, 800, 64])
torch.Size([64, 800, 64])
torch.Size([64, 800, 64])
torch.Size([64, 800, 64])
torch.Size([64, 800, 64])
torch.Size([64, 800, 64])
torch.Size([64, 800, 64])
torch.Size([64, 800, 64])
torch.Size([64, 800, 64])
torch.Size([64, 800, 64])
torch.Size([64, 800, 64])
torch.Size([64, 800, 64])
torch.Size([64, 800, 64])
torch.Size([64, 800, 64])
torch.Size([64, 800, 64])
torch.Size([64, 800, 64])
torch.Size([64, 800, 64])
torch.Size([64, 800, 64])
torch.Size([64, 800, 64])
torch.Size([64, 800, 64])
torch.Size([64, 800, 64])
torch.Size([64, 800, 64])
torch.Size([64, 800, 64])
torch.Size([64, 800, 64])
torch.Size([64, 800, 64])
torch.Size([64, 800, 64])
torch.Size([64, 800, 64])
torch.Size([64, 800, 64])
torch.Size([64, 800, 64])
torch.Size([64, 800, 64])
torch.Size([64, 800, 64])
torch.Size([64, 800, 64])
torch.Size([64, 800, 64])
torch.Size([64, 800, 64])
torch.Size([7, 800, 64])
torch.Size([64, 800, 64])
torch.Size([64, 800, 64])
torch.Size([64, 800, 64])
torch.Size([64, 800, 64])
torch.Size([64, 800, 64])
torch.Size([64, 800, 64])
torch.Size([64, 800, 64])
torch.Size([64, 800, 64])
torch.Size([64, 800, 64])
torch.Size([64, 800, 64])
torch.Size([64, 800, 64])
torch.Size([64, 800, 64])
torch.Size([64, 800, 64])
torch.Size([64, 800, 64])
torch.Size([64, 800, 64])
torch.Size([64, 800, 64])
torch.Size([64, 800, 64])
torch.Size([64, 800, 64])
torch.Size([64, 800, 64])
torch.Size([64, 800, 64])
torch.Size([64, 800, 64])
torch.Size([64, 800, 64])
torch.Size([64, 800, 64])
torch.Size([64, 800, 64])
torch.Size([64, 800, 64])
torch.Size([64, 800, 64])
torch.Size([64, 800, 64])
torch.Size([64, 800, 64])
torch.Size([64, 800, 64])
torch.Size([64, 800, 64])
torch.Size([64, 800, 64])
torch.Size([64, 800, 64])
torch.Size([64, 800, 64])
torch.Size([64, 800, 64])
torch.Size([64, 800, 64])
torch.Size([64, 800, 64])
torch.Size([64, 800, 64])
torch.Size([64, 800, 64])
torch.Size([64, 800, 64])
torch.Size([64, 800, 64])
torch.Size([64, 800, 64])
torch.Size([64, 800, 64])
torch.Size([64, 800, 64])
torch.Size([64, 800, 64])
torch.Size([64, 800, 64])
torch.Size([64, 800, 64])
torch.Size([8, 800, 64])
Epoch: 7, Steps: 62, | Train Loss: 1.05112
Validation results --- Loss: 1.07102, Accuracy: 0.55642, Precision: 0.55834, Recall: 0.55642, F1: 0.55695, AUROC: 0.79155, AUPRC: 0.59384
Test results --- Loss: 1.08514, Accuracy: 0.55318, Precision: 0.56097, Recall: 0.55324 F1: 0.55567, AUROC: 0.78823, AUPRC: 0.60041
EarlyStopping counter: 2 out of 10
Updating learning rate to 0.0002778960246531138
torch.Size([64, 800, 64])
torch.Size([64, 800, 64])
torch.Size([64, 800, 64])
torch.Size([64, 800, 64])
torch.Size([64, 800, 64])
torch.Size([64, 800, 64])
torch.Size([64, 800, 64])
torch.Size([64, 800, 64])
torch.Size([64, 800, 64])
torch.Size([64, 800, 64])
torch.Size([64, 800, 64])
torch.Size([64, 800, 64])
torch.Size([64, 800, 64])
torch.Size([64, 800, 64])
torch.Size([64, 800, 64])
torch.Size([64, 800, 64])
torch.Size([64, 800, 64])
torch.Size([64, 800, 64])
torch.Size([64, 800, 64])
torch.Size([64, 800, 64])
torch.Size([64, 800, 64])
torch.Size([64, 800, 64])
torch.Size([64, 800, 64])
torch.Size([64, 800, 64])
torch.Size([64, 800, 64])
torch.Size([64, 800, 64])
torch.Size([64, 800, 64])
torch.Size([64, 800, 64])
torch.Size([64, 800, 64])
torch.Size([64, 800, 64])
torch.Size([64, 800, 64])
torch.Size([64, 800, 64])
torch.Size([64, 800, 64])
torch.Size([64, 800, 64])
torch.Size([64, 800, 64])
torch.Size([64, 800, 64])
torch.Size([64, 800, 64])
torch.Size([64, 800, 64])
torch.Size([64, 800, 64])
torch.Size([64, 800, 64])
torch.Size([64, 800, 64])
torch.Size([64, 800, 64])
torch.Size([64, 800, 64])
torch.Size([64, 800, 64])
torch.Size([64, 800, 64])
torch.Size([64, 800, 64])
torch.Size([64, 800, 64])
torch.Size([64, 800, 64])
torch.Size([64, 800, 64])
torch.Size([64, 800, 64])
torch.Size([64, 800, 64])
torch.Size([64, 800, 64])
torch.Size([64, 800, 64])
torch.Size([64, 800, 64])
torch.Size([64, 800, 64])
torch.Size([64, 800, 64])
torch.Size([64, 800, 64])
torch.Size([64, 800, 64])
torch.Size([64, 800, 64])
torch.Size([64, 800, 64])
torch.Size([64, 800, 64])
torch.Size([30, 800, 64])
Epoch: 8 cost time: 3.7243902683258057
torch.Size([64, 800, 64])
torch.Size([64, 800, 64])
torch.Size([64, 800, 64])
torch.Size([64, 800, 64])
torch.Size([64, 800, 64])
torch.Size([64, 800, 64])
torch.Size([64, 800, 64])
torch.Size([64, 800, 64])
torch.Size([64, 800, 64])
torch.Size([64, 800, 64])
torch.Size([64, 800, 64])
torch.Size([64, 800, 64])
torch.Size([64, 800, 64])
torch.Size([64, 800, 64])
torch.Size([64, 800, 64])
torch.Size([64, 800, 64])
torch.Size([64, 800, 64])
torch.Size([64, 800, 64])
torch.Size([64, 800, 64])
torch.Size([64, 800, 64])
torch.Size([64, 800, 64])
torch.Size([64, 800, 64])
torch.Size([64, 800, 64])
torch.Size([64, 800, 64])
torch.Size([64, 800, 64])
torch.Size([64, 800, 64])
torch.Size([64, 800, 64])
torch.Size([64, 800, 64])
torch.Size([64, 800, 64])
torch.Size([64, 800, 64])
torch.Size([64, 800, 64])
torch.Size([64, 800, 64])
torch.Size([64, 800, 64])
torch.Size([64, 800, 64])
torch.Size([64, 800, 64])
torch.Size([64, 800, 64])
torch.Size([64, 800, 64])
torch.Size([64, 800, 64])
torch.Size([64, 800, 64])
torch.Size([64, 800, 64])
torch.Size([64, 800, 64])
torch.Size([64, 800, 64])
torch.Size([64, 800, 64])
torch.Size([64, 800, 64])
torch.Size([64, 800, 64])
torch.Size([64, 800, 64])
torch.Size([7, 800, 64])
torch.Size([64, 800, 64])
torch.Size([64, 800, 64])
torch.Size([64, 800, 64])
torch.Size([64, 800, 64])
torch.Size([64, 800, 64])
torch.Size([64, 800, 64])
torch.Size([64, 800, 64])
torch.Size([64, 800, 64])
torch.Size([64, 800, 64])
torch.Size([64, 800, 64])
torch.Size([64, 800, 64])
torch.Size([64, 800, 64])
torch.Size([64, 800, 64])
torch.Size([64, 800, 64])
torch.Size([64, 800, 64])
torch.Size([64, 800, 64])
torch.Size([64, 800, 64])
torch.Size([64, 800, 64])
torch.Size([64, 800, 64])
torch.Size([64, 800, 64])
torch.Size([64, 800, 64])
torch.Size([64, 800, 64])
torch.Size([64, 800, 64])
torch.Size([64, 800, 64])
torch.Size([64, 800, 64])
torch.Size([64, 800, 64])
torch.Size([64, 800, 64])
torch.Size([64, 800, 64])
torch.Size([64, 800, 64])
torch.Size([64, 800, 64])
torch.Size([64, 800, 64])
torch.Size([64, 800, 64])
torch.Size([64, 800, 64])
torch.Size([64, 800, 64])
torch.Size([64, 800, 64])
torch.Size([64, 800, 64])
torch.Size([64, 800, 64])
torch.Size([64, 800, 64])
torch.Size([64, 800, 64])
torch.Size([64, 800, 64])
torch.Size([64, 800, 64])
torch.Size([64, 800, 64])
torch.Size([64, 800, 64])
torch.Size([64, 800, 64])
torch.Size([64, 800, 64])
torch.Size([64, 800, 64])
torch.Size([8, 800, 64])
Epoch: 8, Steps: 62, | Train Loss: 1.04610
Validation results --- Loss: 1.07205, Accuracy: 0.55879, Precision: 0.55881, Recall: 0.55869, F1: 0.55860, AUROC: 0.79271, AUPRC: 0.59305
Test results --- Loss: 1.08727, Accuracy: 0.54878, Precision: 0.55345, Recall: 0.54876 F1: 0.55066, AUROC: 0.78981, AUPRC: 0.60272
EarlyStopping counter: 3 out of 10
Updating learning rate to 0.0002713525491562421
torch.Size([64, 800, 64])
torch.Size([64, 800, 64])
torch.Size([64, 800, 64])
torch.Size([64, 800, 64])
torch.Size([64, 800, 64])
torch.Size([64, 800, 64])
torch.Size([64, 800, 64])
torch.Size([64, 800, 64])
torch.Size([64, 800, 64])
torch.Size([64, 800, 64])
torch.Size([64, 800, 64])
torch.Size([64, 800, 64])
torch.Size([64, 800, 64])
torch.Size([64, 800, 64])
torch.Size([64, 800, 64])
torch.Size([64, 800, 64])
torch.Size([64, 800, 64])
torch.Size([64, 800, 64])
torch.Size([64, 800, 64])
torch.Size([64, 800, 64])
torch.Size([64, 800, 64])
torch.Size([64, 800, 64])
torch.Size([64, 800, 64])
torch.Size([64, 800, 64])
torch.Size([64, 800, 64])
torch.Size([64, 800, 64])
torch.Size([64, 800, 64])
torch.Size([64, 800, 64])
torch.Size([64, 800, 64])
torch.Size([64, 800, 64])
torch.Size([64, 800, 64])
torch.Size([64, 800, 64])
torch.Size([64, 800, 64])
torch.Size([64, 800, 64])
torch.Size([64, 800, 64])
torch.Size([64, 800, 64])
torch.Size([64, 800, 64])
torch.Size([64, 800, 64])
torch.Size([64, 800, 64])
torch.Size([64, 800, 64])
torch.Size([64, 800, 64])
torch.Size([64, 800, 64])
torch.Size([64, 800, 64])
torch.Size([64, 800, 64])
torch.Size([64, 800, 64])
torch.Size([64, 800, 64])
torch.Size([64, 800, 64])
torch.Size([64, 800, 64])
torch.Size([64, 800, 64])
torch.Size([64, 800, 64])
torch.Size([64, 800, 64])
torch.Size([64, 800, 64])
torch.Size([64, 800, 64])
torch.Size([64, 800, 64])
torch.Size([64, 800, 64])
torch.Size([64, 800, 64])
torch.Size([64, 800, 64])
torch.Size([64, 800, 64])
torch.Size([64, 800, 64])
torch.Size([64, 800, 64])
torch.Size([64, 800, 64])
torch.Size([30, 800, 64])
Epoch: 9 cost time: 3.7013251781463623
torch.Size([64, 800, 64])
torch.Size([64, 800, 64])
torch.Size([64, 800, 64])
torch.Size([64, 800, 64])
torch.Size([64, 800, 64])
torch.Size([64, 800, 64])
torch.Size([64, 800, 64])
torch.Size([64, 800, 64])
torch.Size([64, 800, 64])
torch.Size([64, 800, 64])
torch.Size([64, 800, 64])
torch.Size([64, 800, 64])
torch.Size([64, 800, 64])
torch.Size([64, 800, 64])
torch.Size([64, 800, 64])
torch.Size([64, 800, 64])
torch.Size([64, 800, 64])
torch.Size([64, 800, 64])
torch.Size([64, 800, 64])
torch.Size([64, 800, 64])
torch.Size([64, 800, 64])
torch.Size([64, 800, 64])
torch.Size([64, 800, 64])
torch.Size([64, 800, 64])
torch.Size([64, 800, 64])
torch.Size([64, 800, 64])
torch.Size([64, 800, 64])
torch.Size([64, 800, 64])
torch.Size([64, 800, 64])
torch.Size([64, 800, 64])
torch.Size([64, 800, 64])
torch.Size([64, 800, 64])
torch.Size([64, 800, 64])
torch.Size([64, 800, 64])
torch.Size([64, 800, 64])
torch.Size([64, 800, 64])
torch.Size([64, 800, 64])
torch.Size([64, 800, 64])
torch.Size([64, 800, 64])
torch.Size([64, 800, 64])
torch.Size([64, 800, 64])
torch.Size([64, 800, 64])
torch.Size([64, 800, 64])
torch.Size([64, 800, 64])
torch.Size([64, 800, 64])
torch.Size([64, 800, 64])
torch.Size([7, 800, 64])
torch.Size([64, 800, 64])
torch.Size([64, 800, 64])
torch.Size([64, 800, 64])
torch.Size([64, 800, 64])
torch.Size([64, 800, 64])
torch.Size([64, 800, 64])
torch.Size([64, 800, 64])
torch.Size([64, 800, 64])
torch.Size([64, 800, 64])
torch.Size([64, 800, 64])
torch.Size([64, 800, 64])
torch.Size([64, 800, 64])
torch.Size([64, 800, 64])
torch.Size([64, 800, 64])
torch.Size([64, 800, 64])
torch.Size([64, 800, 64])
torch.Size([64, 800, 64])
torch.Size([64, 800, 64])
torch.Size([64, 800, 64])
torch.Size([64, 800, 64])
torch.Size([64, 800, 64])
torch.Size([64, 800, 64])
torch.Size([64, 800, 64])
torch.Size([64, 800, 64])
torch.Size([64, 800, 64])
torch.Size([64, 800, 64])
torch.Size([64, 800, 64])
torch.Size([64, 800, 64])
torch.Size([64, 800, 64])
torch.Size([64, 800, 64])
torch.Size([64, 800, 64])
torch.Size([64, 800, 64])
torch.Size([64, 800, 64])
torch.Size([64, 800, 64])
torch.Size([64, 800, 64])
torch.Size([64, 800, 64])
torch.Size([64, 800, 64])
torch.Size([64, 800, 64])
torch.Size([64, 800, 64])
torch.Size([64, 800, 64])
torch.Size([64, 800, 64])
torch.Size([64, 800, 64])
torch.Size([64, 800, 64])
torch.Size([64, 800, 64])
torch.Size([64, 800, 64])
torch.Size([64, 800, 64])
torch.Size([8, 800, 64])
Epoch: 9, Steps: 62, | Train Loss: 1.04048
Validation results --- Loss: 1.07773, Accuracy: 0.55337, Precision: 0.55414, Recall: 0.55318, F1: 0.55209, AUROC: 0.79126, AUPRC: 0.58918
Test results --- Loss: 1.09239, Accuracy: 0.54031, Precision: 0.54413, Recall: 0.54018 F1: 0.54132, AUROC: 0.78871, AUPRC: 0.59951
EarlyStopping counter: 4 out of 10
Updating learning rate to 0.00026406089484000466
torch.Size([64, 800, 64])
torch.Size([64, 800, 64])
torch.Size([64, 800, 64])
torch.Size([64, 800, 64])
torch.Size([64, 800, 64])
torch.Size([64, 800, 64])
torch.Size([64, 800, 64])
torch.Size([64, 800, 64])
torch.Size([64, 800, 64])
torch.Size([64, 800, 64])
torch.Size([64, 800, 64])
torch.Size([64, 800, 64])
torch.Size([64, 800, 64])
torch.Size([64, 800, 64])
torch.Size([64, 800, 64])
torch.Size([64, 800, 64])
torch.Size([64, 800, 64])
torch.Size([64, 800, 64])
torch.Size([64, 800, 64])
torch.Size([64, 800, 64])
torch.Size([64, 800, 64])
torch.Size([64, 800, 64])
torch.Size([64, 800, 64])
torch.Size([64, 800, 64])
torch.Size([64, 800, 64])
torch.Size([64, 800, 64])
torch.Size([64, 800, 64])
torch.Size([64, 800, 64])
torch.Size([64, 800, 64])
torch.Size([64, 800, 64])
torch.Size([64, 800, 64])
torch.Size([64, 800, 64])
torch.Size([64, 800, 64])
torch.Size([64, 800, 64])
torch.Size([64, 800, 64])
torch.Size([64, 800, 64])
torch.Size([64, 800, 64])
torch.Size([64, 800, 64])
torch.Size([64, 800, 64])
torch.Size([64, 800, 64])
torch.Size([64, 800, 64])
torch.Size([64, 800, 64])
torch.Size([64, 800, 64])
torch.Size([64, 800, 64])
torch.Size([64, 800, 64])
torch.Size([64, 800, 64])
torch.Size([64, 800, 64])
torch.Size([64, 800, 64])
torch.Size([64, 800, 64])
torch.Size([64, 800, 64])
torch.Size([64, 800, 64])
torch.Size([64, 800, 64])
torch.Size([64, 800, 64])
torch.Size([64, 800, 64])
torch.Size([64, 800, 64])
torch.Size([64, 800, 64])
torch.Size([64, 800, 64])
torch.Size([64, 800, 64])
torch.Size([64, 800, 64])
torch.Size([64, 800, 64])
torch.Size([64, 800, 64])
torch.Size([30, 800, 64])
Epoch: 10 cost time: 3.702101945877075
torch.Size([64, 800, 64])
torch.Size([64, 800, 64])
torch.Size([64, 800, 64])
torch.Size([64, 800, 64])
torch.Size([64, 800, 64])
torch.Size([64, 800, 64])
torch.Size([64, 800, 64])
torch.Size([64, 800, 64])
torch.Size([64, 800, 64])
torch.Size([64, 800, 64])
torch.Size([64, 800, 64])
torch.Size([64, 800, 64])
torch.Size([64, 800, 64])
torch.Size([64, 800, 64])
torch.Size([64, 800, 64])
torch.Size([64, 800, 64])
torch.Size([64, 800, 64])
torch.Size([64, 800, 64])
torch.Size([64, 800, 64])
torch.Size([64, 800, 64])
torch.Size([64, 800, 64])
torch.Size([64, 800, 64])
torch.Size([64, 800, 64])
torch.Size([64, 800, 64])
torch.Size([64, 800, 64])
torch.Size([64, 800, 64])
torch.Size([64, 800, 64])
torch.Size([64, 800, 64])
torch.Size([64, 800, 64])
torch.Size([64, 800, 64])
torch.Size([64, 800, 64])
torch.Size([64, 800, 64])
torch.Size([64, 800, 64])
torch.Size([64, 800, 64])
torch.Size([64, 800, 64])
torch.Size([64, 800, 64])
torch.Size([64, 800, 64])
torch.Size([64, 800, 64])
torch.Size([64, 800, 64])
torch.Size([64, 800, 64])
torch.Size([64, 800, 64])
torch.Size([64, 800, 64])
torch.Size([64, 800, 64])
torch.Size([64, 800, 64])
torch.Size([64, 800, 64])
torch.Size([64, 800, 64])
torch.Size([7, 800, 64])
torch.Size([64, 800, 64])
torch.Size([64, 800, 64])
torch.Size([64, 800, 64])
torch.Size([64, 800, 64])
torch.Size([64, 800, 64])
torch.Size([64, 800, 64])
torch.Size([64, 800, 64])
torch.Size([64, 800, 64])
torch.Size([64, 800, 64])
torch.Size([64, 800, 64])
torch.Size([64, 800, 64])
torch.Size([64, 800, 64])
torch.Size([64, 800, 64])
torch.Size([64, 800, 64])
torch.Size([64, 800, 64])
torch.Size([64, 800, 64])
torch.Size([64, 800, 64])
torch.Size([64, 800, 64])
torch.Size([64, 800, 64])
torch.Size([64, 800, 64])
torch.Size([64, 800, 64])
torch.Size([64, 800, 64])
torch.Size([64, 800, 64])
torch.Size([64, 800, 64])
torch.Size([64, 800, 64])
torch.Size([64, 800, 64])
torch.Size([64, 800, 64])
torch.Size([64, 800, 64])
torch.Size([64, 800, 64])
torch.Size([64, 800, 64])
torch.Size([64, 800, 64])
torch.Size([64, 800, 64])
torch.Size([64, 800, 64])
torch.Size([64, 800, 64])
torch.Size([64, 800, 64])
torch.Size([64, 800, 64])
torch.Size([64, 800, 64])
torch.Size([64, 800, 64])
torch.Size([64, 800, 64])
torch.Size([64, 800, 64])
torch.Size([64, 800, 64])
torch.Size([64, 800, 64])
torch.Size([64, 800, 64])
torch.Size([64, 800, 64])
torch.Size([64, 800, 64])
torch.Size([64, 800, 64])
torch.Size([8, 800, 64])
Epoch: 10, Steps: 62, | Train Loss: 1.03596
Validation results --- Loss: 1.06870, Accuracy: 0.56015, Precision: 0.56720, Recall: 0.56011, F1: 0.56281, AUROC: 0.79245, AUPRC: 0.59625
Test results --- Loss: 1.08122, Accuracy: 0.55556, Precision: 0.56890, Recall: 0.55553 F1: 0.55969, AUROC: 0.79113, AUPRC: 0.60565
Metric score decreased (-0.560119 --> -0.562809).  Saving model ...

Updating learning rate to 0.00025606601717798207
torch.Size([64, 800, 64])
torch.Size([64, 800, 64])
torch.Size([64, 800, 64])
torch.Size([64, 800, 64])
torch.Size([64, 800, 64])
torch.Size([64, 800, 64])
torch.Size([64, 800, 64])
torch.Size([64, 800, 64])
torch.Size([64, 800, 64])
torch.Size([64, 800, 64])
torch.Size([64, 800, 64])
torch.Size([64, 800, 64])
torch.Size([64, 800, 64])
torch.Size([64, 800, 64])
torch.Size([64, 800, 64])
torch.Size([64, 800, 64])
torch.Size([64, 800, 64])
torch.Size([64, 800, 64])
torch.Size([64, 800, 64])
torch.Size([64, 800, 64])
torch.Size([64, 800, 64])
torch.Size([64, 800, 64])
torch.Size([64, 800, 64])
torch.Size([64, 800, 64])
torch.Size([64, 800, 64])
torch.Size([64, 800, 64])
torch.Size([64, 800, 64])
torch.Size([64, 800, 64])
torch.Size([64, 800, 64])
torch.Size([64, 800, 64])
torch.Size([64, 800, 64])
torch.Size([64, 800, 64])
torch.Size([64, 800, 64])
torch.Size([64, 800, 64])
torch.Size([64, 800, 64])
torch.Size([64, 800, 64])
torch.Size([64, 800, 64])
torch.Size([64, 800, 64])
torch.Size([64, 800, 64])
torch.Size([64, 800, 64])
torch.Size([64, 800, 64])
torch.Size([64, 800, 64])
torch.Size([64, 800, 64])
torch.Size([64, 800, 64])
torch.Size([64, 800, 64])
torch.Size([64, 800, 64])
torch.Size([64, 800, 64])
torch.Size([64, 800, 64])
torch.Size([64, 800, 64])
torch.Size([64, 800, 64])
torch.Size([64, 800, 64])
torch.Size([64, 800, 64])
torch.Size([64, 800, 64])
torch.Size([64, 800, 64])
torch.Size([64, 800, 64])
torch.Size([64, 800, 64])
torch.Size([64, 800, 64])
torch.Size([64, 800, 64])
torch.Size([64, 800, 64])
torch.Size([64, 800, 64])
torch.Size([64, 800, 64])
torch.Size([30, 800, 64])
Epoch: 11 cost time: 3.7048261165618896
torch.Size([64, 800, 64])
torch.Size([64, 800, 64])
torch.Size([64, 800, 64])
torch.Size([64, 800, 64])
torch.Size([64, 800, 64])
torch.Size([64, 800, 64])
torch.Size([64, 800, 64])
torch.Size([64, 800, 64])
torch.Size([64, 800, 64])
torch.Size([64, 800, 64])
torch.Size([64, 800, 64])
torch.Size([64, 800, 64])
torch.Size([64, 800, 64])
torch.Size([64, 800, 64])
torch.Size([64, 800, 64])
torch.Size([64, 800, 64])
torch.Size([64, 800, 64])
torch.Size([64, 800, 64])
torch.Size([64, 800, 64])
torch.Size([64, 800, 64])
torch.Size([64, 800, 64])
torch.Size([64, 800, 64])
torch.Size([64, 800, 64])
torch.Size([64, 800, 64])
torch.Size([64, 800, 64])
torch.Size([64, 800, 64])
torch.Size([64, 800, 64])
torch.Size([64, 800, 64])
torch.Size([64, 800, 64])
torch.Size([64, 800, 64])
torch.Size([64, 800, 64])
torch.Size([64, 800, 64])
torch.Size([64, 800, 64])
torch.Size([64, 800, 64])
torch.Size([64, 800, 64])
torch.Size([64, 800, 64])
torch.Size([64, 800, 64])
torch.Size([64, 800, 64])
torch.Size([64, 800, 64])
torch.Size([64, 800, 64])
torch.Size([64, 800, 64])
torch.Size([64, 800, 64])
torch.Size([64, 800, 64])
torch.Size([64, 800, 64])
torch.Size([64, 800, 64])
torch.Size([64, 800, 64])
torch.Size([7, 800, 64])
torch.Size([64, 800, 64])
torch.Size([64, 800, 64])
torch.Size([64, 800, 64])
torch.Size([64, 800, 64])
torch.Size([64, 800, 64])
torch.Size([64, 800, 64])
torch.Size([64, 800, 64])
torch.Size([64, 800, 64])
torch.Size([64, 800, 64])
torch.Size([64, 800, 64])
torch.Size([64, 800, 64])
torch.Size([64, 800, 64])
torch.Size([64, 800, 64])
torch.Size([64, 800, 64])
torch.Size([64, 800, 64])
torch.Size([64, 800, 64])
torch.Size([64, 800, 64])
torch.Size([64, 800, 64])
torch.Size([64, 800, 64])
torch.Size([64, 800, 64])
torch.Size([64, 800, 64])
torch.Size([64, 800, 64])
torch.Size([64, 800, 64])
torch.Size([64, 800, 64])
torch.Size([64, 800, 64])
torch.Size([64, 800, 64])
torch.Size([64, 800, 64])
torch.Size([64, 800, 64])
torch.Size([64, 800, 64])
torch.Size([64, 800, 64])
torch.Size([64, 800, 64])
torch.Size([64, 800, 64])
torch.Size([64, 800, 64])
torch.Size([64, 800, 64])
torch.Size([64, 800, 64])
torch.Size([64, 800, 64])
torch.Size([64, 800, 64])
torch.Size([64, 800, 64])
torch.Size([64, 800, 64])
torch.Size([64, 800, 64])
torch.Size([64, 800, 64])
torch.Size([64, 800, 64])
torch.Size([64, 800, 64])
torch.Size([64, 800, 64])
torch.Size([64, 800, 64])
torch.Size([64, 800, 64])
torch.Size([8, 800, 64])
Epoch: 11, Steps: 62, | Train Loss: 1.03458
Validation results --- Loss: 1.07297, Accuracy: 0.55913, Precision: 0.55507, Recall: 0.55895, F1: 0.55621, AUROC: 0.79337, AUPRC: 0.59601
Test results --- Loss: 1.08401, Accuracy: 0.55318, Precision: 0.55341, Recall: 0.55306 F1: 0.55245, AUROC: 0.79171, AUPRC: 0.60512
EarlyStopping counter: 1 out of 10
Updating learning rate to 0.0002474172072495275
torch.Size([64, 800, 64])
torch.Size([64, 800, 64])
torch.Size([64, 800, 64])
torch.Size([64, 800, 64])
torch.Size([64, 800, 64])
torch.Size([64, 800, 64])
torch.Size([64, 800, 64])
torch.Size([64, 800, 64])
torch.Size([64, 800, 64])
torch.Size([64, 800, 64])
torch.Size([64, 800, 64])
torch.Size([64, 800, 64])
torch.Size([64, 800, 64])
torch.Size([64, 800, 64])
torch.Size([64, 800, 64])
torch.Size([64, 800, 64])
torch.Size([64, 800, 64])
torch.Size([64, 800, 64])
torch.Size([64, 800, 64])
torch.Size([64, 800, 64])
torch.Size([64, 800, 64])
torch.Size([64, 800, 64])
torch.Size([64, 800, 64])
torch.Size([64, 800, 64])
torch.Size([64, 800, 64])
torch.Size([64, 800, 64])
torch.Size([64, 800, 64])
torch.Size([64, 800, 64])
torch.Size([64, 800, 64])
torch.Size([64, 800, 64])
torch.Size([64, 800, 64])
torch.Size([64, 800, 64])
torch.Size([64, 800, 64])
torch.Size([64, 800, 64])
torch.Size([64, 800, 64])
torch.Size([64, 800, 64])
torch.Size([64, 800, 64])
torch.Size([64, 800, 64])
torch.Size([64, 800, 64])
torch.Size([64, 800, 64])
torch.Size([64, 800, 64])
torch.Size([64, 800, 64])
torch.Size([64, 800, 64])
torch.Size([64, 800, 64])
torch.Size([64, 800, 64])
torch.Size([64, 800, 64])
torch.Size([64, 800, 64])
torch.Size([64, 800, 64])
torch.Size([64, 800, 64])
torch.Size([64, 800, 64])
torch.Size([64, 800, 64])
torch.Size([64, 800, 64])
torch.Size([64, 800, 64])
torch.Size([64, 800, 64])
torch.Size([64, 800, 64])
torch.Size([64, 800, 64])
torch.Size([64, 800, 64])
torch.Size([64, 800, 64])
torch.Size([64, 800, 64])
torch.Size([64, 800, 64])
torch.Size([64, 800, 64])
torch.Size([30, 800, 64])
Epoch: 12 cost time: 3.7047269344329834
torch.Size([64, 800, 64])
torch.Size([64, 800, 64])
torch.Size([64, 800, 64])
torch.Size([64, 800, 64])
torch.Size([64, 800, 64])
torch.Size([64, 800, 64])
torch.Size([64, 800, 64])
torch.Size([64, 800, 64])
torch.Size([64, 800, 64])
torch.Size([64, 800, 64])
torch.Size([64, 800, 64])
torch.Size([64, 800, 64])
torch.Size([64, 800, 64])
torch.Size([64, 800, 64])
torch.Size([64, 800, 64])
torch.Size([64, 800, 64])
torch.Size([64, 800, 64])
torch.Size([64, 800, 64])
torch.Size([64, 800, 64])
torch.Size([64, 800, 64])
torch.Size([64, 800, 64])
torch.Size([64, 800, 64])
torch.Size([64, 800, 64])
torch.Size([64, 800, 64])
torch.Size([64, 800, 64])
torch.Size([64, 800, 64])
torch.Size([64, 800, 64])
torch.Size([64, 800, 64])
torch.Size([64, 800, 64])
torch.Size([64, 800, 64])
torch.Size([64, 800, 64])
torch.Size([64, 800, 64])
torch.Size([64, 800, 64])
torch.Size([64, 800, 64])
torch.Size([64, 800, 64])
torch.Size([64, 800, 64])
torch.Size([64, 800, 64])
torch.Size([64, 800, 64])
torch.Size([64, 800, 64])
torch.Size([64, 800, 64])
torch.Size([64, 800, 64])
torch.Size([64, 800, 64])
torch.Size([64, 800, 64])
torch.Size([64, 800, 64])
torch.Size([64, 800, 64])
torch.Size([64, 800, 64])
torch.Size([7, 800, 64])
torch.Size([64, 800, 64])
torch.Size([64, 800, 64])
torch.Size([64, 800, 64])
torch.Size([64, 800, 64])
torch.Size([64, 800, 64])
torch.Size([64, 800, 64])
torch.Size([64, 800, 64])
torch.Size([64, 800, 64])
torch.Size([64, 800, 64])
torch.Size([64, 800, 64])
torch.Size([64, 800, 64])
torch.Size([64, 800, 64])
torch.Size([64, 800, 64])
torch.Size([64, 800, 64])
torch.Size([64, 800, 64])
torch.Size([64, 800, 64])
torch.Size([64, 800, 64])
torch.Size([64, 800, 64])
torch.Size([64, 800, 64])
torch.Size([64, 800, 64])
torch.Size([64, 800, 64])
torch.Size([64, 800, 64])
torch.Size([64, 800, 64])
torch.Size([64, 800, 64])
torch.Size([64, 800, 64])
torch.Size([64, 800, 64])
torch.Size([64, 800, 64])
torch.Size([64, 800, 64])
torch.Size([64, 800, 64])
torch.Size([64, 800, 64])
torch.Size([64, 800, 64])
torch.Size([64, 800, 64])
torch.Size([64, 800, 64])
torch.Size([64, 800, 64])
torch.Size([64, 800, 64])
torch.Size([64, 800, 64])
torch.Size([64, 800, 64])
torch.Size([64, 800, 64])
torch.Size([64, 800, 64])
torch.Size([64, 800, 64])
torch.Size([64, 800, 64])
torch.Size([64, 800, 64])
torch.Size([64, 800, 64])
torch.Size([64, 800, 64])
torch.Size([64, 800, 64])
torch.Size([64, 800, 64])
torch.Size([8, 800, 64])
Epoch: 12, Steps: 62, | Train Loss: 1.03128
Validation results --- Loss: 1.07391, Accuracy: 0.56388, Precision: 0.56686, Recall: 0.56375, F1: 0.56490, AUROC: 0.79221, AUPRC: 0.59521
Test results --- Loss: 1.08489, Accuracy: 0.55251, Precision: 0.55963, Recall: 0.55243 F1: 0.55517, AUROC: 0.79089, AUPRC: 0.60497
Metric score decreased (-0.562809 --> -0.564903).  Saving model ...

Updating learning rate to 0.00023816778784387094
torch.Size([64, 800, 64])
torch.Size([64, 800, 64])
torch.Size([64, 800, 64])
torch.Size([64, 800, 64])
torch.Size([64, 800, 64])
torch.Size([64, 800, 64])
torch.Size([64, 800, 64])
torch.Size([64, 800, 64])
torch.Size([64, 800, 64])
torch.Size([64, 800, 64])
torch.Size([64, 800, 64])
torch.Size([64, 800, 64])
torch.Size([64, 800, 64])
torch.Size([64, 800, 64])
torch.Size([64, 800, 64])
torch.Size([64, 800, 64])
torch.Size([64, 800, 64])
torch.Size([64, 800, 64])
torch.Size([64, 800, 64])
torch.Size([64, 800, 64])
torch.Size([64, 800, 64])
torch.Size([64, 800, 64])
torch.Size([64, 800, 64])
torch.Size([64, 800, 64])
torch.Size([64, 800, 64])
torch.Size([64, 800, 64])
torch.Size([64, 800, 64])
torch.Size([64, 800, 64])
torch.Size([64, 800, 64])
torch.Size([64, 800, 64])
torch.Size([64, 800, 64])
torch.Size([64, 800, 64])
torch.Size([64, 800, 64])
torch.Size([64, 800, 64])
torch.Size([64, 800, 64])
torch.Size([64, 800, 64])
torch.Size([64, 800, 64])
torch.Size([64, 800, 64])
torch.Size([64, 800, 64])
torch.Size([64, 800, 64])
torch.Size([64, 800, 64])
torch.Size([64, 800, 64])
torch.Size([64, 800, 64])
torch.Size([64, 800, 64])
torch.Size([64, 800, 64])
torch.Size([64, 800, 64])
torch.Size([64, 800, 64])
torch.Size([64, 800, 64])
torch.Size([64, 800, 64])
torch.Size([64, 800, 64])
torch.Size([64, 800, 64])
torch.Size([64, 800, 64])
torch.Size([64, 800, 64])
torch.Size([64, 800, 64])
torch.Size([64, 800, 64])
torch.Size([64, 800, 64])
torch.Size([64, 800, 64])
torch.Size([64, 800, 64])
torch.Size([64, 800, 64])
torch.Size([64, 800, 64])
torch.Size([64, 800, 64])
torch.Size([30, 800, 64])
Epoch: 13 cost time: 3.7042784690856934
torch.Size([64, 800, 64])
torch.Size([64, 800, 64])
torch.Size([64, 800, 64])
torch.Size([64, 800, 64])
torch.Size([64, 800, 64])
torch.Size([64, 800, 64])
torch.Size([64, 800, 64])
torch.Size([64, 800, 64])
torch.Size([64, 800, 64])
torch.Size([64, 800, 64])
torch.Size([64, 800, 64])
torch.Size([64, 800, 64])
torch.Size([64, 800, 64])
torch.Size([64, 800, 64])
torch.Size([64, 800, 64])
torch.Size([64, 800, 64])
torch.Size([64, 800, 64])
torch.Size([64, 800, 64])
torch.Size([64, 800, 64])
torch.Size([64, 800, 64])
torch.Size([64, 800, 64])
torch.Size([64, 800, 64])
torch.Size([64, 800, 64])
torch.Size([64, 800, 64])
torch.Size([64, 800, 64])
torch.Size([64, 800, 64])
torch.Size([64, 800, 64])
torch.Size([64, 800, 64])
torch.Size([64, 800, 64])
torch.Size([64, 800, 64])
torch.Size([64, 800, 64])
torch.Size([64, 800, 64])
torch.Size([64, 800, 64])
torch.Size([64, 800, 64])
torch.Size([64, 800, 64])
torch.Size([64, 800, 64])
torch.Size([64, 800, 64])
torch.Size([64, 800, 64])
torch.Size([64, 800, 64])
torch.Size([64, 800, 64])
torch.Size([64, 800, 64])
torch.Size([64, 800, 64])
torch.Size([64, 800, 64])
torch.Size([64, 800, 64])
torch.Size([64, 800, 64])
torch.Size([64, 800, 64])
torch.Size([7, 800, 64])
torch.Size([64, 800, 64])
torch.Size([64, 800, 64])
torch.Size([64, 800, 64])
torch.Size([64, 800, 64])
torch.Size([64, 800, 64])
torch.Size([64, 800, 64])
torch.Size([64, 800, 64])
torch.Size([64, 800, 64])
torch.Size([64, 800, 64])
torch.Size([64, 800, 64])
torch.Size([64, 800, 64])
torch.Size([64, 800, 64])
torch.Size([64, 800, 64])
torch.Size([64, 800, 64])
torch.Size([64, 800, 64])
torch.Size([64, 800, 64])
torch.Size([64, 800, 64])
torch.Size([64, 800, 64])
torch.Size([64, 800, 64])
torch.Size([64, 800, 64])
torch.Size([64, 800, 64])
torch.Size([64, 800, 64])
torch.Size([64, 800, 64])
torch.Size([64, 800, 64])
torch.Size([64, 800, 64])
torch.Size([64, 800, 64])
torch.Size([64, 800, 64])
torch.Size([64, 800, 64])
torch.Size([64, 800, 64])
torch.Size([64, 800, 64])
torch.Size([64, 800, 64])
torch.Size([64, 800, 64])
torch.Size([64, 800, 64])
torch.Size([64, 800, 64])
torch.Size([64, 800, 64])
torch.Size([64, 800, 64])
torch.Size([64, 800, 64])
torch.Size([64, 800, 64])
torch.Size([64, 800, 64])
torch.Size([64, 800, 64])
torch.Size([64, 800, 64])
torch.Size([64, 800, 64])
torch.Size([64, 800, 64])
torch.Size([64, 800, 64])
torch.Size([64, 800, 64])
torch.Size([64, 800, 64])
torch.Size([8, 800, 64])
Epoch: 13, Steps: 62, | Train Loss: 1.02796
Validation results --- Loss: 1.07188, Accuracy: 0.55744, Precision: 0.55422, Recall: 0.55725, F1: 0.55507, AUROC: 0.79252, AUPRC: 0.59581
Test results --- Loss: 1.08108, Accuracy: 0.54743, Precision: 0.54952, Recall: 0.54729 F1: 0.54736, AUROC: 0.79194, AUPRC: 0.60628
EarlyStopping counter: 1 out of 10
Updating learning rate to 0.0002283747847073923
torch.Size([64, 800, 64])
torch.Size([64, 800, 64])
torch.Size([64, 800, 64])
torch.Size([64, 800, 64])
torch.Size([64, 800, 64])
torch.Size([64, 800, 64])
torch.Size([64, 800, 64])
torch.Size([64, 800, 64])
torch.Size([64, 800, 64])
torch.Size([64, 800, 64])
torch.Size([64, 800, 64])
torch.Size([64, 800, 64])
torch.Size([64, 800, 64])
torch.Size([64, 800, 64])
torch.Size([64, 800, 64])
torch.Size([64, 800, 64])
torch.Size([64, 800, 64])
torch.Size([64, 800, 64])
torch.Size([64, 800, 64])
torch.Size([64, 800, 64])
torch.Size([64, 800, 64])
torch.Size([64, 800, 64])
torch.Size([64, 800, 64])
torch.Size([64, 800, 64])
torch.Size([64, 800, 64])
torch.Size([64, 800, 64])
torch.Size([64, 800, 64])
torch.Size([64, 800, 64])
torch.Size([64, 800, 64])
torch.Size([64, 800, 64])
torch.Size([64, 800, 64])
torch.Size([64, 800, 64])
torch.Size([64, 800, 64])
torch.Size([64, 800, 64])
torch.Size([64, 800, 64])
torch.Size([64, 800, 64])
torch.Size([64, 800, 64])
torch.Size([64, 800, 64])
torch.Size([64, 800, 64])
torch.Size([64, 800, 64])
torch.Size([64, 800, 64])
torch.Size([64, 800, 64])
torch.Size([64, 800, 64])
torch.Size([64, 800, 64])
torch.Size([64, 800, 64])
torch.Size([64, 800, 64])
torch.Size([64, 800, 64])
torch.Size([64, 800, 64])
torch.Size([64, 800, 64])
torch.Size([64, 800, 64])
torch.Size([64, 800, 64])
torch.Size([64, 800, 64])
torch.Size([64, 800, 64])
torch.Size([64, 800, 64])
torch.Size([64, 800, 64])
torch.Size([64, 800, 64])
torch.Size([64, 800, 64])
torch.Size([64, 800, 64])
torch.Size([64, 800, 64])
torch.Size([64, 800, 64])
torch.Size([64, 800, 64])
torch.Size([30, 800, 64])
Epoch: 14 cost time: 3.6946239471435547
torch.Size([64, 800, 64])
torch.Size([64, 800, 64])
torch.Size([64, 800, 64])
torch.Size([64, 800, 64])
torch.Size([64, 800, 64])
torch.Size([64, 800, 64])
torch.Size([64, 800, 64])
torch.Size([64, 800, 64])
torch.Size([64, 800, 64])
torch.Size([64, 800, 64])
torch.Size([64, 800, 64])
torch.Size([64, 800, 64])
torch.Size([64, 800, 64])
torch.Size([64, 800, 64])
torch.Size([64, 800, 64])
torch.Size([64, 800, 64])
torch.Size([64, 800, 64])
torch.Size([64, 800, 64])
torch.Size([64, 800, 64])
torch.Size([64, 800, 64])
torch.Size([64, 800, 64])
torch.Size([64, 800, 64])
torch.Size([64, 800, 64])
torch.Size([64, 800, 64])
torch.Size([64, 800, 64])
torch.Size([64, 800, 64])
torch.Size([64, 800, 64])
torch.Size([64, 800, 64])
torch.Size([64, 800, 64])
torch.Size([64, 800, 64])
torch.Size([64, 800, 64])
torch.Size([64, 800, 64])
torch.Size([64, 800, 64])
torch.Size([64, 800, 64])
torch.Size([64, 800, 64])
torch.Size([64, 800, 64])
torch.Size([64, 800, 64])
torch.Size([64, 800, 64])
torch.Size([64, 800, 64])
torch.Size([64, 800, 64])
torch.Size([64, 800, 64])
torch.Size([64, 800, 64])
torch.Size([64, 800, 64])
torch.Size([64, 800, 64])
torch.Size([64, 800, 64])
torch.Size([64, 800, 64])
torch.Size([7, 800, 64])
torch.Size([64, 800, 64])
torch.Size([64, 800, 64])
torch.Size([64, 800, 64])
torch.Size([64, 800, 64])
torch.Size([64, 800, 64])
torch.Size([64, 800, 64])
torch.Size([64, 800, 64])
torch.Size([64, 800, 64])
torch.Size([64, 800, 64])
torch.Size([64, 800, 64])
torch.Size([64, 800, 64])
torch.Size([64, 800, 64])
torch.Size([64, 800, 64])
torch.Size([64, 800, 64])
torch.Size([64, 800, 64])
torch.Size([64, 800, 64])
torch.Size([64, 800, 64])
torch.Size([64, 800, 64])
torch.Size([64, 800, 64])
torch.Size([64, 800, 64])
torch.Size([64, 800, 64])
torch.Size([64, 800, 64])
torch.Size([64, 800, 64])
torch.Size([64, 800, 64])
torch.Size([64, 800, 64])
torch.Size([64, 800, 64])
torch.Size([64, 800, 64])
torch.Size([64, 800, 64])
torch.Size([64, 800, 64])
torch.Size([64, 800, 64])
torch.Size([64, 800, 64])
torch.Size([64, 800, 64])
torch.Size([64, 800, 64])
torch.Size([64, 800, 64])
torch.Size([64, 800, 64])
torch.Size([64, 800, 64])
torch.Size([64, 800, 64])
torch.Size([64, 800, 64])
torch.Size([64, 800, 64])
torch.Size([64, 800, 64])
torch.Size([64, 800, 64])
torch.Size([64, 800, 64])
torch.Size([64, 800, 64])
torch.Size([64, 800, 64])
torch.Size([64, 800, 64])
torch.Size([64, 800, 64])
torch.Size([8, 800, 64])
Epoch: 14, Steps: 62, | Train Loss: 1.01796
Validation results --- Loss: 1.07155, Accuracy: 0.55676, Precision: 0.56729, Recall: 0.55665, F1: 0.56041, AUROC: 0.79084, AUPRC: 0.59353
Test results --- Loss: 1.08310, Accuracy: 0.55217, Precision: 0.57113, Recall: 0.55208 F1: 0.55743, AUROC: 0.79062, AUPRC: 0.60442
EarlyStopping counter: 2 out of 10
Updating learning rate to 0.00021809857496093199
torch.Size([64, 800, 64])
torch.Size([64, 800, 64])
torch.Size([64, 800, 64])
torch.Size([64, 800, 64])
torch.Size([64, 800, 64])
torch.Size([64, 800, 64])
torch.Size([64, 800, 64])
torch.Size([64, 800, 64])
torch.Size([64, 800, 64])
torch.Size([64, 800, 64])
torch.Size([64, 800, 64])
torch.Size([64, 800, 64])
torch.Size([64, 800, 64])
torch.Size([64, 800, 64])
torch.Size([64, 800, 64])
torch.Size([64, 800, 64])
torch.Size([64, 800, 64])
torch.Size([64, 800, 64])
torch.Size([64, 800, 64])
torch.Size([64, 800, 64])
torch.Size([64, 800, 64])
torch.Size([64, 800, 64])
torch.Size([64, 800, 64])
torch.Size([64, 800, 64])
torch.Size([64, 800, 64])
torch.Size([64, 800, 64])
torch.Size([64, 800, 64])
torch.Size([64, 800, 64])
torch.Size([64, 800, 64])
torch.Size([64, 800, 64])
torch.Size([64, 800, 64])
torch.Size([64, 800, 64])
torch.Size([64, 800, 64])
torch.Size([64, 800, 64])
torch.Size([64, 800, 64])
torch.Size([64, 800, 64])
torch.Size([64, 800, 64])
torch.Size([64, 800, 64])
torch.Size([64, 800, 64])
torch.Size([64, 800, 64])
torch.Size([64, 800, 64])
torch.Size([64, 800, 64])
torch.Size([64, 800, 64])
torch.Size([64, 800, 64])
torch.Size([64, 800, 64])
torch.Size([64, 800, 64])
torch.Size([64, 800, 64])
torch.Size([64, 800, 64])
torch.Size([64, 800, 64])
torch.Size([64, 800, 64])
torch.Size([64, 800, 64])
torch.Size([64, 800, 64])
torch.Size([64, 800, 64])
torch.Size([64, 800, 64])
torch.Size([64, 800, 64])
torch.Size([64, 800, 64])
torch.Size([64, 800, 64])
torch.Size([64, 800, 64])
torch.Size([64, 800, 64])
torch.Size([64, 800, 64])
torch.Size([64, 800, 64])
torch.Size([30, 800, 64])
Epoch: 15 cost time: 3.7091386318206787
torch.Size([64, 800, 64])
torch.Size([64, 800, 64])
torch.Size([64, 800, 64])
torch.Size([64, 800, 64])
torch.Size([64, 800, 64])
torch.Size([64, 800, 64])
torch.Size([64, 800, 64])
torch.Size([64, 800, 64])
torch.Size([64, 800, 64])
torch.Size([64, 800, 64])
torch.Size([64, 800, 64])
torch.Size([64, 800, 64])
torch.Size([64, 800, 64])
torch.Size([64, 800, 64])
torch.Size([64, 800, 64])
torch.Size([64, 800, 64])
torch.Size([64, 800, 64])
torch.Size([64, 800, 64])
torch.Size([64, 800, 64])
torch.Size([64, 800, 64])
torch.Size([64, 800, 64])
torch.Size([64, 800, 64])
torch.Size([64, 800, 64])
torch.Size([64, 800, 64])
torch.Size([64, 800, 64])
torch.Size([64, 800, 64])
torch.Size([64, 800, 64])
torch.Size([64, 800, 64])
torch.Size([64, 800, 64])
torch.Size([64, 800, 64])
torch.Size([64, 800, 64])
torch.Size([64, 800, 64])
torch.Size([64, 800, 64])
torch.Size([64, 800, 64])
torch.Size([64, 800, 64])
torch.Size([64, 800, 64])
torch.Size([64, 800, 64])
torch.Size([64, 800, 64])
torch.Size([64, 800, 64])
torch.Size([64, 800, 64])
torch.Size([64, 800, 64])
torch.Size([64, 800, 64])
torch.Size([64, 800, 64])
torch.Size([64, 800, 64])
torch.Size([64, 800, 64])
torch.Size([64, 800, 64])
torch.Size([7, 800, 64])
torch.Size([64, 800, 64])
torch.Size([64, 800, 64])
torch.Size([64, 800, 64])
torch.Size([64, 800, 64])
torch.Size([64, 800, 64])
torch.Size([64, 800, 64])
torch.Size([64, 800, 64])
torch.Size([64, 800, 64])
torch.Size([64, 800, 64])
torch.Size([64, 800, 64])
torch.Size([64, 800, 64])
torch.Size([64, 800, 64])
torch.Size([64, 800, 64])
torch.Size([64, 800, 64])
torch.Size([64, 800, 64])
torch.Size([64, 800, 64])
torch.Size([64, 800, 64])
torch.Size([64, 800, 64])
torch.Size([64, 800, 64])
torch.Size([64, 800, 64])
torch.Size([64, 800, 64])
torch.Size([64, 800, 64])
torch.Size([64, 800, 64])
torch.Size([64, 800, 64])
torch.Size([64, 800, 64])
torch.Size([64, 800, 64])
torch.Size([64, 800, 64])
torch.Size([64, 800, 64])
torch.Size([64, 800, 64])
torch.Size([64, 800, 64])
torch.Size([64, 800, 64])
torch.Size([64, 800, 64])
torch.Size([64, 800, 64])
torch.Size([64, 800, 64])
torch.Size([64, 800, 64])
torch.Size([64, 800, 64])
torch.Size([64, 800, 64])
torch.Size([64, 800, 64])
torch.Size([64, 800, 64])
torch.Size([64, 800, 64])
torch.Size([64, 800, 64])
torch.Size([64, 800, 64])
torch.Size([64, 800, 64])
torch.Size([64, 800, 64])
torch.Size([64, 800, 64])
torch.Size([64, 800, 64])
torch.Size([8, 800, 64])
Epoch: 15, Steps: 62, | Train Loss: 1.01475
Validation results --- Loss: 1.07477, Accuracy: 0.55812, Precision: 0.56169, Recall: 0.55792, F1: 0.55934, AUROC: 0.79132, AUPRC: 0.59433
Test results --- Loss: 1.08357, Accuracy: 0.55623, Precision: 0.56506, Recall: 0.55609 F1: 0.55903, AUROC: 0.79186, AUPRC: 0.60664
EarlyStopping counter: 3 out of 10
Updating learning rate to 0.00020740251485476345
torch.Size([64, 800, 64])
torch.Size([64, 800, 64])
torch.Size([64, 800, 64])
torch.Size([64, 800, 64])
torch.Size([64, 800, 64])
torch.Size([64, 800, 64])
torch.Size([64, 800, 64])
torch.Size([64, 800, 64])
torch.Size([64, 800, 64])
torch.Size([64, 800, 64])
torch.Size([64, 800, 64])
torch.Size([64, 800, 64])
torch.Size([64, 800, 64])
torch.Size([64, 800, 64])
torch.Size([64, 800, 64])
torch.Size([64, 800, 64])
torch.Size([64, 800, 64])
torch.Size([64, 800, 64])
torch.Size([64, 800, 64])
torch.Size([64, 800, 64])
torch.Size([64, 800, 64])
torch.Size([64, 800, 64])
torch.Size([64, 800, 64])
torch.Size([64, 800, 64])
torch.Size([64, 800, 64])
torch.Size([64, 800, 64])
torch.Size([64, 800, 64])
torch.Size([64, 800, 64])
torch.Size([64, 800, 64])
torch.Size([64, 800, 64])
torch.Size([64, 800, 64])
torch.Size([64, 800, 64])
torch.Size([64, 800, 64])
torch.Size([64, 800, 64])
torch.Size([64, 800, 64])
torch.Size([64, 800, 64])
torch.Size([64, 800, 64])
torch.Size([64, 800, 64])
torch.Size([64, 800, 64])
torch.Size([64, 800, 64])
torch.Size([64, 800, 64])
torch.Size([64, 800, 64])
torch.Size([64, 800, 64])
torch.Size([64, 800, 64])
torch.Size([64, 800, 64])
torch.Size([64, 800, 64])
torch.Size([64, 800, 64])
torch.Size([64, 800, 64])
torch.Size([64, 800, 64])
torch.Size([64, 800, 64])
torch.Size([64, 800, 64])
torch.Size([64, 800, 64])
torch.Size([64, 800, 64])
torch.Size([64, 800, 64])
torch.Size([64, 800, 64])
torch.Size([64, 800, 64])
torch.Size([64, 800, 64])
torch.Size([64, 800, 64])
torch.Size([64, 800, 64])
torch.Size([64, 800, 64])
torch.Size([64, 800, 64])
torch.Size([30, 800, 64])
Epoch: 16 cost time: 3.6925690174102783
torch.Size([64, 800, 64])
torch.Size([64, 800, 64])
torch.Size([64, 800, 64])
torch.Size([64, 800, 64])
torch.Size([64, 800, 64])
torch.Size([64, 800, 64])
torch.Size([64, 800, 64])
torch.Size([64, 800, 64])
torch.Size([64, 800, 64])
torch.Size([64, 800, 64])
torch.Size([64, 800, 64])
torch.Size([64, 800, 64])
torch.Size([64, 800, 64])
torch.Size([64, 800, 64])
torch.Size([64, 800, 64])
torch.Size([64, 800, 64])
torch.Size([64, 800, 64])
torch.Size([64, 800, 64])
torch.Size([64, 800, 64])
torch.Size([64, 800, 64])
torch.Size([64, 800, 64])
torch.Size([64, 800, 64])
torch.Size([64, 800, 64])
torch.Size([64, 800, 64])
torch.Size([64, 800, 64])
torch.Size([64, 800, 64])
torch.Size([64, 800, 64])
torch.Size([64, 800, 64])
torch.Size([64, 800, 64])
torch.Size([64, 800, 64])
torch.Size([64, 800, 64])
torch.Size([64, 800, 64])
torch.Size([64, 800, 64])
torch.Size([64, 800, 64])
torch.Size([64, 800, 64])
torch.Size([64, 800, 64])
torch.Size([64, 800, 64])
torch.Size([64, 800, 64])
torch.Size([64, 800, 64])
torch.Size([64, 800, 64])
torch.Size([64, 800, 64])
torch.Size([64, 800, 64])
torch.Size([64, 800, 64])
torch.Size([64, 800, 64])
torch.Size([64, 800, 64])
torch.Size([64, 800, 64])
torch.Size([7, 800, 64])
torch.Size([64, 800, 64])
torch.Size([64, 800, 64])
torch.Size([64, 800, 64])
torch.Size([64, 800, 64])
torch.Size([64, 800, 64])
torch.Size([64, 800, 64])
torch.Size([64, 800, 64])
torch.Size([64, 800, 64])
torch.Size([64, 800, 64])
torch.Size([64, 800, 64])
torch.Size([64, 800, 64])
torch.Size([64, 800, 64])
torch.Size([64, 800, 64])
torch.Size([64, 800, 64])
torch.Size([64, 800, 64])
torch.Size([64, 800, 64])
torch.Size([64, 800, 64])
torch.Size([64, 800, 64])
torch.Size([64, 800, 64])
torch.Size([64, 800, 64])
torch.Size([64, 800, 64])
torch.Size([64, 800, 64])
torch.Size([64, 800, 64])
torch.Size([64, 800, 64])
torch.Size([64, 800, 64])
torch.Size([64, 800, 64])
torch.Size([64, 800, 64])
torch.Size([64, 800, 64])
torch.Size([64, 800, 64])
torch.Size([64, 800, 64])
torch.Size([64, 800, 64])
torch.Size([64, 800, 64])
torch.Size([64, 800, 64])
torch.Size([64, 800, 64])
torch.Size([64, 800, 64])
torch.Size([64, 800, 64])
torch.Size([64, 800, 64])
torch.Size([64, 800, 64])
torch.Size([64, 800, 64])
torch.Size([64, 800, 64])
torch.Size([64, 800, 64])
torch.Size([64, 800, 64])
torch.Size([64, 800, 64])
torch.Size([64, 800, 64])
torch.Size([64, 800, 64])
torch.Size([64, 800, 64])
torch.Size([8, 800, 64])
Epoch: 16, Steps: 62, | Train Loss: 1.01062
Validation results --- Loss: 1.08412, Accuracy: 0.55710, Precision: 0.56286, Recall: 0.55689, F1: 0.55859, AUROC: 0.78866, AUPRC: 0.59295
Test results --- Loss: 1.08525, Accuracy: 0.55793, Precision: 0.57010, Recall: 0.55777 F1: 0.56140, AUROC: 0.79227, AUPRC: 0.60893
EarlyStopping counter: 4 out of 10
Updating learning rate to 0.0001963525491562421
torch.Size([64, 800, 64])
torch.Size([64, 800, 64])
torch.Size([64, 800, 64])
torch.Size([64, 800, 64])
torch.Size([64, 800, 64])
torch.Size([64, 800, 64])
torch.Size([64, 800, 64])
torch.Size([64, 800, 64])
torch.Size([64, 800, 64])
torch.Size([64, 800, 64])
torch.Size([64, 800, 64])
torch.Size([64, 800, 64])
torch.Size([64, 800, 64])
torch.Size([64, 800, 64])
torch.Size([64, 800, 64])
torch.Size([64, 800, 64])
torch.Size([64, 800, 64])
torch.Size([64, 800, 64])
torch.Size([64, 800, 64])
torch.Size([64, 800, 64])
torch.Size([64, 800, 64])
torch.Size([64, 800, 64])
torch.Size([64, 800, 64])
torch.Size([64, 800, 64])
torch.Size([64, 800, 64])
torch.Size([64, 800, 64])
torch.Size([64, 800, 64])
torch.Size([64, 800, 64])
torch.Size([64, 800, 64])
torch.Size([64, 800, 64])
torch.Size([64, 800, 64])
torch.Size([64, 800, 64])
torch.Size([64, 800, 64])
torch.Size([64, 800, 64])
torch.Size([64, 800, 64])
torch.Size([64, 800, 64])
torch.Size([64, 800, 64])
torch.Size([64, 800, 64])
torch.Size([64, 800, 64])
torch.Size([64, 800, 64])
torch.Size([64, 800, 64])
torch.Size([64, 800, 64])
torch.Size([64, 800, 64])
torch.Size([64, 800, 64])
torch.Size([64, 800, 64])
torch.Size([64, 800, 64])
torch.Size([64, 800, 64])
torch.Size([64, 800, 64])
torch.Size([64, 800, 64])
torch.Size([64, 800, 64])
torch.Size([64, 800, 64])
torch.Size([64, 800, 64])
torch.Size([64, 800, 64])
torch.Size([64, 800, 64])
torch.Size([64, 800, 64])
torch.Size([64, 800, 64])
torch.Size([64, 800, 64])
torch.Size([64, 800, 64])
torch.Size([64, 800, 64])
torch.Size([64, 800, 64])
torch.Size([64, 800, 64])
torch.Size([30, 800, 64])
Epoch: 17 cost time: 3.695585250854492
torch.Size([64, 800, 64])
torch.Size([64, 800, 64])
torch.Size([64, 800, 64])
torch.Size([64, 800, 64])
torch.Size([64, 800, 64])
torch.Size([64, 800, 64])
torch.Size([64, 800, 64])
torch.Size([64, 800, 64])
torch.Size([64, 800, 64])
torch.Size([64, 800, 64])
torch.Size([64, 800, 64])
torch.Size([64, 800, 64])
torch.Size([64, 800, 64])
torch.Size([64, 800, 64])
torch.Size([64, 800, 64])
torch.Size([64, 800, 64])
torch.Size([64, 800, 64])
torch.Size([64, 800, 64])
torch.Size([64, 800, 64])
torch.Size([64, 800, 64])
torch.Size([64, 800, 64])
torch.Size([64, 800, 64])
torch.Size([64, 800, 64])
torch.Size([64, 800, 64])
torch.Size([64, 800, 64])
torch.Size([64, 800, 64])
torch.Size([64, 800, 64])
torch.Size([64, 800, 64])
torch.Size([64, 800, 64])
torch.Size([64, 800, 64])
torch.Size([64, 800, 64])
torch.Size([64, 800, 64])
torch.Size([64, 800, 64])
torch.Size([64, 800, 64])
torch.Size([64, 800, 64])
torch.Size([64, 800, 64])
torch.Size([64, 800, 64])
torch.Size([64, 800, 64])
torch.Size([64, 800, 64])
torch.Size([64, 800, 64])
torch.Size([64, 800, 64])
torch.Size([64, 800, 64])
torch.Size([64, 800, 64])
torch.Size([64, 800, 64])
torch.Size([64, 800, 64])
torch.Size([64, 800, 64])
torch.Size([7, 800, 64])
torch.Size([64, 800, 64])
torch.Size([64, 800, 64])
torch.Size([64, 800, 64])
torch.Size([64, 800, 64])
torch.Size([64, 800, 64])
torch.Size([64, 800, 64])
torch.Size([64, 800, 64])
torch.Size([64, 800, 64])
torch.Size([64, 800, 64])
torch.Size([64, 800, 64])
torch.Size([64, 800, 64])
torch.Size([64, 800, 64])
torch.Size([64, 800, 64])
torch.Size([64, 800, 64])
torch.Size([64, 800, 64])
torch.Size([64, 800, 64])
torch.Size([64, 800, 64])
torch.Size([64, 800, 64])
torch.Size([64, 800, 64])
torch.Size([64, 800, 64])
torch.Size([64, 800, 64])
torch.Size([64, 800, 64])
torch.Size([64, 800, 64])
torch.Size([64, 800, 64])
torch.Size([64, 800, 64])
torch.Size([64, 800, 64])
torch.Size([64, 800, 64])
torch.Size([64, 800, 64])
torch.Size([64, 800, 64])
torch.Size([64, 800, 64])
torch.Size([64, 800, 64])
torch.Size([64, 800, 64])
torch.Size([64, 800, 64])
torch.Size([64, 800, 64])
torch.Size([64, 800, 64])
torch.Size([64, 800, 64])
torch.Size([64, 800, 64])
torch.Size([64, 800, 64])
torch.Size([64, 800, 64])
torch.Size([64, 800, 64])
torch.Size([64, 800, 64])
torch.Size([64, 800, 64])
torch.Size([64, 800, 64])
torch.Size([64, 800, 64])
torch.Size([64, 800, 64])
torch.Size([64, 800, 64])
torch.Size([8, 800, 64])
Epoch: 17, Steps: 62, | Train Loss: 1.00631
Validation results --- Loss: 1.08397, Accuracy: 0.55812, Precision: 0.56007, Recall: 0.55799, F1: 0.55810, AUROC: 0.78919, AUPRC: 0.59421
Test results --- Loss: 1.08561, Accuracy: 0.55318, Precision: 0.55917, Recall: 0.55316 F1: 0.55543, AUROC: 0.79199, AUPRC: 0.60800
EarlyStopping counter: 5 out of 10
Updating learning rate to 0.0001850168045783858
torch.Size([64, 800, 64])
torch.Size([64, 800, 64])
torch.Size([64, 800, 64])
torch.Size([64, 800, 64])
torch.Size([64, 800, 64])
torch.Size([64, 800, 64])
torch.Size([64, 800, 64])
torch.Size([64, 800, 64])
torch.Size([64, 800, 64])
torch.Size([64, 800, 64])
torch.Size([64, 800, 64])
torch.Size([64, 800, 64])
torch.Size([64, 800, 64])
torch.Size([64, 800, 64])
torch.Size([64, 800, 64])
torch.Size([64, 800, 64])
torch.Size([64, 800, 64])
torch.Size([64, 800, 64])
torch.Size([64, 800, 64])
torch.Size([64, 800, 64])
torch.Size([64, 800, 64])
torch.Size([64, 800, 64])
torch.Size([64, 800, 64])
torch.Size([64, 800, 64])
torch.Size([64, 800, 64])
torch.Size([64, 800, 64])
torch.Size([64, 800, 64])
torch.Size([64, 800, 64])
torch.Size([64, 800, 64])
torch.Size([64, 800, 64])
torch.Size([64, 800, 64])
torch.Size([64, 800, 64])
torch.Size([64, 800, 64])
torch.Size([64, 800, 64])
torch.Size([64, 800, 64])
torch.Size([64, 800, 64])
torch.Size([64, 800, 64])
torch.Size([64, 800, 64])
torch.Size([64, 800, 64])
torch.Size([64, 800, 64])
torch.Size([64, 800, 64])
torch.Size([64, 800, 64])
torch.Size([64, 800, 64])
torch.Size([64, 800, 64])
torch.Size([64, 800, 64])
torch.Size([64, 800, 64])
torch.Size([64, 800, 64])
torch.Size([64, 800, 64])
torch.Size([64, 800, 64])
torch.Size([64, 800, 64])
torch.Size([64, 800, 64])
torch.Size([64, 800, 64])
torch.Size([64, 800, 64])
torch.Size([64, 800, 64])
torch.Size([64, 800, 64])
torch.Size([64, 800, 64])
torch.Size([64, 800, 64])
torch.Size([64, 800, 64])
torch.Size([64, 800, 64])
torch.Size([64, 800, 64])
torch.Size([64, 800, 64])
torch.Size([30, 800, 64])
Epoch: 18 cost time: 3.6971497535705566
torch.Size([64, 800, 64])
torch.Size([64, 800, 64])
torch.Size([64, 800, 64])
torch.Size([64, 800, 64])
torch.Size([64, 800, 64])
torch.Size([64, 800, 64])
torch.Size([64, 800, 64])
torch.Size([64, 800, 64])
torch.Size([64, 800, 64])
torch.Size([64, 800, 64])
torch.Size([64, 800, 64])
torch.Size([64, 800, 64])
torch.Size([64, 800, 64])
torch.Size([64, 800, 64])
torch.Size([64, 800, 64])
torch.Size([64, 800, 64])
torch.Size([64, 800, 64])
torch.Size([64, 800, 64])
torch.Size([64, 800, 64])
torch.Size([64, 800, 64])
torch.Size([64, 800, 64])
torch.Size([64, 800, 64])
torch.Size([64, 800, 64])
torch.Size([64, 800, 64])
torch.Size([64, 800, 64])
torch.Size([64, 800, 64])
torch.Size([64, 800, 64])
torch.Size([64, 800, 64])
torch.Size([64, 800, 64])
torch.Size([64, 800, 64])
torch.Size([64, 800, 64])
torch.Size([64, 800, 64])
torch.Size([64, 800, 64])
torch.Size([64, 800, 64])
torch.Size([64, 800, 64])
torch.Size([64, 800, 64])
torch.Size([64, 800, 64])
torch.Size([64, 800, 64])
torch.Size([64, 800, 64])
torch.Size([64, 800, 64])
torch.Size([64, 800, 64])
torch.Size([64, 800, 64])
torch.Size([64, 800, 64])
torch.Size([64, 800, 64])
torch.Size([64, 800, 64])
torch.Size([64, 800, 64])
torch.Size([7, 800, 64])
torch.Size([64, 800, 64])
torch.Size([64, 800, 64])
torch.Size([64, 800, 64])
torch.Size([64, 800, 64])
torch.Size([64, 800, 64])
torch.Size([64, 800, 64])
torch.Size([64, 800, 64])
torch.Size([64, 800, 64])
torch.Size([64, 800, 64])
torch.Size([64, 800, 64])
torch.Size([64, 800, 64])
torch.Size([64, 800, 64])
torch.Size([64, 800, 64])
torch.Size([64, 800, 64])
torch.Size([64, 800, 64])
torch.Size([64, 800, 64])
torch.Size([64, 800, 64])
torch.Size([64, 800, 64])
torch.Size([64, 800, 64])
torch.Size([64, 800, 64])
torch.Size([64, 800, 64])
torch.Size([64, 800, 64])
torch.Size([64, 800, 64])
torch.Size([64, 800, 64])
torch.Size([64, 800, 64])
torch.Size([64, 800, 64])
torch.Size([64, 800, 64])
torch.Size([64, 800, 64])
torch.Size([64, 800, 64])
torch.Size([64, 800, 64])
torch.Size([64, 800, 64])
torch.Size([64, 800, 64])
torch.Size([64, 800, 64])
torch.Size([64, 800, 64])
torch.Size([64, 800, 64])
torch.Size([64, 800, 64])
torch.Size([64, 800, 64])
torch.Size([64, 800, 64])
torch.Size([64, 800, 64])
torch.Size([64, 800, 64])
torch.Size([64, 800, 64])
torch.Size([64, 800, 64])
torch.Size([64, 800, 64])
torch.Size([64, 800, 64])
torch.Size([64, 800, 64])
torch.Size([64, 800, 64])
torch.Size([8, 800, 64])
Epoch: 18, Steps: 62, | Train Loss: 1.00149
Validation results --- Loss: 1.08318, Accuracy: 0.55473, Precision: 0.56514, Recall: 0.55467, F1: 0.55835, AUROC: 0.78644, AUPRC: 0.59094
Test results --- Loss: 1.08458, Accuracy: 0.55759, Precision: 0.57296, Recall: 0.55755 F1: 0.56205, AUROC: 0.79001, AUPRC: 0.60645
EarlyStopping counter: 6 out of 10
Updating learning rate to 0.00017346516975603462
torch.Size([64, 800, 64])
torch.Size([64, 800, 64])
torch.Size([64, 800, 64])
torch.Size([64, 800, 64])
torch.Size([64, 800, 64])
torch.Size([64, 800, 64])
torch.Size([64, 800, 64])
torch.Size([64, 800, 64])
torch.Size([64, 800, 64])
torch.Size([64, 800, 64])
torch.Size([64, 800, 64])
torch.Size([64, 800, 64])
torch.Size([64, 800, 64])
torch.Size([64, 800, 64])
torch.Size([64, 800, 64])
torch.Size([64, 800, 64])
torch.Size([64, 800, 64])
torch.Size([64, 800, 64])
torch.Size([64, 800, 64])
torch.Size([64, 800, 64])
torch.Size([64, 800, 64])
torch.Size([64, 800, 64])
torch.Size([64, 800, 64])
torch.Size([64, 800, 64])
torch.Size([64, 800, 64])
torch.Size([64, 800, 64])
torch.Size([64, 800, 64])
torch.Size([64, 800, 64])
torch.Size([64, 800, 64])
torch.Size([64, 800, 64])
torch.Size([64, 800, 64])
torch.Size([64, 800, 64])
torch.Size([64, 800, 64])
torch.Size([64, 800, 64])
torch.Size([64, 800, 64])
torch.Size([64, 800, 64])
torch.Size([64, 800, 64])
torch.Size([64, 800, 64])
torch.Size([64, 800, 64])
torch.Size([64, 800, 64])
torch.Size([64, 800, 64])
torch.Size([64, 800, 64])
torch.Size([64, 800, 64])
torch.Size([64, 800, 64])
torch.Size([64, 800, 64])
torch.Size([64, 800, 64])
torch.Size([64, 800, 64])
torch.Size([64, 800, 64])
torch.Size([64, 800, 64])
torch.Size([64, 800, 64])
torch.Size([64, 800, 64])
torch.Size([64, 800, 64])
torch.Size([64, 800, 64])
torch.Size([64, 800, 64])
torch.Size([64, 800, 64])
torch.Size([64, 800, 64])
torch.Size([64, 800, 64])
torch.Size([64, 800, 64])
torch.Size([64, 800, 64])
torch.Size([64, 800, 64])
torch.Size([64, 800, 64])
torch.Size([30, 800, 64])
Epoch: 19 cost time: 3.726731777191162
torch.Size([64, 800, 64])
torch.Size([64, 800, 64])
torch.Size([64, 800, 64])
torch.Size([64, 800, 64])
torch.Size([64, 800, 64])
torch.Size([64, 800, 64])
torch.Size([64, 800, 64])
torch.Size([64, 800, 64])
torch.Size([64, 800, 64])
torch.Size([64, 800, 64])
torch.Size([64, 800, 64])
torch.Size([64, 800, 64])
torch.Size([64, 800, 64])
torch.Size([64, 800, 64])
torch.Size([64, 800, 64])
torch.Size([64, 800, 64])
torch.Size([64, 800, 64])
torch.Size([64, 800, 64])
torch.Size([64, 800, 64])
torch.Size([64, 800, 64])
torch.Size([64, 800, 64])
torch.Size([64, 800, 64])
torch.Size([64, 800, 64])
torch.Size([64, 800, 64])
torch.Size([64, 800, 64])
torch.Size([64, 800, 64])
torch.Size([64, 800, 64])
torch.Size([64, 800, 64])
torch.Size([64, 800, 64])
torch.Size([64, 800, 64])
torch.Size([64, 800, 64])
torch.Size([64, 800, 64])
torch.Size([64, 800, 64])
torch.Size([64, 800, 64])
torch.Size([64, 800, 64])
torch.Size([64, 800, 64])
torch.Size([64, 800, 64])
torch.Size([64, 800, 64])
torch.Size([64, 800, 64])
torch.Size([64, 800, 64])
torch.Size([64, 800, 64])
torch.Size([64, 800, 64])
torch.Size([64, 800, 64])
torch.Size([64, 800, 64])
torch.Size([64, 800, 64])
torch.Size([64, 800, 64])
torch.Size([7, 800, 64])
torch.Size([64, 800, 64])
torch.Size([64, 800, 64])
torch.Size([64, 800, 64])
torch.Size([64, 800, 64])
torch.Size([64, 800, 64])
torch.Size([64, 800, 64])
torch.Size([64, 800, 64])
torch.Size([64, 800, 64])
torch.Size([64, 800, 64])
torch.Size([64, 800, 64])
torch.Size([64, 800, 64])
torch.Size([64, 800, 64])
torch.Size([64, 800, 64])
torch.Size([64, 800, 64])
torch.Size([64, 800, 64])
torch.Size([64, 800, 64])
torch.Size([64, 800, 64])
torch.Size([64, 800, 64])
torch.Size([64, 800, 64])
torch.Size([64, 800, 64])
torch.Size([64, 800, 64])
torch.Size([64, 800, 64])
torch.Size([64, 800, 64])
torch.Size([64, 800, 64])
torch.Size([64, 800, 64])
torch.Size([64, 800, 64])
torch.Size([64, 800, 64])
torch.Size([64, 800, 64])
torch.Size([64, 800, 64])
torch.Size([64, 800, 64])
torch.Size([64, 800, 64])
torch.Size([64, 800, 64])
torch.Size([64, 800, 64])
torch.Size([64, 800, 64])
torch.Size([64, 800, 64])
torch.Size([64, 800, 64])
torch.Size([64, 800, 64])
torch.Size([64, 800, 64])
torch.Size([64, 800, 64])
torch.Size([64, 800, 64])
torch.Size([64, 800, 64])
torch.Size([64, 800, 64])
torch.Size([64, 800, 64])
torch.Size([64, 800, 64])
torch.Size([64, 800, 64])
torch.Size([64, 800, 64])
torch.Size([8, 800, 64])
Epoch: 19, Steps: 62, | Train Loss: 0.99542
Validation results --- Loss: 1.08362, Accuracy: 0.54388, Precision: 0.54001, Recall: 0.54375, F1: 0.54149, AUROC: 0.78769, AUPRC: 0.58960
Test results --- Loss: 1.08741, Accuracy: 0.55183, Precision: 0.55050, Recall: 0.55181 F1: 0.55099, AUROC: 0.79087, AUPRC: 0.60531
EarlyStopping counter: 7 out of 10
Updating learning rate to 0.00016176886435917675
torch.Size([64, 800, 64])
torch.Size([64, 800, 64])
torch.Size([64, 800, 64])
torch.Size([64, 800, 64])
torch.Size([64, 800, 64])
torch.Size([64, 800, 64])
torch.Size([64, 800, 64])
torch.Size([64, 800, 64])
torch.Size([64, 800, 64])
torch.Size([64, 800, 64])
torch.Size([64, 800, 64])
torch.Size([64, 800, 64])
torch.Size([64, 800, 64])
torch.Size([64, 800, 64])
torch.Size([64, 800, 64])
torch.Size([64, 800, 64])
torch.Size([64, 800, 64])
torch.Size([64, 800, 64])
torch.Size([64, 800, 64])
torch.Size([64, 800, 64])
torch.Size([64, 800, 64])
torch.Size([64, 800, 64])
torch.Size([64, 800, 64])
torch.Size([64, 800, 64])
torch.Size([64, 800, 64])
torch.Size([64, 800, 64])
torch.Size([64, 800, 64])
torch.Size([64, 800, 64])
torch.Size([64, 800, 64])
torch.Size([64, 800, 64])
torch.Size([64, 800, 64])
torch.Size([64, 800, 64])
torch.Size([64, 800, 64])
torch.Size([64, 800, 64])
torch.Size([64, 800, 64])
torch.Size([64, 800, 64])
torch.Size([64, 800, 64])
torch.Size([64, 800, 64])
torch.Size([64, 800, 64])
torch.Size([64, 800, 64])
torch.Size([64, 800, 64])
torch.Size([64, 800, 64])
torch.Size([64, 800, 64])
torch.Size([64, 800, 64])
torch.Size([64, 800, 64])
torch.Size([64, 800, 64])
torch.Size([64, 800, 64])
torch.Size([64, 800, 64])
torch.Size([64, 800, 64])
torch.Size([64, 800, 64])
torch.Size([64, 800, 64])
torch.Size([64, 800, 64])
torch.Size([64, 800, 64])
torch.Size([64, 800, 64])
torch.Size([64, 800, 64])
torch.Size([64, 800, 64])
torch.Size([64, 800, 64])
torch.Size([64, 800, 64])
torch.Size([64, 800, 64])
torch.Size([64, 800, 64])
torch.Size([64, 800, 64])
torch.Size([30, 800, 64])
Epoch: 20 cost time: 3.7338039875030518
torch.Size([64, 800, 64])
torch.Size([64, 800, 64])
torch.Size([64, 800, 64])
torch.Size([64, 800, 64])
torch.Size([64, 800, 64])
torch.Size([64, 800, 64])
torch.Size([64, 800, 64])
torch.Size([64, 800, 64])
torch.Size([64, 800, 64])
torch.Size([64, 800, 64])
torch.Size([64, 800, 64])
torch.Size([64, 800, 64])
torch.Size([64, 800, 64])
torch.Size([64, 800, 64])
torch.Size([64, 800, 64])
torch.Size([64, 800, 64])
torch.Size([64, 800, 64])
torch.Size([64, 800, 64])
torch.Size([64, 800, 64])
torch.Size([64, 800, 64])
torch.Size([64, 800, 64])
torch.Size([64, 800, 64])
torch.Size([64, 800, 64])
torch.Size([64, 800, 64])
torch.Size([64, 800, 64])
torch.Size([64, 800, 64])
torch.Size([64, 800, 64])
torch.Size([64, 800, 64])
torch.Size([64, 800, 64])
torch.Size([64, 800, 64])
torch.Size([64, 800, 64])
torch.Size([64, 800, 64])
torch.Size([64, 800, 64])
torch.Size([64, 800, 64])
torch.Size([64, 800, 64])
torch.Size([64, 800, 64])
torch.Size([64, 800, 64])
torch.Size([64, 800, 64])
torch.Size([64, 800, 64])
torch.Size([64, 800, 64])
torch.Size([64, 800, 64])
torch.Size([64, 800, 64])
torch.Size([64, 800, 64])
torch.Size([64, 800, 64])
torch.Size([64, 800, 64])
torch.Size([64, 800, 64])
torch.Size([7, 800, 64])
torch.Size([64, 800, 64])
torch.Size([64, 800, 64])
torch.Size([64, 800, 64])
torch.Size([64, 800, 64])
torch.Size([64, 800, 64])
torch.Size([64, 800, 64])
torch.Size([64, 800, 64])
torch.Size([64, 800, 64])
torch.Size([64, 800, 64])
torch.Size([64, 800, 64])
torch.Size([64, 800, 64])
torch.Size([64, 800, 64])
torch.Size([64, 800, 64])
torch.Size([64, 800, 64])
torch.Size([64, 800, 64])
torch.Size([64, 800, 64])
torch.Size([64, 800, 64])
torch.Size([64, 800, 64])
torch.Size([64, 800, 64])
torch.Size([64, 800, 64])
torch.Size([64, 800, 64])
torch.Size([64, 800, 64])
torch.Size([64, 800, 64])
torch.Size([64, 800, 64])
torch.Size([64, 800, 64])
torch.Size([64, 800, 64])
torch.Size([64, 800, 64])
torch.Size([64, 800, 64])
torch.Size([64, 800, 64])
torch.Size([64, 800, 64])
torch.Size([64, 800, 64])
torch.Size([64, 800, 64])
torch.Size([64, 800, 64])
torch.Size([64, 800, 64])
torch.Size([64, 800, 64])
torch.Size([64, 800, 64])
torch.Size([64, 800, 64])
torch.Size([64, 800, 64])
torch.Size([64, 800, 64])
torch.Size([64, 800, 64])
torch.Size([64, 800, 64])
torch.Size([64, 800, 64])
torch.Size([64, 800, 64])
torch.Size([64, 800, 64])
torch.Size([64, 800, 64])
torch.Size([64, 800, 64])
torch.Size([8, 800, 64])
Epoch: 20, Steps: 62, | Train Loss: 0.99070
Validation results --- Loss: 1.08846, Accuracy: 0.54524, Precision: 0.54201, Recall: 0.54512, F1: 0.54247, AUROC: 0.78680, AUPRC: 0.58843
Test results --- Loss: 1.09096, Accuracy: 0.55251, Precision: 0.55240, Recall: 0.55249 F1: 0.55057, AUROC: 0.79053, AUPRC: 0.60493
EarlyStopping counter: 8 out of 10
Updating learning rate to 0.00015
torch.Size([64, 800, 64])
torch.Size([64, 800, 64])
torch.Size([64, 800, 64])
torch.Size([64, 800, 64])
torch.Size([64, 800, 64])
torch.Size([64, 800, 64])
torch.Size([64, 800, 64])
torch.Size([64, 800, 64])
torch.Size([64, 800, 64])
torch.Size([64, 800, 64])
torch.Size([64, 800, 64])
torch.Size([64, 800, 64])
torch.Size([64, 800, 64])
torch.Size([64, 800, 64])
torch.Size([64, 800, 64])
torch.Size([64, 800, 64])
torch.Size([64, 800, 64])
torch.Size([64, 800, 64])
torch.Size([64, 800, 64])
torch.Size([64, 800, 64])
torch.Size([64, 800, 64])
torch.Size([64, 800, 64])
torch.Size([64, 800, 64])
torch.Size([64, 800, 64])
torch.Size([64, 800, 64])
torch.Size([64, 800, 64])
torch.Size([64, 800, 64])
torch.Size([64, 800, 64])
torch.Size([64, 800, 64])
torch.Size([64, 800, 64])
torch.Size([64, 800, 64])
torch.Size([64, 800, 64])
torch.Size([64, 800, 64])
torch.Size([64, 800, 64])
torch.Size([64, 800, 64])
torch.Size([64, 800, 64])
torch.Size([64, 800, 64])
torch.Size([64, 800, 64])
torch.Size([64, 800, 64])
torch.Size([64, 800, 64])
torch.Size([64, 800, 64])
torch.Size([64, 800, 64])
torch.Size([64, 800, 64])
torch.Size([64, 800, 64])
torch.Size([64, 800, 64])
torch.Size([64, 800, 64])
torch.Size([64, 800, 64])
torch.Size([64, 800, 64])
torch.Size([64, 800, 64])
torch.Size([64, 800, 64])
torch.Size([64, 800, 64])
torch.Size([64, 800, 64])
torch.Size([64, 800, 64])
torch.Size([64, 800, 64])
torch.Size([64, 800, 64])
torch.Size([64, 800, 64])
torch.Size([64, 800, 64])
torch.Size([64, 800, 64])
torch.Size([64, 800, 64])
torch.Size([64, 800, 64])
torch.Size([64, 800, 64])
torch.Size([30, 800, 64])
Epoch: 21 cost time: 3.6574647426605225
torch.Size([64, 800, 64])
torch.Size([64, 800, 64])
torch.Size([64, 800, 64])
torch.Size([64, 800, 64])
torch.Size([64, 800, 64])
torch.Size([64, 800, 64])
torch.Size([64, 800, 64])
torch.Size([64, 800, 64])
torch.Size([64, 800, 64])
torch.Size([64, 800, 64])
torch.Size([64, 800, 64])
torch.Size([64, 800, 64])
torch.Size([64, 800, 64])
torch.Size([64, 800, 64])
torch.Size([64, 800, 64])
torch.Size([64, 800, 64])
torch.Size([64, 800, 64])
torch.Size([64, 800, 64])
torch.Size([64, 800, 64])
torch.Size([64, 800, 64])
torch.Size([64, 800, 64])
torch.Size([64, 800, 64])
torch.Size([64, 800, 64])
torch.Size([64, 800, 64])
torch.Size([64, 800, 64])
torch.Size([64, 800, 64])
torch.Size([64, 800, 64])
torch.Size([64, 800, 64])
torch.Size([64, 800, 64])
torch.Size([64, 800, 64])
torch.Size([64, 800, 64])
torch.Size([64, 800, 64])
torch.Size([64, 800, 64])
torch.Size([64, 800, 64])
torch.Size([64, 800, 64])
torch.Size([64, 800, 64])
torch.Size([64, 800, 64])
torch.Size([64, 800, 64])
torch.Size([64, 800, 64])
torch.Size([64, 800, 64])
torch.Size([64, 800, 64])
torch.Size([64, 800, 64])
torch.Size([64, 800, 64])
torch.Size([64, 800, 64])
torch.Size([64, 800, 64])
torch.Size([64, 800, 64])
torch.Size([7, 800, 64])
torch.Size([64, 800, 64])
torch.Size([64, 800, 64])
torch.Size([64, 800, 64])
torch.Size([64, 800, 64])
torch.Size([64, 800, 64])
torch.Size([64, 800, 64])
torch.Size([64, 800, 64])
torch.Size([64, 800, 64])
torch.Size([64, 800, 64])
torch.Size([64, 800, 64])
torch.Size([64, 800, 64])
torch.Size([64, 800, 64])
torch.Size([64, 800, 64])
torch.Size([64, 800, 64])
torch.Size([64, 800, 64])
torch.Size([64, 800, 64])
torch.Size([64, 800, 64])
torch.Size([64, 800, 64])
torch.Size([64, 800, 64])
torch.Size([64, 800, 64])
torch.Size([64, 800, 64])
torch.Size([64, 800, 64])
torch.Size([64, 800, 64])
torch.Size([64, 800, 64])
torch.Size([64, 800, 64])
torch.Size([64, 800, 64])
torch.Size([64, 800, 64])
torch.Size([64, 800, 64])
torch.Size([64, 800, 64])
torch.Size([64, 800, 64])
torch.Size([64, 800, 64])
torch.Size([64, 800, 64])
torch.Size([64, 800, 64])
torch.Size([64, 800, 64])
torch.Size([64, 800, 64])
torch.Size([64, 800, 64])
torch.Size([64, 800, 64])
torch.Size([64, 800, 64])
torch.Size([64, 800, 64])
torch.Size([64, 800, 64])
torch.Size([64, 800, 64])
torch.Size([64, 800, 64])
torch.Size([64, 800, 64])
torch.Size([64, 800, 64])
torch.Size([64, 800, 64])
torch.Size([64, 800, 64])
torch.Size([8, 800, 64])
Epoch: 21, Steps: 62, | Train Loss: 0.98871
Validation results --- Loss: 1.08635, Accuracy: 0.55202, Precision: 0.55516, Recall: 0.55185, F1: 0.55315, AUROC: 0.78667, AUPRC: 0.58966
Test results --- Loss: 1.08492, Accuracy: 0.55759, Precision: 0.56629, Recall: 0.55747 F1: 0.56035, AUROC: 0.79191, AUPRC: 0.60903
EarlyStopping counter: 9 out of 10
Updating learning rate to 0.00013823113564082325
torch.Size([64, 800, 64])
torch.Size([64, 800, 64])
torch.Size([64, 800, 64])
torch.Size([64, 800, 64])
torch.Size([64, 800, 64])
torch.Size([64, 800, 64])
torch.Size([64, 800, 64])
torch.Size([64, 800, 64])
torch.Size([64, 800, 64])
torch.Size([64, 800, 64])
torch.Size([64, 800, 64])
torch.Size([64, 800, 64])
torch.Size([64, 800, 64])
torch.Size([64, 800, 64])
torch.Size([64, 800, 64])
torch.Size([64, 800, 64])
torch.Size([64, 800, 64])
torch.Size([64, 800, 64])
torch.Size([64, 800, 64])
torch.Size([64, 800, 64])
torch.Size([64, 800, 64])
torch.Size([64, 800, 64])
torch.Size([64, 800, 64])
torch.Size([64, 800, 64])
torch.Size([64, 800, 64])
torch.Size([64, 800, 64])
torch.Size([64, 800, 64])
torch.Size([64, 800, 64])
torch.Size([64, 800, 64])
torch.Size([64, 800, 64])
torch.Size([64, 800, 64])
torch.Size([64, 800, 64])
torch.Size([64, 800, 64])
torch.Size([64, 800, 64])
torch.Size([64, 800, 64])
torch.Size([64, 800, 64])
torch.Size([64, 800, 64])
torch.Size([64, 800, 64])
torch.Size([64, 800, 64])
torch.Size([64, 800, 64])
torch.Size([64, 800, 64])
torch.Size([64, 800, 64])
torch.Size([64, 800, 64])
torch.Size([64, 800, 64])
torch.Size([64, 800, 64])
torch.Size([64, 800, 64])
torch.Size([64, 800, 64])
torch.Size([64, 800, 64])
torch.Size([64, 800, 64])
torch.Size([64, 800, 64])
torch.Size([64, 800, 64])
torch.Size([64, 800, 64])
torch.Size([64, 800, 64])
torch.Size([64, 800, 64])
torch.Size([64, 800, 64])
torch.Size([64, 800, 64])
torch.Size([64, 800, 64])
torch.Size([64, 800, 64])
torch.Size([64, 800, 64])
torch.Size([64, 800, 64])
torch.Size([64, 800, 64])
torch.Size([30, 800, 64])
Epoch: 22 cost time: 3.67551851272583
torch.Size([64, 800, 64])
torch.Size([64, 800, 64])
torch.Size([64, 800, 64])
torch.Size([64, 800, 64])
torch.Size([64, 800, 64])
torch.Size([64, 800, 64])
torch.Size([64, 800, 64])
torch.Size([64, 800, 64])
torch.Size([64, 800, 64])
torch.Size([64, 800, 64])
torch.Size([64, 800, 64])
torch.Size([64, 800, 64])
torch.Size([64, 800, 64])
torch.Size([64, 800, 64])
torch.Size([64, 800, 64])
torch.Size([64, 800, 64])
torch.Size([64, 800, 64])
torch.Size([64, 800, 64])
torch.Size([64, 800, 64])
torch.Size([64, 800, 64])
torch.Size([64, 800, 64])
torch.Size([64, 800, 64])
torch.Size([64, 800, 64])
torch.Size([64, 800, 64])
torch.Size([64, 800, 64])
torch.Size([64, 800, 64])
torch.Size([64, 800, 64])
torch.Size([64, 800, 64])
torch.Size([64, 800, 64])
torch.Size([64, 800, 64])
torch.Size([64, 800, 64])
torch.Size([64, 800, 64])
torch.Size([64, 800, 64])
torch.Size([64, 800, 64])
torch.Size([64, 800, 64])
torch.Size([64, 800, 64])
torch.Size([64, 800, 64])
torch.Size([64, 800, 64])
torch.Size([64, 800, 64])
torch.Size([64, 800, 64])
torch.Size([64, 800, 64])
torch.Size([64, 800, 64])
torch.Size([64, 800, 64])
torch.Size([64, 800, 64])
torch.Size([64, 800, 64])
torch.Size([64, 800, 64])
torch.Size([7, 800, 64])
torch.Size([64, 800, 64])
torch.Size([64, 800, 64])
torch.Size([64, 800, 64])
torch.Size([64, 800, 64])
torch.Size([64, 800, 64])
torch.Size([64, 800, 64])
torch.Size([64, 800, 64])
torch.Size([64, 800, 64])
torch.Size([64, 800, 64])
torch.Size([64, 800, 64])
torch.Size([64, 800, 64])
torch.Size([64, 800, 64])
torch.Size([64, 800, 64])
torch.Size([64, 800, 64])
torch.Size([64, 800, 64])
torch.Size([64, 800, 64])
torch.Size([64, 800, 64])
torch.Size([64, 800, 64])
torch.Size([64, 800, 64])
torch.Size([64, 800, 64])
torch.Size([64, 800, 64])
torch.Size([64, 800, 64])
torch.Size([64, 800, 64])
torch.Size([64, 800, 64])
torch.Size([64, 800, 64])
torch.Size([64, 800, 64])
torch.Size([64, 800, 64])
torch.Size([64, 800, 64])
torch.Size([64, 800, 64])
torch.Size([64, 800, 64])
torch.Size([64, 800, 64])
torch.Size([64, 800, 64])
torch.Size([64, 800, 64])
torch.Size([64, 800, 64])
torch.Size([64, 800, 64])
torch.Size([64, 800, 64])
torch.Size([64, 800, 64])
torch.Size([64, 800, 64])
torch.Size([64, 800, 64])
torch.Size([64, 800, 64])
torch.Size([64, 800, 64])
torch.Size([64, 800, 64])
torch.Size([64, 800, 64])
torch.Size([64, 800, 64])
torch.Size([64, 800, 64])
torch.Size([64, 800, 64])
torch.Size([8, 800, 64])
Epoch: 22, Steps: 62, | Train Loss: 0.98260
Validation results --- Loss: 1.09168, Accuracy: 0.54219, Precision: 0.54001, Recall: 0.54204, F1: 0.54076, AUROC: 0.78610, AUPRC: 0.58874
Test results --- Loss: 1.09035, Accuracy: 0.55522, Precision: 0.55561, Recall: 0.55516 F1: 0.55538, AUROC: 0.79099, AUPRC: 0.60660
EarlyStopping counter: 10 out of 10
Early stopping
>>>>>>>testing : eeg_basis_mixer_v2_nobasis_onlyT_Physionet_MI_seed_42_dm_192_dp_0.15_tl_5_bs_64_lr0.0003_aug_none_pl_32_cb32_kb16_tb20_pe192_ps8_ca0_cp1_run20260430_134659<<<<<<<<<<<<<<<<<<<<<<<<<<<<<<<<<
torch.Size([64, 800, 64])
torch.Size([64, 800, 64])
torch.Size([64, 800, 64])
torch.Size([64, 800, 64])
torch.Size([64, 800, 64])
torch.Size([64, 800, 64])
torch.Size([64, 800, 64])
torch.Size([64, 800, 64])
torch.Size([64, 800, 64])
torch.Size([64, 800, 64])
torch.Size([64, 800, 64])
torch.Size([64, 800, 64])
torch.Size([64, 800, 64])
torch.Size([64, 800, 64])
torch.Size([64, 800, 64])
torch.Size([64, 800, 64])
torch.Size([64, 800, 64])
torch.Size([64, 800, 64])
torch.Size([64, 800, 64])
torch.Size([64, 800, 64])
torch.Size([64, 800, 64])
torch.Size([64, 800, 64])
torch.Size([64, 800, 64])
torch.Size([64, 800, 64])
torch.Size([64, 800, 64])
torch.Size([64, 800, 64])
torch.Size([64, 800, 64])
torch.Size([64, 800, 64])
torch.Size([64, 800, 64])
torch.Size([64, 800, 64])
torch.Size([64, 800, 64])
torch.Size([64, 800, 64])
torch.Size([64, 800, 64])
torch.Size([64, 800, 64])
torch.Size([64, 800, 64])
torch.Size([64, 800, 64])
torch.Size([64, 800, 64])
torch.Size([64, 800, 64])
torch.Size([64, 800, 64])
torch.Size([64, 800, 64])
torch.Size([64, 800, 64])
torch.Size([64, 800, 64])
torch.Size([64, 800, 64])
torch.Size([64, 800, 64])
torch.Size([64, 800, 64])
torch.Size([64, 800, 64])
torch.Size([7, 800, 64])
torch.Size([64, 800, 64])
torch.Size([64, 800, 64])
torch.Size([64, 800, 64])
torch.Size([64, 800, 64])
torch.Size([64, 800, 64])
torch.Size([64, 800, 64])
torch.Size([64, 800, 64])
torch.Size([64, 800, 64])
torch.Size([64, 800, 64])
torch.Size([64, 800, 64])
torch.Size([64, 800, 64])
torch.Size([64, 800, 64])
torch.Size([64, 800, 64])
torch.Size([64, 800, 64])
torch.Size([64, 800, 64])
torch.Size([64, 800, 64])
torch.Size([64, 800, 64])
torch.Size([64, 800, 64])
torch.Size([64, 800, 64])
torch.Size([64, 800, 64])
torch.Size([64, 800, 64])
torch.Size([64, 800, 64])
torch.Size([64, 800, 64])
torch.Size([64, 800, 64])
torch.Size([64, 800, 64])
torch.Size([64, 800, 64])
torch.Size([64, 800, 64])
torch.Size([64, 800, 64])
torch.Size([64, 800, 64])
torch.Size([64, 800, 64])
torch.Size([64, 800, 64])
torch.Size([64, 800, 64])
torch.Size([64, 800, 64])
torch.Size([64, 800, 64])
torch.Size([64, 800, 64])
torch.Size([64, 800, 64])
torch.Size([64, 800, 64])
torch.Size([64, 800, 64])
torch.Size([64, 800, 64])
torch.Size([64, 800, 64])
torch.Size([64, 800, 64])
torch.Size([64, 800, 64])
torch.Size([64, 800, 64])
torch.Size([64, 800, 64])
torch.Size([64, 800, 64])
torch.Size([64, 800, 64])
torch.Size([8, 800, 64])
Validation results --- Loss: 1.07391, Accuracy: 0.56388, Precision: 0.56686, Recall: 0.56375, F1: 0.56490, AUROC: 0.79221, AUPRC: 0.59521
Test results --- Loss: 1.08489, Accuracy: 0.55251, Precision: 0.55963, Recall: 0.55243, F1: 0.55517, AUROC: 0.79089, AUPRC: 0.60497

Use GPU (single): visible=0 -> cuda:0
================================================================================
[Model] eeg_basis_mixer_v2_nobasis_onlyT
[Model Params] Total: 37,417 (0.037 M)
[Model Params] Trainable: 37,417 (0.037 M)
[Model Params] Non-trainable: 0 (0.000 M)
[Model Size] Parameters: 0.14 MB
[Model Size] Buffers: 0.00 MB
[Model Size] Total estimated: 0.14 MB
================================================================================
>>>>>>>start training : eeg_basis_mixer_v2_nobasis_onlyT_Physionet_MI_seed_43_dm_192_dp_0.15_tl_5_bs_64_lr0.0003_aug_none_pl_32_cb32_kb16_tb20_pe192_ps8_ca0_cp1_run20260430_134954>>>>>>>>>>>>>>>>>>>>>>>>>>
(3934, 800, 64)
(3934,)
(2951, 800, 64)
(2951,)
(2952, 800, 64)
(2952,)
torch.Size([64, 800, 64])
torch.Size([64, 800, 64])
torch.Size([64, 800, 64])
torch.Size([64, 800, 64])
torch.Size([64, 800, 64])
torch.Size([64, 800, 64])
torch.Size([64, 800, 64])
torch.Size([64, 800, 64])
torch.Size([64, 800, 64])
torch.Size([64, 800, 64])
torch.Size([64, 800, 64])
torch.Size([64, 800, 64])
torch.Size([64, 800, 64])
torch.Size([64, 800, 64])
torch.Size([64, 800, 64])
torch.Size([64, 800, 64])
torch.Size([64, 800, 64])
torch.Size([64, 800, 64])
torch.Size([64, 800, 64])
torch.Size([64, 800, 64])
torch.Size([64, 800, 64])
torch.Size([64, 800, 64])
torch.Size([64, 800, 64])
torch.Size([64, 800, 64])
torch.Size([64, 800, 64])
torch.Size([64, 800, 64])
torch.Size([64, 800, 64])
torch.Size([64, 800, 64])
torch.Size([64, 800, 64])
torch.Size([64, 800, 64])
torch.Size([64, 800, 64])
torch.Size([64, 800, 64])
torch.Size([64, 800, 64])
torch.Size([64, 800, 64])
torch.Size([64, 800, 64])
torch.Size([64, 800, 64])
torch.Size([64, 800, 64])
torch.Size([64, 800, 64])
torch.Size([64, 800, 64])
torch.Size([64, 800, 64])
torch.Size([64, 800, 64])
torch.Size([64, 800, 64])
torch.Size([64, 800, 64])
torch.Size([64, 800, 64])
torch.Size([64, 800, 64])
torch.Size([64, 800, 64])
torch.Size([64, 800, 64])
torch.Size([64, 800, 64])
torch.Size([64, 800, 64])
torch.Size([64, 800, 64])
torch.Size([64, 800, 64])
torch.Size([64, 800, 64])
torch.Size([64, 800, 64])
torch.Size([64, 800, 64])
torch.Size([64, 800, 64])
torch.Size([64, 800, 64])
torch.Size([64, 800, 64])
torch.Size([64, 800, 64])
torch.Size([64, 800, 64])
torch.Size([64, 800, 64])
torch.Size([64, 800, 64])
torch.Size([30, 800, 64])
Epoch: 1 cost time: 3.724196195602417
torch.Size([64, 800, 64])
torch.Size([64, 800, 64])
torch.Size([64, 800, 64])
torch.Size([64, 800, 64])
torch.Size([64, 800, 64])
torch.Size([64, 800, 64])
torch.Size([64, 800, 64])
torch.Size([64, 800, 64])
torch.Size([64, 800, 64])
torch.Size([64, 800, 64])
torch.Size([64, 800, 64])
torch.Size([64, 800, 64])
torch.Size([64, 800, 64])
torch.Size([64, 800, 64])
torch.Size([64, 800, 64])
torch.Size([64, 800, 64])
torch.Size([64, 800, 64])
torch.Size([64, 800, 64])
torch.Size([64, 800, 64])
torch.Size([64, 800, 64])
torch.Size([64, 800, 64])
torch.Size([64, 800, 64])
torch.Size([64, 800, 64])
torch.Size([64, 800, 64])
torch.Size([64, 800, 64])
torch.Size([64, 800, 64])
torch.Size([64, 800, 64])
torch.Size([64, 800, 64])
torch.Size([64, 800, 64])
torch.Size([64, 800, 64])
torch.Size([64, 800, 64])
torch.Size([64, 800, 64])
torch.Size([64, 800, 64])
torch.Size([64, 800, 64])
torch.Size([64, 800, 64])
torch.Size([64, 800, 64])
torch.Size([64, 800, 64])
torch.Size([64, 800, 64])
torch.Size([64, 800, 64])
torch.Size([64, 800, 64])
torch.Size([64, 800, 64])
torch.Size([64, 800, 64])
torch.Size([64, 800, 64])
torch.Size([64, 800, 64])
torch.Size([64, 800, 64])
torch.Size([64, 800, 64])
torch.Size([7, 800, 64])
torch.Size([64, 800, 64])
torch.Size([64, 800, 64])
torch.Size([64, 800, 64])
torch.Size([64, 800, 64])
torch.Size([64, 800, 64])
torch.Size([64, 800, 64])
torch.Size([64, 800, 64])
torch.Size([64, 800, 64])
torch.Size([64, 800, 64])
torch.Size([64, 800, 64])
torch.Size([64, 800, 64])
torch.Size([64, 800, 64])
torch.Size([64, 800, 64])
torch.Size([64, 800, 64])
torch.Size([64, 800, 64])
torch.Size([64, 800, 64])
torch.Size([64, 800, 64])
torch.Size([64, 800, 64])
torch.Size([64, 800, 64])
torch.Size([64, 800, 64])
torch.Size([64, 800, 64])
torch.Size([64, 800, 64])
torch.Size([64, 800, 64])
torch.Size([64, 800, 64])
torch.Size([64, 800, 64])
torch.Size([64, 800, 64])
torch.Size([64, 800, 64])
torch.Size([64, 800, 64])
torch.Size([64, 800, 64])
torch.Size([64, 800, 64])
torch.Size([64, 800, 64])
torch.Size([64, 800, 64])
torch.Size([64, 800, 64])
torch.Size([64, 800, 64])
torch.Size([64, 800, 64])
torch.Size([64, 800, 64])
torch.Size([64, 800, 64])
torch.Size([64, 800, 64])
torch.Size([64, 800, 64])
torch.Size([64, 800, 64])
torch.Size([64, 800, 64])
torch.Size([64, 800, 64])
torch.Size([64, 800, 64])
torch.Size([64, 800, 64])
torch.Size([64, 800, 64])
torch.Size([64, 800, 64])
torch.Size([8, 800, 64])
Epoch: 1, Steps: 62, | Train Loss: 1.37993
Validation results --- Loss: 1.28561, Accuracy: 0.39546, Precision: 0.37553, Recall: 0.39532, F1: 0.34789, AUROC: 0.67710, AUPRC: 0.42644
Test results --- Loss: 1.28224, Accuracy: 0.40176, Precision: 0.38235, Recall: 0.40179 F1: 0.35606, AUROC: 0.67792, AUPRC: 0.42878
Metric score decreased (inf --> -0.347886).  Saving model ...

Updating learning rate to 0.00029953760005996916
torch.Size([64, 800, 64])
torch.Size([64, 800, 64])
torch.Size([64, 800, 64])
torch.Size([64, 800, 64])
torch.Size([64, 800, 64])
torch.Size([64, 800, 64])
torch.Size([64, 800, 64])
torch.Size([64, 800, 64])
torch.Size([64, 800, 64])
torch.Size([64, 800, 64])
torch.Size([64, 800, 64])
torch.Size([64, 800, 64])
torch.Size([64, 800, 64])
torch.Size([64, 800, 64])
torch.Size([64, 800, 64])
torch.Size([64, 800, 64])
torch.Size([64, 800, 64])
torch.Size([64, 800, 64])
torch.Size([64, 800, 64])
torch.Size([64, 800, 64])
torch.Size([64, 800, 64])
torch.Size([64, 800, 64])
torch.Size([64, 800, 64])
torch.Size([64, 800, 64])
torch.Size([64, 800, 64])
torch.Size([64, 800, 64])
torch.Size([64, 800, 64])
torch.Size([64, 800, 64])
torch.Size([64, 800, 64])
torch.Size([64, 800, 64])
torch.Size([64, 800, 64])
torch.Size([64, 800, 64])
torch.Size([64, 800, 64])
torch.Size([64, 800, 64])
torch.Size([64, 800, 64])
torch.Size([64, 800, 64])
torch.Size([64, 800, 64])
torch.Size([64, 800, 64])
torch.Size([64, 800, 64])
torch.Size([64, 800, 64])
torch.Size([64, 800, 64])
torch.Size([64, 800, 64])
torch.Size([64, 800, 64])
torch.Size([64, 800, 64])
torch.Size([64, 800, 64])
torch.Size([64, 800, 64])
torch.Size([64, 800, 64])
torch.Size([64, 800, 64])
torch.Size([64, 800, 64])
torch.Size([64, 800, 64])
torch.Size([64, 800, 64])
torch.Size([64, 800, 64])
torch.Size([64, 800, 64])
torch.Size([64, 800, 64])
torch.Size([64, 800, 64])
torch.Size([64, 800, 64])
torch.Size([64, 800, 64])
torch.Size([64, 800, 64])
torch.Size([64, 800, 64])
torch.Size([64, 800, 64])
torch.Size([64, 800, 64])
torch.Size([30, 800, 64])
Epoch: 2 cost time: 3.7794270515441895
torch.Size([64, 800, 64])
torch.Size([64, 800, 64])
torch.Size([64, 800, 64])
torch.Size([64, 800, 64])
torch.Size([64, 800, 64])
torch.Size([64, 800, 64])
torch.Size([64, 800, 64])
torch.Size([64, 800, 64])
torch.Size([64, 800, 64])
torch.Size([64, 800, 64])
torch.Size([64, 800, 64])
torch.Size([64, 800, 64])
torch.Size([64, 800, 64])
torch.Size([64, 800, 64])
torch.Size([64, 800, 64])
torch.Size([64, 800, 64])
torch.Size([64, 800, 64])
torch.Size([64, 800, 64])
torch.Size([64, 800, 64])
torch.Size([64, 800, 64])
torch.Size([64, 800, 64])
torch.Size([64, 800, 64])
torch.Size([64, 800, 64])
torch.Size([64, 800, 64])
torch.Size([64, 800, 64])
torch.Size([64, 800, 64])
torch.Size([64, 800, 64])
torch.Size([64, 800, 64])
torch.Size([64, 800, 64])
torch.Size([64, 800, 64])
torch.Size([64, 800, 64])
torch.Size([64, 800, 64])
torch.Size([64, 800, 64])
torch.Size([64, 800, 64])
torch.Size([64, 800, 64])
torch.Size([64, 800, 64])
torch.Size([64, 800, 64])
torch.Size([64, 800, 64])
torch.Size([64, 800, 64])
torch.Size([64, 800, 64])
torch.Size([64, 800, 64])
torch.Size([64, 800, 64])
torch.Size([64, 800, 64])
torch.Size([64, 800, 64])
torch.Size([64, 800, 64])
torch.Size([64, 800, 64])
torch.Size([7, 800, 64])
torch.Size([64, 800, 64])
torch.Size([64, 800, 64])
torch.Size([64, 800, 64])
torch.Size([64, 800, 64])
torch.Size([64, 800, 64])
torch.Size([64, 800, 64])
torch.Size([64, 800, 64])
torch.Size([64, 800, 64])
torch.Size([64, 800, 64])
torch.Size([64, 800, 64])
torch.Size([64, 800, 64])
torch.Size([64, 800, 64])
torch.Size([64, 800, 64])
torch.Size([64, 800, 64])
torch.Size([64, 800, 64])
torch.Size([64, 800, 64])
torch.Size([64, 800, 64])
torch.Size([64, 800, 64])
torch.Size([64, 800, 64])
torch.Size([64, 800, 64])
torch.Size([64, 800, 64])
torch.Size([64, 800, 64])
torch.Size([64, 800, 64])
torch.Size([64, 800, 64])
torch.Size([64, 800, 64])
torch.Size([64, 800, 64])
torch.Size([64, 800, 64])
torch.Size([64, 800, 64])
torch.Size([64, 800, 64])
torch.Size([64, 800, 64])
torch.Size([64, 800, 64])
torch.Size([64, 800, 64])
torch.Size([64, 800, 64])
torch.Size([64, 800, 64])
torch.Size([64, 800, 64])
torch.Size([64, 800, 64])
torch.Size([64, 800, 64])
torch.Size([64, 800, 64])
torch.Size([64, 800, 64])
torch.Size([64, 800, 64])
torch.Size([64, 800, 64])
torch.Size([64, 800, 64])
torch.Size([64, 800, 64])
torch.Size([64, 800, 64])
torch.Size([64, 800, 64])
torch.Size([64, 800, 64])
torch.Size([8, 800, 64])
Epoch: 2, Steps: 62, | Train Loss: 1.15818
Validation results --- Loss: 1.10892, Accuracy: 0.53406, Precision: 0.53580, Recall: 0.53405, F1: 0.53308, AUROC: 0.77496, AUPRC: 0.56288
Test results --- Loss: 1.11542, Accuracy: 0.50474, Precision: 0.50589, Recall: 0.50476 F1: 0.50354, AUROC: 0.76753, AUPRC: 0.56023
Metric score decreased (-0.347886 --> -0.533075).  Saving model ...

Updating learning rate to 0.00029815325108927063
torch.Size([64, 800, 64])
torch.Size([64, 800, 64])
torch.Size([64, 800, 64])
torch.Size([64, 800, 64])
torch.Size([64, 800, 64])
torch.Size([64, 800, 64])
torch.Size([64, 800, 64])
torch.Size([64, 800, 64])
torch.Size([64, 800, 64])
torch.Size([64, 800, 64])
torch.Size([64, 800, 64])
torch.Size([64, 800, 64])
torch.Size([64, 800, 64])
torch.Size([64, 800, 64])
torch.Size([64, 800, 64])
torch.Size([64, 800, 64])
torch.Size([64, 800, 64])
torch.Size([64, 800, 64])
torch.Size([64, 800, 64])
torch.Size([64, 800, 64])
torch.Size([64, 800, 64])
torch.Size([64, 800, 64])
torch.Size([64, 800, 64])
torch.Size([64, 800, 64])
torch.Size([64, 800, 64])
torch.Size([64, 800, 64])
torch.Size([64, 800, 64])
torch.Size([64, 800, 64])
torch.Size([64, 800, 64])
torch.Size([64, 800, 64])
torch.Size([64, 800, 64])
torch.Size([64, 800, 64])
torch.Size([64, 800, 64])
torch.Size([64, 800, 64])
torch.Size([64, 800, 64])
torch.Size([64, 800, 64])
torch.Size([64, 800, 64])
torch.Size([64, 800, 64])
torch.Size([64, 800, 64])
torch.Size([64, 800, 64])
torch.Size([64, 800, 64])
torch.Size([64, 800, 64])
torch.Size([64, 800, 64])
torch.Size([64, 800, 64])
torch.Size([64, 800, 64])
torch.Size([64, 800, 64])
torch.Size([64, 800, 64])
torch.Size([64, 800, 64])
torch.Size([64, 800, 64])
torch.Size([64, 800, 64])
torch.Size([64, 800, 64])
torch.Size([64, 800, 64])
torch.Size([64, 800, 64])
torch.Size([64, 800, 64])
torch.Size([64, 800, 64])
torch.Size([64, 800, 64])
torch.Size([64, 800, 64])
torch.Size([64, 800, 64])
torch.Size([64, 800, 64])
torch.Size([64, 800, 64])
torch.Size([64, 800, 64])
torch.Size([30, 800, 64])
Epoch: 3 cost time: 3.7078464031219482
torch.Size([64, 800, 64])
torch.Size([64, 800, 64])
torch.Size([64, 800, 64])
torch.Size([64, 800, 64])
torch.Size([64, 800, 64])
torch.Size([64, 800, 64])
torch.Size([64, 800, 64])
torch.Size([64, 800, 64])
torch.Size([64, 800, 64])
torch.Size([64, 800, 64])
torch.Size([64, 800, 64])
torch.Size([64, 800, 64])
torch.Size([64, 800, 64])
torch.Size([64, 800, 64])
torch.Size([64, 800, 64])
torch.Size([64, 800, 64])
torch.Size([64, 800, 64])
torch.Size([64, 800, 64])
torch.Size([64, 800, 64])
torch.Size([64, 800, 64])
torch.Size([64, 800, 64])
torch.Size([64, 800, 64])
torch.Size([64, 800, 64])
torch.Size([64, 800, 64])
torch.Size([64, 800, 64])
torch.Size([64, 800, 64])
torch.Size([64, 800, 64])
torch.Size([64, 800, 64])
torch.Size([64, 800, 64])
torch.Size([64, 800, 64])
torch.Size([64, 800, 64])
torch.Size([64, 800, 64])
torch.Size([64, 800, 64])
torch.Size([64, 800, 64])
torch.Size([64, 800, 64])
torch.Size([64, 800, 64])
torch.Size([64, 800, 64])
torch.Size([64, 800, 64])
torch.Size([64, 800, 64])
torch.Size([64, 800, 64])
torch.Size([64, 800, 64])
torch.Size([64, 800, 64])
torch.Size([64, 800, 64])
torch.Size([64, 800, 64])
torch.Size([64, 800, 64])
torch.Size([64, 800, 64])
torch.Size([7, 800, 64])
torch.Size([64, 800, 64])
torch.Size([64, 800, 64])
torch.Size([64, 800, 64])
torch.Size([64, 800, 64])
torch.Size([64, 800, 64])
torch.Size([64, 800, 64])
torch.Size([64, 800, 64])
torch.Size([64, 800, 64])
torch.Size([64, 800, 64])
torch.Size([64, 800, 64])
torch.Size([64, 800, 64])
torch.Size([64, 800, 64])
torch.Size([64, 800, 64])
torch.Size([64, 800, 64])
torch.Size([64, 800, 64])
torch.Size([64, 800, 64])
torch.Size([64, 800, 64])
torch.Size([64, 800, 64])
torch.Size([64, 800, 64])
torch.Size([64, 800, 64])
torch.Size([64, 800, 64])
torch.Size([64, 800, 64])
torch.Size([64, 800, 64])
torch.Size([64, 800, 64])
torch.Size([64, 800, 64])
torch.Size([64, 800, 64])
torch.Size([64, 800, 64])
torch.Size([64, 800, 64])
torch.Size([64, 800, 64])
torch.Size([64, 800, 64])
torch.Size([64, 800, 64])
torch.Size([64, 800, 64])
torch.Size([64, 800, 64])
torch.Size([64, 800, 64])
torch.Size([64, 800, 64])
torch.Size([64, 800, 64])
torch.Size([64, 800, 64])
torch.Size([64, 800, 64])
torch.Size([64, 800, 64])
torch.Size([64, 800, 64])
torch.Size([64, 800, 64])
torch.Size([64, 800, 64])
torch.Size([64, 800, 64])
torch.Size([64, 800, 64])
torch.Size([64, 800, 64])
torch.Size([64, 800, 64])
torch.Size([8, 800, 64])
Epoch: 3, Steps: 62, | Train Loss: 1.08989
Validation results --- Loss: 1.09199, Accuracy: 0.54761, Precision: 0.54997, Recall: 0.54756, F1: 0.54823, AUROC: 0.78254, AUPRC: 0.58001
Test results --- Loss: 1.10386, Accuracy: 0.51999, Precision: 0.52284, Recall: 0.51992 F1: 0.52046, AUROC: 0.77329, AUPRC: 0.57320
Metric score decreased (-0.533075 --> -0.548227).  Saving model ...

Updating learning rate to 0.0002958554880596515
torch.Size([64, 800, 64])
torch.Size([64, 800, 64])
torch.Size([64, 800, 64])
torch.Size([64, 800, 64])
torch.Size([64, 800, 64])
torch.Size([64, 800, 64])
torch.Size([64, 800, 64])
torch.Size([64, 800, 64])
torch.Size([64, 800, 64])
torch.Size([64, 800, 64])
torch.Size([64, 800, 64])
torch.Size([64, 800, 64])
torch.Size([64, 800, 64])
torch.Size([64, 800, 64])
torch.Size([64, 800, 64])
torch.Size([64, 800, 64])
torch.Size([64, 800, 64])
torch.Size([64, 800, 64])
torch.Size([64, 800, 64])
torch.Size([64, 800, 64])
torch.Size([64, 800, 64])
torch.Size([64, 800, 64])
torch.Size([64, 800, 64])
torch.Size([64, 800, 64])
torch.Size([64, 800, 64])
torch.Size([64, 800, 64])
torch.Size([64, 800, 64])
torch.Size([64, 800, 64])
torch.Size([64, 800, 64])
torch.Size([64, 800, 64])
torch.Size([64, 800, 64])
torch.Size([64, 800, 64])
torch.Size([64, 800, 64])
torch.Size([64, 800, 64])
torch.Size([64, 800, 64])
torch.Size([64, 800, 64])
torch.Size([64, 800, 64])
torch.Size([64, 800, 64])
torch.Size([64, 800, 64])
torch.Size([64, 800, 64])
torch.Size([64, 800, 64])
torch.Size([64, 800, 64])
torch.Size([64, 800, 64])
torch.Size([64, 800, 64])
torch.Size([64, 800, 64])
torch.Size([64, 800, 64])
torch.Size([64, 800, 64])
torch.Size([64, 800, 64])
torch.Size([64, 800, 64])
torch.Size([64, 800, 64])
torch.Size([64, 800, 64])
torch.Size([64, 800, 64])
torch.Size([64, 800, 64])
torch.Size([64, 800, 64])
torch.Size([64, 800, 64])
torch.Size([64, 800, 64])
torch.Size([64, 800, 64])
torch.Size([64, 800, 64])
torch.Size([64, 800, 64])
torch.Size([64, 800, 64])
torch.Size([64, 800, 64])
torch.Size([30, 800, 64])
Epoch: 4 cost time: 3.706249475479126
torch.Size([64, 800, 64])
torch.Size([64, 800, 64])
torch.Size([64, 800, 64])
torch.Size([64, 800, 64])
torch.Size([64, 800, 64])
torch.Size([64, 800, 64])
torch.Size([64, 800, 64])
torch.Size([64, 800, 64])
torch.Size([64, 800, 64])
torch.Size([64, 800, 64])
torch.Size([64, 800, 64])
torch.Size([64, 800, 64])
torch.Size([64, 800, 64])
torch.Size([64, 800, 64])
torch.Size([64, 800, 64])
torch.Size([64, 800, 64])
torch.Size([64, 800, 64])
torch.Size([64, 800, 64])
torch.Size([64, 800, 64])
torch.Size([64, 800, 64])
torch.Size([64, 800, 64])
torch.Size([64, 800, 64])
torch.Size([64, 800, 64])
torch.Size([64, 800, 64])
torch.Size([64, 800, 64])
torch.Size([64, 800, 64])
torch.Size([64, 800, 64])
torch.Size([64, 800, 64])
torch.Size([64, 800, 64])
torch.Size([64, 800, 64])
torch.Size([64, 800, 64])
torch.Size([64, 800, 64])
torch.Size([64, 800, 64])
torch.Size([64, 800, 64])
torch.Size([64, 800, 64])
torch.Size([64, 800, 64])
torch.Size([64, 800, 64])
torch.Size([64, 800, 64])
torch.Size([64, 800, 64])
torch.Size([64, 800, 64])
torch.Size([64, 800, 64])
torch.Size([64, 800, 64])
torch.Size([64, 800, 64])
torch.Size([64, 800, 64])
torch.Size([64, 800, 64])
torch.Size([64, 800, 64])
torch.Size([7, 800, 64])
torch.Size([64, 800, 64])
torch.Size([64, 800, 64])
torch.Size([64, 800, 64])
torch.Size([64, 800, 64])
torch.Size([64, 800, 64])
torch.Size([64, 800, 64])
torch.Size([64, 800, 64])
torch.Size([64, 800, 64])
torch.Size([64, 800, 64])
torch.Size([64, 800, 64])
torch.Size([64, 800, 64])
torch.Size([64, 800, 64])
torch.Size([64, 800, 64])
torch.Size([64, 800, 64])
torch.Size([64, 800, 64])
torch.Size([64, 800, 64])
torch.Size([64, 800, 64])
torch.Size([64, 800, 64])
torch.Size([64, 800, 64])
torch.Size([64, 800, 64])
torch.Size([64, 800, 64])
torch.Size([64, 800, 64])
torch.Size([64, 800, 64])
torch.Size([64, 800, 64])
torch.Size([64, 800, 64])
torch.Size([64, 800, 64])
torch.Size([64, 800, 64])
torch.Size([64, 800, 64])
torch.Size([64, 800, 64])
torch.Size([64, 800, 64])
torch.Size([64, 800, 64])
torch.Size([64, 800, 64])
torch.Size([64, 800, 64])
torch.Size([64, 800, 64])
torch.Size([64, 800, 64])
torch.Size([64, 800, 64])
torch.Size([64, 800, 64])
torch.Size([64, 800, 64])
torch.Size([64, 800, 64])
torch.Size([64, 800, 64])
torch.Size([64, 800, 64])
torch.Size([64, 800, 64])
torch.Size([64, 800, 64])
torch.Size([64, 800, 64])
torch.Size([64, 800, 64])
torch.Size([64, 800, 64])
torch.Size([8, 800, 64])
Epoch: 4, Steps: 62, | Train Loss: 1.07246
Validation results --- Loss: 1.08251, Accuracy: 0.55676, Precision: 0.55934, Recall: 0.55673, F1: 0.55702, AUROC: 0.78811, AUPRC: 0.59004
Test results --- Loss: 1.09578, Accuracy: 0.53117, Precision: 0.53442, Recall: 0.53110 F1: 0.53116, AUROC: 0.77782, AUPRC: 0.58181
Metric score decreased (-0.548227 --> -0.557023).  Saving model ...

Updating learning rate to 0.00029265847744427303
torch.Size([64, 800, 64])
torch.Size([64, 800, 64])
torch.Size([64, 800, 64])
torch.Size([64, 800, 64])
torch.Size([64, 800, 64])
torch.Size([64, 800, 64])
torch.Size([64, 800, 64])
torch.Size([64, 800, 64])
torch.Size([64, 800, 64])
torch.Size([64, 800, 64])
torch.Size([64, 800, 64])
torch.Size([64, 800, 64])
torch.Size([64, 800, 64])
torch.Size([64, 800, 64])
torch.Size([64, 800, 64])
torch.Size([64, 800, 64])
torch.Size([64, 800, 64])
torch.Size([64, 800, 64])
torch.Size([64, 800, 64])
torch.Size([64, 800, 64])
torch.Size([64, 800, 64])
torch.Size([64, 800, 64])
torch.Size([64, 800, 64])
torch.Size([64, 800, 64])
torch.Size([64, 800, 64])
torch.Size([64, 800, 64])
torch.Size([64, 800, 64])
torch.Size([64, 800, 64])
torch.Size([64, 800, 64])
torch.Size([64, 800, 64])
torch.Size([64, 800, 64])
torch.Size([64, 800, 64])
torch.Size([64, 800, 64])
torch.Size([64, 800, 64])
torch.Size([64, 800, 64])
torch.Size([64, 800, 64])
torch.Size([64, 800, 64])
torch.Size([64, 800, 64])
torch.Size([64, 800, 64])
torch.Size([64, 800, 64])
torch.Size([64, 800, 64])
torch.Size([64, 800, 64])
torch.Size([64, 800, 64])
torch.Size([64, 800, 64])
torch.Size([64, 800, 64])
torch.Size([64, 800, 64])
torch.Size([64, 800, 64])
torch.Size([64, 800, 64])
torch.Size([64, 800, 64])
torch.Size([64, 800, 64])
torch.Size([64, 800, 64])
torch.Size([64, 800, 64])
torch.Size([64, 800, 64])
torch.Size([64, 800, 64])
torch.Size([64, 800, 64])
torch.Size([64, 800, 64])
torch.Size([64, 800, 64])
torch.Size([64, 800, 64])
torch.Size([64, 800, 64])
torch.Size([64, 800, 64])
torch.Size([64, 800, 64])
torch.Size([30, 800, 64])
Epoch: 5 cost time: 3.718752145767212
torch.Size([64, 800, 64])
torch.Size([64, 800, 64])
torch.Size([64, 800, 64])
torch.Size([64, 800, 64])
torch.Size([64, 800, 64])
torch.Size([64, 800, 64])
torch.Size([64, 800, 64])
torch.Size([64, 800, 64])
torch.Size([64, 800, 64])
torch.Size([64, 800, 64])
torch.Size([64, 800, 64])
torch.Size([64, 800, 64])
torch.Size([64, 800, 64])
torch.Size([64, 800, 64])
torch.Size([64, 800, 64])
torch.Size([64, 800, 64])
torch.Size([64, 800, 64])
torch.Size([64, 800, 64])
torch.Size([64, 800, 64])
torch.Size([64, 800, 64])
torch.Size([64, 800, 64])
torch.Size([64, 800, 64])
torch.Size([64, 800, 64])
torch.Size([64, 800, 64])
torch.Size([64, 800, 64])
torch.Size([64, 800, 64])
torch.Size([64, 800, 64])
torch.Size([64, 800, 64])
torch.Size([64, 800, 64])
torch.Size([64, 800, 64])
torch.Size([64, 800, 64])
torch.Size([64, 800, 64])
torch.Size([64, 800, 64])
torch.Size([64, 800, 64])
torch.Size([64, 800, 64])
torch.Size([64, 800, 64])
torch.Size([64, 800, 64])
torch.Size([64, 800, 64])
torch.Size([64, 800, 64])
torch.Size([64, 800, 64])
torch.Size([64, 800, 64])
torch.Size([64, 800, 64])
torch.Size([64, 800, 64])
torch.Size([64, 800, 64])
torch.Size([64, 800, 64])
torch.Size([64, 800, 64])
torch.Size([7, 800, 64])
torch.Size([64, 800, 64])
torch.Size([64, 800, 64])
torch.Size([64, 800, 64])
torch.Size([64, 800, 64])
torch.Size([64, 800, 64])
torch.Size([64, 800, 64])
torch.Size([64, 800, 64])
torch.Size([64, 800, 64])
torch.Size([64, 800, 64])
torch.Size([64, 800, 64])
torch.Size([64, 800, 64])
torch.Size([64, 800, 64])
torch.Size([64, 800, 64])
torch.Size([64, 800, 64])
torch.Size([64, 800, 64])
torch.Size([64, 800, 64])
torch.Size([64, 800, 64])
torch.Size([64, 800, 64])
torch.Size([64, 800, 64])
torch.Size([64, 800, 64])
torch.Size([64, 800, 64])
torch.Size([64, 800, 64])
torch.Size([64, 800, 64])
torch.Size([64, 800, 64])
torch.Size([64, 800, 64])
torch.Size([64, 800, 64])
torch.Size([64, 800, 64])
torch.Size([64, 800, 64])
torch.Size([64, 800, 64])
torch.Size([64, 800, 64])
torch.Size([64, 800, 64])
torch.Size([64, 800, 64])
torch.Size([64, 800, 64])
torch.Size([64, 800, 64])
torch.Size([64, 800, 64])
torch.Size([64, 800, 64])
torch.Size([64, 800, 64])
torch.Size([64, 800, 64])
torch.Size([64, 800, 64])
torch.Size([64, 800, 64])
torch.Size([64, 800, 64])
torch.Size([64, 800, 64])
torch.Size([64, 800, 64])
torch.Size([64, 800, 64])
torch.Size([64, 800, 64])
torch.Size([64, 800, 64])
torch.Size([8, 800, 64])
Epoch: 5, Steps: 62, | Train Loss: 1.06229
Validation results --- Loss: 1.07879, Accuracy: 0.55778, Precision: 0.56603, Recall: 0.55772, F1: 0.56064, AUROC: 0.78884, AUPRC: 0.59016
Test results --- Loss: 1.09768, Accuracy: 0.52541, Precision: 0.53673, Recall: 0.52536 F1: 0.52924, AUROC: 0.77713, AUPRC: 0.58123
Metric score decreased (-0.557023 --> -0.560644).  Saving model ...

Updating learning rate to 0.000288581929876693
torch.Size([64, 800, 64])
torch.Size([64, 800, 64])
torch.Size([64, 800, 64])
torch.Size([64, 800, 64])
torch.Size([64, 800, 64])
torch.Size([64, 800, 64])
torch.Size([64, 800, 64])
torch.Size([64, 800, 64])
torch.Size([64, 800, 64])
torch.Size([64, 800, 64])
torch.Size([64, 800, 64])
torch.Size([64, 800, 64])
torch.Size([64, 800, 64])
torch.Size([64, 800, 64])
torch.Size([64, 800, 64])
torch.Size([64, 800, 64])
torch.Size([64, 800, 64])
torch.Size([64, 800, 64])
torch.Size([64, 800, 64])
torch.Size([64, 800, 64])
torch.Size([64, 800, 64])
torch.Size([64, 800, 64])
torch.Size([64, 800, 64])
torch.Size([64, 800, 64])
torch.Size([64, 800, 64])
torch.Size([64, 800, 64])
torch.Size([64, 800, 64])
torch.Size([64, 800, 64])
torch.Size([64, 800, 64])
torch.Size([64, 800, 64])
torch.Size([64, 800, 64])
torch.Size([64, 800, 64])
torch.Size([64, 800, 64])
torch.Size([64, 800, 64])
torch.Size([64, 800, 64])
torch.Size([64, 800, 64])
torch.Size([64, 800, 64])
torch.Size([64, 800, 64])
torch.Size([64, 800, 64])
torch.Size([64, 800, 64])
torch.Size([64, 800, 64])
torch.Size([64, 800, 64])
torch.Size([64, 800, 64])
torch.Size([64, 800, 64])
torch.Size([64, 800, 64])
torch.Size([64, 800, 64])
torch.Size([64, 800, 64])
torch.Size([64, 800, 64])
torch.Size([64, 800, 64])
torch.Size([64, 800, 64])
torch.Size([64, 800, 64])
torch.Size([64, 800, 64])
torch.Size([64, 800, 64])
torch.Size([64, 800, 64])
torch.Size([64, 800, 64])
torch.Size([64, 800, 64])
torch.Size([64, 800, 64])
torch.Size([64, 800, 64])
torch.Size([64, 800, 64])
torch.Size([64, 800, 64])
torch.Size([64, 800, 64])
torch.Size([30, 800, 64])
Epoch: 6 cost time: 3.7537591457366943
torch.Size([64, 800, 64])
torch.Size([64, 800, 64])
torch.Size([64, 800, 64])
torch.Size([64, 800, 64])
torch.Size([64, 800, 64])
torch.Size([64, 800, 64])
torch.Size([64, 800, 64])
torch.Size([64, 800, 64])
torch.Size([64, 800, 64])
torch.Size([64, 800, 64])
torch.Size([64, 800, 64])
torch.Size([64, 800, 64])
torch.Size([64, 800, 64])
torch.Size([64, 800, 64])
torch.Size([64, 800, 64])
torch.Size([64, 800, 64])
torch.Size([64, 800, 64])
torch.Size([64, 800, 64])
torch.Size([64, 800, 64])
torch.Size([64, 800, 64])
torch.Size([64, 800, 64])
torch.Size([64, 800, 64])
torch.Size([64, 800, 64])
torch.Size([64, 800, 64])
torch.Size([64, 800, 64])
torch.Size([64, 800, 64])
torch.Size([64, 800, 64])
torch.Size([64, 800, 64])
torch.Size([64, 800, 64])
torch.Size([64, 800, 64])
torch.Size([64, 800, 64])
torch.Size([64, 800, 64])
torch.Size([64, 800, 64])
torch.Size([64, 800, 64])
torch.Size([64, 800, 64])
torch.Size([64, 800, 64])
torch.Size([64, 800, 64])
torch.Size([64, 800, 64])
torch.Size([64, 800, 64])
torch.Size([64, 800, 64])
torch.Size([64, 800, 64])
torch.Size([64, 800, 64])
torch.Size([64, 800, 64])
torch.Size([64, 800, 64])
torch.Size([64, 800, 64])
torch.Size([64, 800, 64])
torch.Size([7, 800, 64])
torch.Size([64, 800, 64])
torch.Size([64, 800, 64])
torch.Size([64, 800, 64])
torch.Size([64, 800, 64])
torch.Size([64, 800, 64])
torch.Size([64, 800, 64])
torch.Size([64, 800, 64])
torch.Size([64, 800, 64])
torch.Size([64, 800, 64])
torch.Size([64, 800, 64])
torch.Size([64, 800, 64])
torch.Size([64, 800, 64])
torch.Size([64, 800, 64])
torch.Size([64, 800, 64])
torch.Size([64, 800, 64])
torch.Size([64, 800, 64])
torch.Size([64, 800, 64])
torch.Size([64, 800, 64])
torch.Size([64, 800, 64])
torch.Size([64, 800, 64])
torch.Size([64, 800, 64])
torch.Size([64, 800, 64])
torch.Size([64, 800, 64])
torch.Size([64, 800, 64])
torch.Size([64, 800, 64])
torch.Size([64, 800, 64])
torch.Size([64, 800, 64])
torch.Size([64, 800, 64])
torch.Size([64, 800, 64])
torch.Size([64, 800, 64])
torch.Size([64, 800, 64])
torch.Size([64, 800, 64])
torch.Size([64, 800, 64])
torch.Size([64, 800, 64])
torch.Size([64, 800, 64])
torch.Size([64, 800, 64])
torch.Size([64, 800, 64])
torch.Size([64, 800, 64])
torch.Size([64, 800, 64])
torch.Size([64, 800, 64])
torch.Size([64, 800, 64])
torch.Size([64, 800, 64])
torch.Size([64, 800, 64])
torch.Size([64, 800, 64])
torch.Size([64, 800, 64])
torch.Size([64, 800, 64])
torch.Size([8, 800, 64])
Epoch: 6, Steps: 62, | Train Loss: 1.05742
Validation results --- Loss: 1.07538, Accuracy: 0.56286, Precision: 0.56668, Recall: 0.56297, F1: 0.56405, AUROC: 0.79122, AUPRC: 0.59757
Test results --- Loss: 1.09573, Accuracy: 0.52676, Precision: 0.52979, Recall: 0.52683 F1: 0.52807, AUROC: 0.77862, AUPRC: 0.58453
Metric score decreased (-0.560644 --> -0.564049).  Saving model ...

Updating learning rate to 0.00028365097862825513
torch.Size([64, 800, 64])
torch.Size([64, 800, 64])
torch.Size([64, 800, 64])
torch.Size([64, 800, 64])
torch.Size([64, 800, 64])
torch.Size([64, 800, 64])
torch.Size([64, 800, 64])
torch.Size([64, 800, 64])
torch.Size([64, 800, 64])
torch.Size([64, 800, 64])
torch.Size([64, 800, 64])
torch.Size([64, 800, 64])
torch.Size([64, 800, 64])
torch.Size([64, 800, 64])
torch.Size([64, 800, 64])
torch.Size([64, 800, 64])
torch.Size([64, 800, 64])
torch.Size([64, 800, 64])
torch.Size([64, 800, 64])
torch.Size([64, 800, 64])
torch.Size([64, 800, 64])
torch.Size([64, 800, 64])
torch.Size([64, 800, 64])
torch.Size([64, 800, 64])
torch.Size([64, 800, 64])
torch.Size([64, 800, 64])
torch.Size([64, 800, 64])
torch.Size([64, 800, 64])
torch.Size([64, 800, 64])
torch.Size([64, 800, 64])
torch.Size([64, 800, 64])
torch.Size([64, 800, 64])
torch.Size([64, 800, 64])
torch.Size([64, 800, 64])
torch.Size([64, 800, 64])
torch.Size([64, 800, 64])
torch.Size([64, 800, 64])
torch.Size([64, 800, 64])
torch.Size([64, 800, 64])
torch.Size([64, 800, 64])
torch.Size([64, 800, 64])
torch.Size([64, 800, 64])
torch.Size([64, 800, 64])
torch.Size([64, 800, 64])
torch.Size([64, 800, 64])
torch.Size([64, 800, 64])
torch.Size([64, 800, 64])
torch.Size([64, 800, 64])
torch.Size([64, 800, 64])
torch.Size([64, 800, 64])
torch.Size([64, 800, 64])
torch.Size([64, 800, 64])
torch.Size([64, 800, 64])
torch.Size([64, 800, 64])
torch.Size([64, 800, 64])
torch.Size([64, 800, 64])
torch.Size([64, 800, 64])
torch.Size([64, 800, 64])
torch.Size([64, 800, 64])
torch.Size([64, 800, 64])
torch.Size([64, 800, 64])
torch.Size([30, 800, 64])
Epoch: 7 cost time: 3.7556097507476807
torch.Size([64, 800, 64])
torch.Size([64, 800, 64])
torch.Size([64, 800, 64])
torch.Size([64, 800, 64])
torch.Size([64, 800, 64])
torch.Size([64, 800, 64])
torch.Size([64, 800, 64])
torch.Size([64, 800, 64])
torch.Size([64, 800, 64])
torch.Size([64, 800, 64])
torch.Size([64, 800, 64])
torch.Size([64, 800, 64])
torch.Size([64, 800, 64])
torch.Size([64, 800, 64])
torch.Size([64, 800, 64])
torch.Size([64, 800, 64])
torch.Size([64, 800, 64])
torch.Size([64, 800, 64])
torch.Size([64, 800, 64])
torch.Size([64, 800, 64])
torch.Size([64, 800, 64])
torch.Size([64, 800, 64])
torch.Size([64, 800, 64])
torch.Size([64, 800, 64])
torch.Size([64, 800, 64])
torch.Size([64, 800, 64])
torch.Size([64, 800, 64])
torch.Size([64, 800, 64])
torch.Size([64, 800, 64])
torch.Size([64, 800, 64])
torch.Size([64, 800, 64])
torch.Size([64, 800, 64])
torch.Size([64, 800, 64])
torch.Size([64, 800, 64])
torch.Size([64, 800, 64])
torch.Size([64, 800, 64])
torch.Size([64, 800, 64])
torch.Size([64, 800, 64])
torch.Size([64, 800, 64])
torch.Size([64, 800, 64])
torch.Size([64, 800, 64])
torch.Size([64, 800, 64])
torch.Size([64, 800, 64])
torch.Size([64, 800, 64])
torch.Size([64, 800, 64])
torch.Size([64, 800, 64])
torch.Size([7, 800, 64])
torch.Size([64, 800, 64])
torch.Size([64, 800, 64])
torch.Size([64, 800, 64])
torch.Size([64, 800, 64])
torch.Size([64, 800, 64])
torch.Size([64, 800, 64])
torch.Size([64, 800, 64])
torch.Size([64, 800, 64])
torch.Size([64, 800, 64])
torch.Size([64, 800, 64])
torch.Size([64, 800, 64])
torch.Size([64, 800, 64])
torch.Size([64, 800, 64])
torch.Size([64, 800, 64])
torch.Size([64, 800, 64])
torch.Size([64, 800, 64])
torch.Size([64, 800, 64])
torch.Size([64, 800, 64])
torch.Size([64, 800, 64])
torch.Size([64, 800, 64])
torch.Size([64, 800, 64])
torch.Size([64, 800, 64])
torch.Size([64, 800, 64])
torch.Size([64, 800, 64])
torch.Size([64, 800, 64])
torch.Size([64, 800, 64])
torch.Size([64, 800, 64])
torch.Size([64, 800, 64])
torch.Size([64, 800, 64])
torch.Size([64, 800, 64])
torch.Size([64, 800, 64])
torch.Size([64, 800, 64])
torch.Size([64, 800, 64])
torch.Size([64, 800, 64])
torch.Size([64, 800, 64])
torch.Size([64, 800, 64])
torch.Size([64, 800, 64])
torch.Size([64, 800, 64])
torch.Size([64, 800, 64])
torch.Size([64, 800, 64])
torch.Size([64, 800, 64])
torch.Size([64, 800, 64])
torch.Size([64, 800, 64])
torch.Size([64, 800, 64])
torch.Size([64, 800, 64])
torch.Size([64, 800, 64])
torch.Size([8, 800, 64])
Epoch: 7, Steps: 62, | Train Loss: 1.05126
Validation results --- Loss: 1.07272, Accuracy: 0.55608, Precision: 0.56756, Recall: 0.55602, F1: 0.55974, AUROC: 0.79137, AUPRC: 0.59612
Test results --- Loss: 1.09344, Accuracy: 0.52778, Precision: 0.54442, Recall: 0.52766 F1: 0.53244, AUROC: 0.77897, AUPRC: 0.58563
EarlyStopping counter: 1 out of 10
Updating learning rate to 0.0002778960246531138
torch.Size([64, 800, 64])
torch.Size([64, 800, 64])
torch.Size([64, 800, 64])
torch.Size([64, 800, 64])
torch.Size([64, 800, 64])
torch.Size([64, 800, 64])
torch.Size([64, 800, 64])
torch.Size([64, 800, 64])
torch.Size([64, 800, 64])
torch.Size([64, 800, 64])
torch.Size([64, 800, 64])
torch.Size([64, 800, 64])
torch.Size([64, 800, 64])
torch.Size([64, 800, 64])
torch.Size([64, 800, 64])
torch.Size([64, 800, 64])
torch.Size([64, 800, 64])
torch.Size([64, 800, 64])
torch.Size([64, 800, 64])
torch.Size([64, 800, 64])
torch.Size([64, 800, 64])
torch.Size([64, 800, 64])
torch.Size([64, 800, 64])
torch.Size([64, 800, 64])
torch.Size([64, 800, 64])
torch.Size([64, 800, 64])
torch.Size([64, 800, 64])
torch.Size([64, 800, 64])
torch.Size([64, 800, 64])
torch.Size([64, 800, 64])
torch.Size([64, 800, 64])
torch.Size([64, 800, 64])
torch.Size([64, 800, 64])
torch.Size([64, 800, 64])
torch.Size([64, 800, 64])
torch.Size([64, 800, 64])
torch.Size([64, 800, 64])
torch.Size([64, 800, 64])
torch.Size([64, 800, 64])
torch.Size([64, 800, 64])
torch.Size([64, 800, 64])
torch.Size([64, 800, 64])
torch.Size([64, 800, 64])
torch.Size([64, 800, 64])
torch.Size([64, 800, 64])
torch.Size([64, 800, 64])
torch.Size([64, 800, 64])
torch.Size([64, 800, 64])
torch.Size([64, 800, 64])
torch.Size([64, 800, 64])
torch.Size([64, 800, 64])
torch.Size([64, 800, 64])
torch.Size([64, 800, 64])
torch.Size([64, 800, 64])
torch.Size([64, 800, 64])
torch.Size([64, 800, 64])
torch.Size([64, 800, 64])
torch.Size([64, 800, 64])
torch.Size([64, 800, 64])
torch.Size([64, 800, 64])
torch.Size([64, 800, 64])
torch.Size([30, 800, 64])
Epoch: 8 cost time: 3.703559398651123
torch.Size([64, 800, 64])
torch.Size([64, 800, 64])
torch.Size([64, 800, 64])
torch.Size([64, 800, 64])
torch.Size([64, 800, 64])
torch.Size([64, 800, 64])
torch.Size([64, 800, 64])
torch.Size([64, 800, 64])
torch.Size([64, 800, 64])
torch.Size([64, 800, 64])
torch.Size([64, 800, 64])
torch.Size([64, 800, 64])
torch.Size([64, 800, 64])
torch.Size([64, 800, 64])
torch.Size([64, 800, 64])
torch.Size([64, 800, 64])
torch.Size([64, 800, 64])
torch.Size([64, 800, 64])
torch.Size([64, 800, 64])
torch.Size([64, 800, 64])
torch.Size([64, 800, 64])
torch.Size([64, 800, 64])
torch.Size([64, 800, 64])
torch.Size([64, 800, 64])
torch.Size([64, 800, 64])
torch.Size([64, 800, 64])
torch.Size([64, 800, 64])
torch.Size([64, 800, 64])
torch.Size([64, 800, 64])
torch.Size([64, 800, 64])
torch.Size([64, 800, 64])
torch.Size([64, 800, 64])
torch.Size([64, 800, 64])
torch.Size([64, 800, 64])
torch.Size([64, 800, 64])
torch.Size([64, 800, 64])
torch.Size([64, 800, 64])
torch.Size([64, 800, 64])
torch.Size([64, 800, 64])
torch.Size([64, 800, 64])
torch.Size([64, 800, 64])
torch.Size([64, 800, 64])
torch.Size([64, 800, 64])
torch.Size([64, 800, 64])
torch.Size([64, 800, 64])
torch.Size([64, 800, 64])
torch.Size([7, 800, 64])
torch.Size([64, 800, 64])
torch.Size([64, 800, 64])
torch.Size([64, 800, 64])
torch.Size([64, 800, 64])
torch.Size([64, 800, 64])
torch.Size([64, 800, 64])
torch.Size([64, 800, 64])
torch.Size([64, 800, 64])
torch.Size([64, 800, 64])
torch.Size([64, 800, 64])
torch.Size([64, 800, 64])
torch.Size([64, 800, 64])
torch.Size([64, 800, 64])
torch.Size([64, 800, 64])
torch.Size([64, 800, 64])
torch.Size([64, 800, 64])
torch.Size([64, 800, 64])
torch.Size([64, 800, 64])
torch.Size([64, 800, 64])
torch.Size([64, 800, 64])
torch.Size([64, 800, 64])
torch.Size([64, 800, 64])
torch.Size([64, 800, 64])
torch.Size([64, 800, 64])
torch.Size([64, 800, 64])
torch.Size([64, 800, 64])
torch.Size([64, 800, 64])
torch.Size([64, 800, 64])
torch.Size([64, 800, 64])
torch.Size([64, 800, 64])
torch.Size([64, 800, 64])
torch.Size([64, 800, 64])
torch.Size([64, 800, 64])
torch.Size([64, 800, 64])
torch.Size([64, 800, 64])
torch.Size([64, 800, 64])
torch.Size([64, 800, 64])
torch.Size([64, 800, 64])
torch.Size([64, 800, 64])
torch.Size([64, 800, 64])
torch.Size([64, 800, 64])
torch.Size([64, 800, 64])
torch.Size([64, 800, 64])
torch.Size([64, 800, 64])
torch.Size([64, 800, 64])
torch.Size([64, 800, 64])
torch.Size([8, 800, 64])
Epoch: 8, Steps: 62, | Train Loss: 1.04504
Validation results --- Loss: 1.07224, Accuracy: 0.56049, Precision: 0.56723, Recall: 0.56054, F1: 0.56251, AUROC: 0.79187, AUPRC: 0.59645
Test results --- Loss: 1.09433, Accuracy: 0.52913, Precision: 0.53950, Recall: 0.52917 F1: 0.53215, AUROC: 0.77929, AUPRC: 0.58657
EarlyStopping counter: 2 out of 10
Updating learning rate to 0.0002713525491562421
torch.Size([64, 800, 64])
torch.Size([64, 800, 64])
torch.Size([64, 800, 64])
torch.Size([64, 800, 64])
torch.Size([64, 800, 64])
torch.Size([64, 800, 64])
torch.Size([64, 800, 64])
torch.Size([64, 800, 64])
torch.Size([64, 800, 64])
torch.Size([64, 800, 64])
torch.Size([64, 800, 64])
torch.Size([64, 800, 64])
torch.Size([64, 800, 64])
torch.Size([64, 800, 64])
torch.Size([64, 800, 64])
torch.Size([64, 800, 64])
torch.Size([64, 800, 64])
torch.Size([64, 800, 64])
torch.Size([64, 800, 64])
torch.Size([64, 800, 64])
torch.Size([64, 800, 64])
torch.Size([64, 800, 64])
torch.Size([64, 800, 64])
torch.Size([64, 800, 64])
torch.Size([64, 800, 64])
torch.Size([64, 800, 64])
torch.Size([64, 800, 64])
torch.Size([64, 800, 64])
torch.Size([64, 800, 64])
torch.Size([64, 800, 64])
torch.Size([64, 800, 64])
torch.Size([64, 800, 64])
torch.Size([64, 800, 64])
torch.Size([64, 800, 64])
torch.Size([64, 800, 64])
torch.Size([64, 800, 64])
torch.Size([64, 800, 64])
torch.Size([64, 800, 64])
torch.Size([64, 800, 64])
torch.Size([64, 800, 64])
torch.Size([64, 800, 64])
torch.Size([64, 800, 64])
torch.Size([64, 800, 64])
torch.Size([64, 800, 64])
torch.Size([64, 800, 64])
torch.Size([64, 800, 64])
torch.Size([64, 800, 64])
torch.Size([64, 800, 64])
torch.Size([64, 800, 64])
torch.Size([64, 800, 64])
torch.Size([64, 800, 64])
torch.Size([64, 800, 64])
torch.Size([64, 800, 64])
torch.Size([64, 800, 64])
torch.Size([64, 800, 64])
torch.Size([64, 800, 64])
torch.Size([64, 800, 64])
torch.Size([64, 800, 64])
torch.Size([64, 800, 64])
torch.Size([64, 800, 64])
torch.Size([64, 800, 64])
torch.Size([30, 800, 64])
Epoch: 9 cost time: 3.7134478092193604
torch.Size([64, 800, 64])
torch.Size([64, 800, 64])
torch.Size([64, 800, 64])
torch.Size([64, 800, 64])
torch.Size([64, 800, 64])
torch.Size([64, 800, 64])
torch.Size([64, 800, 64])
torch.Size([64, 800, 64])
torch.Size([64, 800, 64])
torch.Size([64, 800, 64])
torch.Size([64, 800, 64])
torch.Size([64, 800, 64])
torch.Size([64, 800, 64])
torch.Size([64, 800, 64])
torch.Size([64, 800, 64])
torch.Size([64, 800, 64])
torch.Size([64, 800, 64])
torch.Size([64, 800, 64])
torch.Size([64, 800, 64])
torch.Size([64, 800, 64])
torch.Size([64, 800, 64])
torch.Size([64, 800, 64])
torch.Size([64, 800, 64])
torch.Size([64, 800, 64])
torch.Size([64, 800, 64])
torch.Size([64, 800, 64])
torch.Size([64, 800, 64])
torch.Size([64, 800, 64])
torch.Size([64, 800, 64])
torch.Size([64, 800, 64])
torch.Size([64, 800, 64])
torch.Size([64, 800, 64])
torch.Size([64, 800, 64])
torch.Size([64, 800, 64])
torch.Size([64, 800, 64])
torch.Size([64, 800, 64])
torch.Size([64, 800, 64])
torch.Size([64, 800, 64])
torch.Size([64, 800, 64])
torch.Size([64, 800, 64])
torch.Size([64, 800, 64])
torch.Size([64, 800, 64])
torch.Size([64, 800, 64])
torch.Size([64, 800, 64])
torch.Size([64, 800, 64])
torch.Size([64, 800, 64])
torch.Size([7, 800, 64])
torch.Size([64, 800, 64])
torch.Size([64, 800, 64])
torch.Size([64, 800, 64])
torch.Size([64, 800, 64])
torch.Size([64, 800, 64])
torch.Size([64, 800, 64])
torch.Size([64, 800, 64])
torch.Size([64, 800, 64])
torch.Size([64, 800, 64])
torch.Size([64, 800, 64])
torch.Size([64, 800, 64])
torch.Size([64, 800, 64])
torch.Size([64, 800, 64])
torch.Size([64, 800, 64])
torch.Size([64, 800, 64])
torch.Size([64, 800, 64])
torch.Size([64, 800, 64])
torch.Size([64, 800, 64])
torch.Size([64, 800, 64])
torch.Size([64, 800, 64])
torch.Size([64, 800, 64])
torch.Size([64, 800, 64])
torch.Size([64, 800, 64])
torch.Size([64, 800, 64])
torch.Size([64, 800, 64])
torch.Size([64, 800, 64])
torch.Size([64, 800, 64])
torch.Size([64, 800, 64])
torch.Size([64, 800, 64])
torch.Size([64, 800, 64])
torch.Size([64, 800, 64])
torch.Size([64, 800, 64])
torch.Size([64, 800, 64])
torch.Size([64, 800, 64])
torch.Size([64, 800, 64])
torch.Size([64, 800, 64])
torch.Size([64, 800, 64])
torch.Size([64, 800, 64])
torch.Size([64, 800, 64])
torch.Size([64, 800, 64])
torch.Size([64, 800, 64])
torch.Size([64, 800, 64])
torch.Size([64, 800, 64])
torch.Size([64, 800, 64])
torch.Size([64, 800, 64])
torch.Size([64, 800, 64])
torch.Size([8, 800, 64])
Epoch: 9, Steps: 62, | Train Loss: 1.04576
Validation results --- Loss: 1.06950, Accuracy: 0.56218, Precision: 0.57063, Recall: 0.56220, F1: 0.56488, AUROC: 0.79260, AUPRC: 0.59774
Test results --- Loss: 1.09180, Accuracy: 0.52778, Precision: 0.54075, Recall: 0.52775 F1: 0.53187, AUROC: 0.77909, AUPRC: 0.58585
Metric score decreased (-0.564049 --> -0.564876).  Saving model ...

Updating learning rate to 0.00026406089484000466
torch.Size([64, 800, 64])
torch.Size([64, 800, 64])
torch.Size([64, 800, 64])
torch.Size([64, 800, 64])
torch.Size([64, 800, 64])
torch.Size([64, 800, 64])
torch.Size([64, 800, 64])
torch.Size([64, 800, 64])
torch.Size([64, 800, 64])
torch.Size([64, 800, 64])
torch.Size([64, 800, 64])
torch.Size([64, 800, 64])
torch.Size([64, 800, 64])
torch.Size([64, 800, 64])
torch.Size([64, 800, 64])
torch.Size([64, 800, 64])
torch.Size([64, 800, 64])
torch.Size([64, 800, 64])
torch.Size([64, 800, 64])
torch.Size([64, 800, 64])
torch.Size([64, 800, 64])
torch.Size([64, 800, 64])
torch.Size([64, 800, 64])
torch.Size([64, 800, 64])
torch.Size([64, 800, 64])
torch.Size([64, 800, 64])
torch.Size([64, 800, 64])
torch.Size([64, 800, 64])
torch.Size([64, 800, 64])
torch.Size([64, 800, 64])
torch.Size([64, 800, 64])
torch.Size([64, 800, 64])
torch.Size([64, 800, 64])
torch.Size([64, 800, 64])
torch.Size([64, 800, 64])
torch.Size([64, 800, 64])
torch.Size([64, 800, 64])
torch.Size([64, 800, 64])
torch.Size([64, 800, 64])
torch.Size([64, 800, 64])
torch.Size([64, 800, 64])
torch.Size([64, 800, 64])
torch.Size([64, 800, 64])
torch.Size([64, 800, 64])
torch.Size([64, 800, 64])
torch.Size([64, 800, 64])
torch.Size([64, 800, 64])
torch.Size([64, 800, 64])
torch.Size([64, 800, 64])
torch.Size([64, 800, 64])
torch.Size([64, 800, 64])
torch.Size([64, 800, 64])
torch.Size([64, 800, 64])
torch.Size([64, 800, 64])
torch.Size([64, 800, 64])
torch.Size([64, 800, 64])
torch.Size([64, 800, 64])
torch.Size([64, 800, 64])
torch.Size([64, 800, 64])
torch.Size([64, 800, 64])
torch.Size([64, 800, 64])
torch.Size([30, 800, 64])
Epoch: 10 cost time: 3.739070177078247
torch.Size([64, 800, 64])
torch.Size([64, 800, 64])
torch.Size([64, 800, 64])
torch.Size([64, 800, 64])
torch.Size([64, 800, 64])
torch.Size([64, 800, 64])
torch.Size([64, 800, 64])
torch.Size([64, 800, 64])
torch.Size([64, 800, 64])
torch.Size([64, 800, 64])
torch.Size([64, 800, 64])
torch.Size([64, 800, 64])
torch.Size([64, 800, 64])
torch.Size([64, 800, 64])
torch.Size([64, 800, 64])
torch.Size([64, 800, 64])
torch.Size([64, 800, 64])
torch.Size([64, 800, 64])
torch.Size([64, 800, 64])
torch.Size([64, 800, 64])
torch.Size([64, 800, 64])
torch.Size([64, 800, 64])
torch.Size([64, 800, 64])
torch.Size([64, 800, 64])
torch.Size([64, 800, 64])
torch.Size([64, 800, 64])
torch.Size([64, 800, 64])
torch.Size([64, 800, 64])
torch.Size([64, 800, 64])
torch.Size([64, 800, 64])
torch.Size([64, 800, 64])
torch.Size([64, 800, 64])
torch.Size([64, 800, 64])
torch.Size([64, 800, 64])
torch.Size([64, 800, 64])
torch.Size([64, 800, 64])
torch.Size([64, 800, 64])
torch.Size([64, 800, 64])
torch.Size([64, 800, 64])
torch.Size([64, 800, 64])
torch.Size([64, 800, 64])
torch.Size([64, 800, 64])
torch.Size([64, 800, 64])
torch.Size([64, 800, 64])
torch.Size([64, 800, 64])
torch.Size([64, 800, 64])
torch.Size([7, 800, 64])
torch.Size([64, 800, 64])
torch.Size([64, 800, 64])
torch.Size([64, 800, 64])
torch.Size([64, 800, 64])
torch.Size([64, 800, 64])
torch.Size([64, 800, 64])
torch.Size([64, 800, 64])
torch.Size([64, 800, 64])
torch.Size([64, 800, 64])
torch.Size([64, 800, 64])
torch.Size([64, 800, 64])
torch.Size([64, 800, 64])
torch.Size([64, 800, 64])
torch.Size([64, 800, 64])
torch.Size([64, 800, 64])
torch.Size([64, 800, 64])
torch.Size([64, 800, 64])
torch.Size([64, 800, 64])
torch.Size([64, 800, 64])
torch.Size([64, 800, 64])
torch.Size([64, 800, 64])
torch.Size([64, 800, 64])
torch.Size([64, 800, 64])
torch.Size([64, 800, 64])
torch.Size([64, 800, 64])
torch.Size([64, 800, 64])
torch.Size([64, 800, 64])
torch.Size([64, 800, 64])
torch.Size([64, 800, 64])
torch.Size([64, 800, 64])
torch.Size([64, 800, 64])
torch.Size([64, 800, 64])
torch.Size([64, 800, 64])
torch.Size([64, 800, 64])
torch.Size([64, 800, 64])
torch.Size([64, 800, 64])
torch.Size([64, 800, 64])
torch.Size([64, 800, 64])
torch.Size([64, 800, 64])
torch.Size([64, 800, 64])
torch.Size([64, 800, 64])
torch.Size([64, 800, 64])
torch.Size([64, 800, 64])
torch.Size([64, 800, 64])
torch.Size([64, 800, 64])
torch.Size([64, 800, 64])
torch.Size([8, 800, 64])
Epoch: 10, Steps: 62, | Train Loss: 1.04206
Validation results --- Loss: 1.06979, Accuracy: 0.56150, Precision: 0.57304, Recall: 0.56153, F1: 0.56517, AUROC: 0.79378, AUPRC: 0.60207
Test results --- Loss: 1.09450, Accuracy: 0.53354, Precision: 0.54778, Recall: 0.53346 F1: 0.53786, AUROC: 0.77964, AUPRC: 0.58825
Metric score decreased (-0.564876 --> -0.565166).  Saving model ...

Updating learning rate to 0.00025606601717798207
torch.Size([64, 800, 64])
torch.Size([64, 800, 64])
torch.Size([64, 800, 64])
torch.Size([64, 800, 64])
torch.Size([64, 800, 64])
torch.Size([64, 800, 64])
torch.Size([64, 800, 64])
torch.Size([64, 800, 64])
torch.Size([64, 800, 64])
torch.Size([64, 800, 64])
torch.Size([64, 800, 64])
torch.Size([64, 800, 64])
torch.Size([64, 800, 64])
torch.Size([64, 800, 64])
torch.Size([64, 800, 64])
torch.Size([64, 800, 64])
torch.Size([64, 800, 64])
torch.Size([64, 800, 64])
torch.Size([64, 800, 64])
torch.Size([64, 800, 64])
torch.Size([64, 800, 64])
torch.Size([64, 800, 64])
torch.Size([64, 800, 64])
torch.Size([64, 800, 64])
torch.Size([64, 800, 64])
torch.Size([64, 800, 64])
torch.Size([64, 800, 64])
torch.Size([64, 800, 64])
torch.Size([64, 800, 64])
torch.Size([64, 800, 64])
torch.Size([64, 800, 64])
torch.Size([64, 800, 64])
torch.Size([64, 800, 64])
torch.Size([64, 800, 64])
torch.Size([64, 800, 64])
torch.Size([64, 800, 64])
torch.Size([64, 800, 64])
torch.Size([64, 800, 64])
torch.Size([64, 800, 64])
torch.Size([64, 800, 64])
torch.Size([64, 800, 64])
torch.Size([64, 800, 64])
torch.Size([64, 800, 64])
torch.Size([64, 800, 64])
torch.Size([64, 800, 64])
torch.Size([64, 800, 64])
torch.Size([64, 800, 64])
torch.Size([64, 800, 64])
torch.Size([64, 800, 64])
torch.Size([64, 800, 64])
torch.Size([64, 800, 64])
torch.Size([64, 800, 64])
torch.Size([64, 800, 64])
torch.Size([64, 800, 64])
torch.Size([64, 800, 64])
torch.Size([64, 800, 64])
torch.Size([64, 800, 64])
torch.Size([64, 800, 64])
torch.Size([64, 800, 64])
torch.Size([64, 800, 64])
torch.Size([64, 800, 64])
torch.Size([30, 800, 64])
Epoch: 11 cost time: 3.7597763538360596
torch.Size([64, 800, 64])
torch.Size([64, 800, 64])
torch.Size([64, 800, 64])
torch.Size([64, 800, 64])
torch.Size([64, 800, 64])
torch.Size([64, 800, 64])
torch.Size([64, 800, 64])
torch.Size([64, 800, 64])
torch.Size([64, 800, 64])
torch.Size([64, 800, 64])
torch.Size([64, 800, 64])
torch.Size([64, 800, 64])
torch.Size([64, 800, 64])
torch.Size([64, 800, 64])
torch.Size([64, 800, 64])
torch.Size([64, 800, 64])
torch.Size([64, 800, 64])
torch.Size([64, 800, 64])
torch.Size([64, 800, 64])
torch.Size([64, 800, 64])
torch.Size([64, 800, 64])
torch.Size([64, 800, 64])
torch.Size([64, 800, 64])
torch.Size([64, 800, 64])
torch.Size([64, 800, 64])
torch.Size([64, 800, 64])
torch.Size([64, 800, 64])
torch.Size([64, 800, 64])
torch.Size([64, 800, 64])
torch.Size([64, 800, 64])
torch.Size([64, 800, 64])
torch.Size([64, 800, 64])
torch.Size([64, 800, 64])
torch.Size([64, 800, 64])
torch.Size([64, 800, 64])
torch.Size([64, 800, 64])
torch.Size([64, 800, 64])
torch.Size([64, 800, 64])
torch.Size([64, 800, 64])
torch.Size([64, 800, 64])
torch.Size([64, 800, 64])
torch.Size([64, 800, 64])
torch.Size([64, 800, 64])
torch.Size([64, 800, 64])
torch.Size([64, 800, 64])
torch.Size([64, 800, 64])
torch.Size([7, 800, 64])
torch.Size([64, 800, 64])
torch.Size([64, 800, 64])
torch.Size([64, 800, 64])
torch.Size([64, 800, 64])
torch.Size([64, 800, 64])
torch.Size([64, 800, 64])
torch.Size([64, 800, 64])
torch.Size([64, 800, 64])
torch.Size([64, 800, 64])
torch.Size([64, 800, 64])
torch.Size([64, 800, 64])
torch.Size([64, 800, 64])
torch.Size([64, 800, 64])
torch.Size([64, 800, 64])
torch.Size([64, 800, 64])
torch.Size([64, 800, 64])
torch.Size([64, 800, 64])
torch.Size([64, 800, 64])
torch.Size([64, 800, 64])
torch.Size([64, 800, 64])
torch.Size([64, 800, 64])
torch.Size([64, 800, 64])
torch.Size([64, 800, 64])
torch.Size([64, 800, 64])
torch.Size([64, 800, 64])
torch.Size([64, 800, 64])
torch.Size([64, 800, 64])
torch.Size([64, 800, 64])
torch.Size([64, 800, 64])
torch.Size([64, 800, 64])
torch.Size([64, 800, 64])
torch.Size([64, 800, 64])
torch.Size([64, 800, 64])
torch.Size([64, 800, 64])
torch.Size([64, 800, 64])
torch.Size([64, 800, 64])
torch.Size([64, 800, 64])
torch.Size([64, 800, 64])
torch.Size([64, 800, 64])
torch.Size([64, 800, 64])
torch.Size([64, 800, 64])
torch.Size([64, 800, 64])
torch.Size([64, 800, 64])
torch.Size([64, 800, 64])
torch.Size([64, 800, 64])
torch.Size([64, 800, 64])
torch.Size([8, 800, 64])
Epoch: 11, Steps: 62, | Train Loss: 1.03818
Validation results --- Loss: 1.07090, Accuracy: 0.55642, Precision: 0.55907, Recall: 0.55640, F1: 0.55734, AUROC: 0.79225, AUPRC: 0.59650
Test results --- Loss: 1.09333, Accuracy: 0.53083, Precision: 0.53861, Recall: 0.53074 F1: 0.53305, AUROC: 0.77923, AUPRC: 0.58620
EarlyStopping counter: 1 out of 10
Updating learning rate to 0.0002474172072495275
torch.Size([64, 800, 64])
torch.Size([64, 800, 64])
torch.Size([64, 800, 64])
torch.Size([64, 800, 64])
torch.Size([64, 800, 64])
torch.Size([64, 800, 64])
torch.Size([64, 800, 64])
torch.Size([64, 800, 64])
torch.Size([64, 800, 64])
torch.Size([64, 800, 64])
torch.Size([64, 800, 64])
torch.Size([64, 800, 64])
torch.Size([64, 800, 64])
torch.Size([64, 800, 64])
torch.Size([64, 800, 64])
torch.Size([64, 800, 64])
torch.Size([64, 800, 64])
torch.Size([64, 800, 64])
torch.Size([64, 800, 64])
torch.Size([64, 800, 64])
torch.Size([64, 800, 64])
torch.Size([64, 800, 64])
torch.Size([64, 800, 64])
torch.Size([64, 800, 64])
torch.Size([64, 800, 64])
torch.Size([64, 800, 64])
torch.Size([64, 800, 64])
torch.Size([64, 800, 64])
torch.Size([64, 800, 64])
torch.Size([64, 800, 64])
torch.Size([64, 800, 64])
torch.Size([64, 800, 64])
torch.Size([64, 800, 64])
torch.Size([64, 800, 64])
torch.Size([64, 800, 64])
torch.Size([64, 800, 64])
torch.Size([64, 800, 64])
torch.Size([64, 800, 64])
torch.Size([64, 800, 64])
torch.Size([64, 800, 64])
torch.Size([64, 800, 64])
torch.Size([64, 800, 64])
torch.Size([64, 800, 64])
torch.Size([64, 800, 64])
torch.Size([64, 800, 64])
torch.Size([64, 800, 64])
torch.Size([64, 800, 64])
torch.Size([64, 800, 64])
torch.Size([64, 800, 64])
torch.Size([64, 800, 64])
torch.Size([64, 800, 64])
torch.Size([64, 800, 64])
torch.Size([64, 800, 64])
torch.Size([64, 800, 64])
torch.Size([64, 800, 64])
torch.Size([64, 800, 64])
torch.Size([64, 800, 64])
torch.Size([64, 800, 64])
torch.Size([64, 800, 64])
torch.Size([64, 800, 64])
torch.Size([64, 800, 64])
torch.Size([30, 800, 64])
Epoch: 12 cost time: 3.7323319911956787
torch.Size([64, 800, 64])
torch.Size([64, 800, 64])
torch.Size([64, 800, 64])
torch.Size([64, 800, 64])
torch.Size([64, 800, 64])
torch.Size([64, 800, 64])
torch.Size([64, 800, 64])
torch.Size([64, 800, 64])
torch.Size([64, 800, 64])
torch.Size([64, 800, 64])
torch.Size([64, 800, 64])
torch.Size([64, 800, 64])
torch.Size([64, 800, 64])
torch.Size([64, 800, 64])
torch.Size([64, 800, 64])
torch.Size([64, 800, 64])
torch.Size([64, 800, 64])
torch.Size([64, 800, 64])
torch.Size([64, 800, 64])
torch.Size([64, 800, 64])
torch.Size([64, 800, 64])
torch.Size([64, 800, 64])
torch.Size([64, 800, 64])
torch.Size([64, 800, 64])
torch.Size([64, 800, 64])
torch.Size([64, 800, 64])
torch.Size([64, 800, 64])
torch.Size([64, 800, 64])
torch.Size([64, 800, 64])
torch.Size([64, 800, 64])
torch.Size([64, 800, 64])
torch.Size([64, 800, 64])
torch.Size([64, 800, 64])
torch.Size([64, 800, 64])
torch.Size([64, 800, 64])
torch.Size([64, 800, 64])
torch.Size([64, 800, 64])
torch.Size([64, 800, 64])
torch.Size([64, 800, 64])
torch.Size([64, 800, 64])
torch.Size([64, 800, 64])
torch.Size([64, 800, 64])
torch.Size([64, 800, 64])
torch.Size([64, 800, 64])
torch.Size([64, 800, 64])
torch.Size([64, 800, 64])
torch.Size([7, 800, 64])
torch.Size([64, 800, 64])
torch.Size([64, 800, 64])
torch.Size([64, 800, 64])
torch.Size([64, 800, 64])
torch.Size([64, 800, 64])
torch.Size([64, 800, 64])
torch.Size([64, 800, 64])
torch.Size([64, 800, 64])
torch.Size([64, 800, 64])
torch.Size([64, 800, 64])
torch.Size([64, 800, 64])
torch.Size([64, 800, 64])
torch.Size([64, 800, 64])
torch.Size([64, 800, 64])
torch.Size([64, 800, 64])
torch.Size([64, 800, 64])
torch.Size([64, 800, 64])
torch.Size([64, 800, 64])
torch.Size([64, 800, 64])
torch.Size([64, 800, 64])
torch.Size([64, 800, 64])
torch.Size([64, 800, 64])
torch.Size([64, 800, 64])
torch.Size([64, 800, 64])
torch.Size([64, 800, 64])
torch.Size([64, 800, 64])
torch.Size([64, 800, 64])
torch.Size([64, 800, 64])
torch.Size([64, 800, 64])
torch.Size([64, 800, 64])
torch.Size([64, 800, 64])
torch.Size([64, 800, 64])
torch.Size([64, 800, 64])
torch.Size([64, 800, 64])
torch.Size([64, 800, 64])
torch.Size([64, 800, 64])
torch.Size([64, 800, 64])
torch.Size([64, 800, 64])
torch.Size([64, 800, 64])
torch.Size([64, 800, 64])
torch.Size([64, 800, 64])
torch.Size([64, 800, 64])
torch.Size([64, 800, 64])
torch.Size([64, 800, 64])
torch.Size([64, 800, 64])
torch.Size([64, 800, 64])
torch.Size([8, 800, 64])
Epoch: 12, Steps: 62, | Train Loss: 1.03162
Validation results --- Loss: 1.06907, Accuracy: 0.56354, Precision: 0.56752, Recall: 0.56357, F1: 0.56494, AUROC: 0.79432, AUPRC: 0.60211
Test results --- Loss: 1.09467, Accuracy: 0.52947, Precision: 0.53390, Recall: 0.52948 F1: 0.53128, AUROC: 0.78027, AUPRC: 0.58909
EarlyStopping counter: 2 out of 10
Updating learning rate to 0.00023816778784387094
torch.Size([64, 800, 64])
torch.Size([64, 800, 64])
torch.Size([64, 800, 64])
torch.Size([64, 800, 64])
torch.Size([64, 800, 64])
torch.Size([64, 800, 64])
torch.Size([64, 800, 64])
torch.Size([64, 800, 64])
torch.Size([64, 800, 64])
torch.Size([64, 800, 64])
torch.Size([64, 800, 64])
torch.Size([64, 800, 64])
torch.Size([64, 800, 64])
torch.Size([64, 800, 64])
torch.Size([64, 800, 64])
torch.Size([64, 800, 64])
torch.Size([64, 800, 64])
torch.Size([64, 800, 64])
torch.Size([64, 800, 64])
torch.Size([64, 800, 64])
torch.Size([64, 800, 64])
torch.Size([64, 800, 64])
torch.Size([64, 800, 64])
torch.Size([64, 800, 64])
torch.Size([64, 800, 64])
torch.Size([64, 800, 64])
torch.Size([64, 800, 64])
torch.Size([64, 800, 64])
torch.Size([64, 800, 64])
torch.Size([64, 800, 64])
torch.Size([64, 800, 64])
torch.Size([64, 800, 64])
torch.Size([64, 800, 64])
torch.Size([64, 800, 64])
torch.Size([64, 800, 64])
torch.Size([64, 800, 64])
torch.Size([64, 800, 64])
torch.Size([64, 800, 64])
torch.Size([64, 800, 64])
torch.Size([64, 800, 64])
torch.Size([64, 800, 64])
torch.Size([64, 800, 64])
torch.Size([64, 800, 64])
torch.Size([64, 800, 64])
torch.Size([64, 800, 64])
torch.Size([64, 800, 64])
torch.Size([64, 800, 64])
torch.Size([64, 800, 64])
torch.Size([64, 800, 64])
torch.Size([64, 800, 64])
torch.Size([64, 800, 64])
torch.Size([64, 800, 64])
torch.Size([64, 800, 64])
torch.Size([64, 800, 64])
torch.Size([64, 800, 64])
torch.Size([64, 800, 64])
torch.Size([64, 800, 64])
torch.Size([64, 800, 64])
torch.Size([64, 800, 64])
torch.Size([64, 800, 64])
torch.Size([64, 800, 64])
torch.Size([30, 800, 64])
Epoch: 13 cost time: 3.746291160583496
torch.Size([64, 800, 64])
torch.Size([64, 800, 64])
torch.Size([64, 800, 64])
torch.Size([64, 800, 64])
torch.Size([64, 800, 64])
torch.Size([64, 800, 64])
torch.Size([64, 800, 64])
torch.Size([64, 800, 64])
torch.Size([64, 800, 64])
torch.Size([64, 800, 64])
torch.Size([64, 800, 64])
torch.Size([64, 800, 64])
torch.Size([64, 800, 64])
torch.Size([64, 800, 64])
torch.Size([64, 800, 64])
torch.Size([64, 800, 64])
torch.Size([64, 800, 64])
torch.Size([64, 800, 64])
torch.Size([64, 800, 64])
torch.Size([64, 800, 64])
torch.Size([64, 800, 64])
torch.Size([64, 800, 64])
torch.Size([64, 800, 64])
torch.Size([64, 800, 64])
torch.Size([64, 800, 64])
torch.Size([64, 800, 64])
torch.Size([64, 800, 64])
torch.Size([64, 800, 64])
torch.Size([64, 800, 64])
torch.Size([64, 800, 64])
torch.Size([64, 800, 64])
torch.Size([64, 800, 64])
torch.Size([64, 800, 64])
torch.Size([64, 800, 64])
torch.Size([64, 800, 64])
torch.Size([64, 800, 64])
torch.Size([64, 800, 64])
torch.Size([64, 800, 64])
torch.Size([64, 800, 64])
torch.Size([64, 800, 64])
torch.Size([64, 800, 64])
torch.Size([64, 800, 64])
torch.Size([64, 800, 64])
torch.Size([64, 800, 64])
torch.Size([64, 800, 64])
torch.Size([64, 800, 64])
torch.Size([7, 800, 64])
torch.Size([64, 800, 64])
torch.Size([64, 800, 64])
torch.Size([64, 800, 64])
torch.Size([64, 800, 64])
torch.Size([64, 800, 64])
torch.Size([64, 800, 64])
torch.Size([64, 800, 64])
torch.Size([64, 800, 64])
torch.Size([64, 800, 64])
torch.Size([64, 800, 64])
torch.Size([64, 800, 64])
torch.Size([64, 800, 64])
torch.Size([64, 800, 64])
torch.Size([64, 800, 64])
torch.Size([64, 800, 64])
torch.Size([64, 800, 64])
torch.Size([64, 800, 64])
torch.Size([64, 800, 64])
torch.Size([64, 800, 64])
torch.Size([64, 800, 64])
torch.Size([64, 800, 64])
torch.Size([64, 800, 64])
torch.Size([64, 800, 64])
torch.Size([64, 800, 64])
torch.Size([64, 800, 64])
torch.Size([64, 800, 64])
torch.Size([64, 800, 64])
torch.Size([64, 800, 64])
torch.Size([64, 800, 64])
torch.Size([64, 800, 64])
torch.Size([64, 800, 64])
torch.Size([64, 800, 64])
torch.Size([64, 800, 64])
torch.Size([64, 800, 64])
torch.Size([64, 800, 64])
torch.Size([64, 800, 64])
torch.Size([64, 800, 64])
torch.Size([64, 800, 64])
torch.Size([64, 800, 64])
torch.Size([64, 800, 64])
torch.Size([64, 800, 64])
torch.Size([64, 800, 64])
torch.Size([64, 800, 64])
torch.Size([64, 800, 64])
torch.Size([64, 800, 64])
torch.Size([64, 800, 64])
torch.Size([8, 800, 64])
Epoch: 13, Steps: 62, | Train Loss: 1.02987
Validation results --- Loss: 1.06907, Accuracy: 0.57065, Precision: 0.57640, Recall: 0.57073, F1: 0.57225, AUROC: 0.79410, AUPRC: 0.60233
Test results --- Loss: 1.09420, Accuracy: 0.52846, Precision: 0.53648, Recall: 0.52849 F1: 0.53103, AUROC: 0.78034, AUPRC: 0.58982
Metric score decreased (-0.565166 --> -0.572250).  Saving model ...

Updating learning rate to 0.0002283747847073923
torch.Size([64, 800, 64])
torch.Size([64, 800, 64])
torch.Size([64, 800, 64])
torch.Size([64, 800, 64])
torch.Size([64, 800, 64])
torch.Size([64, 800, 64])
torch.Size([64, 800, 64])
torch.Size([64, 800, 64])
torch.Size([64, 800, 64])
torch.Size([64, 800, 64])
torch.Size([64, 800, 64])
torch.Size([64, 800, 64])
torch.Size([64, 800, 64])
torch.Size([64, 800, 64])
torch.Size([64, 800, 64])
torch.Size([64, 800, 64])
torch.Size([64, 800, 64])
torch.Size([64, 800, 64])
torch.Size([64, 800, 64])
torch.Size([64, 800, 64])
torch.Size([64, 800, 64])
torch.Size([64, 800, 64])
torch.Size([64, 800, 64])
torch.Size([64, 800, 64])
torch.Size([64, 800, 64])
torch.Size([64, 800, 64])
torch.Size([64, 800, 64])
torch.Size([64, 800, 64])
torch.Size([64, 800, 64])
torch.Size([64, 800, 64])
torch.Size([64, 800, 64])
torch.Size([64, 800, 64])
torch.Size([64, 800, 64])
torch.Size([64, 800, 64])
torch.Size([64, 800, 64])
torch.Size([64, 800, 64])
torch.Size([64, 800, 64])
torch.Size([64, 800, 64])
torch.Size([64, 800, 64])
torch.Size([64, 800, 64])
torch.Size([64, 800, 64])
torch.Size([64, 800, 64])
torch.Size([64, 800, 64])
torch.Size([64, 800, 64])
torch.Size([64, 800, 64])
torch.Size([64, 800, 64])
torch.Size([64, 800, 64])
torch.Size([64, 800, 64])
torch.Size([64, 800, 64])
torch.Size([64, 800, 64])
torch.Size([64, 800, 64])
torch.Size([64, 800, 64])
torch.Size([64, 800, 64])
torch.Size([64, 800, 64])
torch.Size([64, 800, 64])
torch.Size([64, 800, 64])
torch.Size([64, 800, 64])
torch.Size([64, 800, 64])
torch.Size([64, 800, 64])
torch.Size([64, 800, 64])
torch.Size([64, 800, 64])
torch.Size([30, 800, 64])
Epoch: 14 cost time: 3.724821090698242
torch.Size([64, 800, 64])
torch.Size([64, 800, 64])
torch.Size([64, 800, 64])
torch.Size([64, 800, 64])
torch.Size([64, 800, 64])
torch.Size([64, 800, 64])
torch.Size([64, 800, 64])
torch.Size([64, 800, 64])
torch.Size([64, 800, 64])
torch.Size([64, 800, 64])
torch.Size([64, 800, 64])
torch.Size([64, 800, 64])
torch.Size([64, 800, 64])
torch.Size([64, 800, 64])
torch.Size([64, 800, 64])
torch.Size([64, 800, 64])
torch.Size([64, 800, 64])
torch.Size([64, 800, 64])
torch.Size([64, 800, 64])
torch.Size([64, 800, 64])
torch.Size([64, 800, 64])
torch.Size([64, 800, 64])
torch.Size([64, 800, 64])
torch.Size([64, 800, 64])
torch.Size([64, 800, 64])
torch.Size([64, 800, 64])
torch.Size([64, 800, 64])
torch.Size([64, 800, 64])
torch.Size([64, 800, 64])
torch.Size([64, 800, 64])
torch.Size([64, 800, 64])
torch.Size([64, 800, 64])
torch.Size([64, 800, 64])
torch.Size([64, 800, 64])
torch.Size([64, 800, 64])
torch.Size([64, 800, 64])
torch.Size([64, 800, 64])
torch.Size([64, 800, 64])
torch.Size([64, 800, 64])
torch.Size([64, 800, 64])
torch.Size([64, 800, 64])
torch.Size([64, 800, 64])
torch.Size([64, 800, 64])
torch.Size([64, 800, 64])
torch.Size([64, 800, 64])
torch.Size([64, 800, 64])
torch.Size([7, 800, 64])
torch.Size([64, 800, 64])
torch.Size([64, 800, 64])
torch.Size([64, 800, 64])
torch.Size([64, 800, 64])
torch.Size([64, 800, 64])
torch.Size([64, 800, 64])
torch.Size([64, 800, 64])
torch.Size([64, 800, 64])
torch.Size([64, 800, 64])
torch.Size([64, 800, 64])
torch.Size([64, 800, 64])
torch.Size([64, 800, 64])
torch.Size([64, 800, 64])
torch.Size([64, 800, 64])
torch.Size([64, 800, 64])
torch.Size([64, 800, 64])
torch.Size([64, 800, 64])
torch.Size([64, 800, 64])
torch.Size([64, 800, 64])
torch.Size([64, 800, 64])
torch.Size([64, 800, 64])
torch.Size([64, 800, 64])
torch.Size([64, 800, 64])
torch.Size([64, 800, 64])
torch.Size([64, 800, 64])
torch.Size([64, 800, 64])
torch.Size([64, 800, 64])
torch.Size([64, 800, 64])
torch.Size([64, 800, 64])
torch.Size([64, 800, 64])
torch.Size([64, 800, 64])
torch.Size([64, 800, 64])
torch.Size([64, 800, 64])
torch.Size([64, 800, 64])
torch.Size([64, 800, 64])
torch.Size([64, 800, 64])
torch.Size([64, 800, 64])
torch.Size([64, 800, 64])
torch.Size([64, 800, 64])
torch.Size([64, 800, 64])
torch.Size([64, 800, 64])
torch.Size([64, 800, 64])
torch.Size([64, 800, 64])
torch.Size([64, 800, 64])
torch.Size([64, 800, 64])
torch.Size([64, 800, 64])
torch.Size([8, 800, 64])
Epoch: 14, Steps: 62, | Train Loss: 1.02707
Validation results --- Loss: 1.07455, Accuracy: 0.56489, Precision: 0.56667, Recall: 0.56497, F1: 0.56351, AUROC: 0.79334, AUPRC: 0.60146
Test results --- Loss: 1.10206, Accuracy: 0.52439, Precision: 0.52838, Recall: 0.52441 F1: 0.52367, AUROC: 0.77930, AUPRC: 0.58904
EarlyStopping counter: 1 out of 10
Updating learning rate to 0.00021809857496093199
torch.Size([64, 800, 64])
torch.Size([64, 800, 64])
torch.Size([64, 800, 64])
torch.Size([64, 800, 64])
torch.Size([64, 800, 64])
torch.Size([64, 800, 64])
torch.Size([64, 800, 64])
torch.Size([64, 800, 64])
torch.Size([64, 800, 64])
torch.Size([64, 800, 64])
torch.Size([64, 800, 64])
torch.Size([64, 800, 64])
torch.Size([64, 800, 64])
torch.Size([64, 800, 64])
torch.Size([64, 800, 64])
torch.Size([64, 800, 64])
torch.Size([64, 800, 64])
torch.Size([64, 800, 64])
torch.Size([64, 800, 64])
torch.Size([64, 800, 64])
torch.Size([64, 800, 64])
torch.Size([64, 800, 64])
torch.Size([64, 800, 64])
torch.Size([64, 800, 64])
torch.Size([64, 800, 64])
torch.Size([64, 800, 64])
torch.Size([64, 800, 64])
torch.Size([64, 800, 64])
torch.Size([64, 800, 64])
torch.Size([64, 800, 64])
torch.Size([64, 800, 64])
torch.Size([64, 800, 64])
torch.Size([64, 800, 64])
torch.Size([64, 800, 64])
torch.Size([64, 800, 64])
torch.Size([64, 800, 64])
torch.Size([64, 800, 64])
torch.Size([64, 800, 64])
torch.Size([64, 800, 64])
torch.Size([64, 800, 64])
torch.Size([64, 800, 64])
torch.Size([64, 800, 64])
torch.Size([64, 800, 64])
torch.Size([64, 800, 64])
torch.Size([64, 800, 64])
torch.Size([64, 800, 64])
torch.Size([64, 800, 64])
torch.Size([64, 800, 64])
torch.Size([64, 800, 64])
torch.Size([64, 800, 64])
torch.Size([64, 800, 64])
torch.Size([64, 800, 64])
torch.Size([64, 800, 64])
torch.Size([64, 800, 64])
torch.Size([64, 800, 64])
torch.Size([64, 800, 64])
torch.Size([64, 800, 64])
torch.Size([64, 800, 64])
torch.Size([64, 800, 64])
torch.Size([64, 800, 64])
torch.Size([64, 800, 64])
torch.Size([30, 800, 64])
Epoch: 15 cost time: 3.7400429248809814
torch.Size([64, 800, 64])
torch.Size([64, 800, 64])
torch.Size([64, 800, 64])
torch.Size([64, 800, 64])
torch.Size([64, 800, 64])
torch.Size([64, 800, 64])
torch.Size([64, 800, 64])
torch.Size([64, 800, 64])
torch.Size([64, 800, 64])
torch.Size([64, 800, 64])
torch.Size([64, 800, 64])
torch.Size([64, 800, 64])
torch.Size([64, 800, 64])
torch.Size([64, 800, 64])
torch.Size([64, 800, 64])
torch.Size([64, 800, 64])
torch.Size([64, 800, 64])
torch.Size([64, 800, 64])
torch.Size([64, 800, 64])
torch.Size([64, 800, 64])
torch.Size([64, 800, 64])
torch.Size([64, 800, 64])
torch.Size([64, 800, 64])
torch.Size([64, 800, 64])
torch.Size([64, 800, 64])
torch.Size([64, 800, 64])
torch.Size([64, 800, 64])
torch.Size([64, 800, 64])
torch.Size([64, 800, 64])
torch.Size([64, 800, 64])
torch.Size([64, 800, 64])
torch.Size([64, 800, 64])
torch.Size([64, 800, 64])
torch.Size([64, 800, 64])
torch.Size([64, 800, 64])
torch.Size([64, 800, 64])
torch.Size([64, 800, 64])
torch.Size([64, 800, 64])
torch.Size([64, 800, 64])
torch.Size([64, 800, 64])
torch.Size([64, 800, 64])
torch.Size([64, 800, 64])
torch.Size([64, 800, 64])
torch.Size([64, 800, 64])
torch.Size([64, 800, 64])
torch.Size([64, 800, 64])
torch.Size([7, 800, 64])
torch.Size([64, 800, 64])
torch.Size([64, 800, 64])
torch.Size([64, 800, 64])
torch.Size([64, 800, 64])
torch.Size([64, 800, 64])
torch.Size([64, 800, 64])
torch.Size([64, 800, 64])
torch.Size([64, 800, 64])
torch.Size([64, 800, 64])
torch.Size([64, 800, 64])
torch.Size([64, 800, 64])
torch.Size([64, 800, 64])
torch.Size([64, 800, 64])
torch.Size([64, 800, 64])
torch.Size([64, 800, 64])
torch.Size([64, 800, 64])
torch.Size([64, 800, 64])
torch.Size([64, 800, 64])
torch.Size([64, 800, 64])
torch.Size([64, 800, 64])
torch.Size([64, 800, 64])
torch.Size([64, 800, 64])
torch.Size([64, 800, 64])
torch.Size([64, 800, 64])
torch.Size([64, 800, 64])
torch.Size([64, 800, 64])
torch.Size([64, 800, 64])
torch.Size([64, 800, 64])
torch.Size([64, 800, 64])
torch.Size([64, 800, 64])
torch.Size([64, 800, 64])
torch.Size([64, 800, 64])
torch.Size([64, 800, 64])
torch.Size([64, 800, 64])
torch.Size([64, 800, 64])
torch.Size([64, 800, 64])
torch.Size([64, 800, 64])
torch.Size([64, 800, 64])
torch.Size([64, 800, 64])
torch.Size([64, 800, 64])
torch.Size([64, 800, 64])
torch.Size([64, 800, 64])
torch.Size([64, 800, 64])
torch.Size([64, 800, 64])
torch.Size([64, 800, 64])
torch.Size([64, 800, 64])
torch.Size([8, 800, 64])
Epoch: 15, Steps: 62, | Train Loss: 1.02605
Validation results --- Loss: 1.07670, Accuracy: 0.55845, Precision: 0.56616, Recall: 0.55848, F1: 0.56095, AUROC: 0.79201, AUPRC: 0.60088
Test results --- Loss: 1.10244, Accuracy: 0.53049, Precision: 0.53738, Recall: 0.53047 F1: 0.53310, AUROC: 0.77906, AUPRC: 0.58974
EarlyStopping counter: 2 out of 10
Updating learning rate to 0.00020740251485476345
torch.Size([64, 800, 64])
torch.Size([64, 800, 64])
torch.Size([64, 800, 64])
torch.Size([64, 800, 64])
torch.Size([64, 800, 64])
torch.Size([64, 800, 64])
torch.Size([64, 800, 64])
torch.Size([64, 800, 64])
torch.Size([64, 800, 64])
torch.Size([64, 800, 64])
torch.Size([64, 800, 64])
torch.Size([64, 800, 64])
torch.Size([64, 800, 64])
torch.Size([64, 800, 64])
torch.Size([64, 800, 64])
torch.Size([64, 800, 64])
torch.Size([64, 800, 64])
torch.Size([64, 800, 64])
torch.Size([64, 800, 64])
torch.Size([64, 800, 64])
torch.Size([64, 800, 64])
torch.Size([64, 800, 64])
torch.Size([64, 800, 64])
torch.Size([64, 800, 64])
torch.Size([64, 800, 64])
torch.Size([64, 800, 64])
torch.Size([64, 800, 64])
torch.Size([64, 800, 64])
torch.Size([64, 800, 64])
torch.Size([64, 800, 64])
torch.Size([64, 800, 64])
torch.Size([64, 800, 64])
torch.Size([64, 800, 64])
torch.Size([64, 800, 64])
torch.Size([64, 800, 64])
torch.Size([64, 800, 64])
torch.Size([64, 800, 64])
torch.Size([64, 800, 64])
torch.Size([64, 800, 64])
torch.Size([64, 800, 64])
torch.Size([64, 800, 64])
torch.Size([64, 800, 64])
torch.Size([64, 800, 64])
torch.Size([64, 800, 64])
torch.Size([64, 800, 64])
torch.Size([64, 800, 64])
torch.Size([64, 800, 64])
torch.Size([64, 800, 64])
torch.Size([64, 800, 64])
torch.Size([64, 800, 64])
torch.Size([64, 800, 64])
torch.Size([64, 800, 64])
torch.Size([64, 800, 64])
torch.Size([64, 800, 64])
torch.Size([64, 800, 64])
torch.Size([64, 800, 64])
torch.Size([64, 800, 64])
torch.Size([64, 800, 64])
torch.Size([64, 800, 64])
torch.Size([64, 800, 64])
torch.Size([64, 800, 64])
torch.Size([30, 800, 64])
Epoch: 16 cost time: 3.709012269973755
torch.Size([64, 800, 64])
torch.Size([64, 800, 64])
torch.Size([64, 800, 64])
torch.Size([64, 800, 64])
torch.Size([64, 800, 64])
torch.Size([64, 800, 64])
torch.Size([64, 800, 64])
torch.Size([64, 800, 64])
torch.Size([64, 800, 64])
torch.Size([64, 800, 64])
torch.Size([64, 800, 64])
torch.Size([64, 800, 64])
torch.Size([64, 800, 64])
torch.Size([64, 800, 64])
torch.Size([64, 800, 64])
torch.Size([64, 800, 64])
torch.Size([64, 800, 64])
torch.Size([64, 800, 64])
torch.Size([64, 800, 64])
torch.Size([64, 800, 64])
torch.Size([64, 800, 64])
torch.Size([64, 800, 64])
torch.Size([64, 800, 64])
torch.Size([64, 800, 64])
torch.Size([64, 800, 64])
torch.Size([64, 800, 64])
torch.Size([64, 800, 64])
torch.Size([64, 800, 64])
torch.Size([64, 800, 64])
torch.Size([64, 800, 64])
torch.Size([64, 800, 64])
torch.Size([64, 800, 64])
torch.Size([64, 800, 64])
torch.Size([64, 800, 64])
torch.Size([64, 800, 64])
torch.Size([64, 800, 64])
torch.Size([64, 800, 64])
torch.Size([64, 800, 64])
torch.Size([64, 800, 64])
torch.Size([64, 800, 64])
torch.Size([64, 800, 64])
torch.Size([64, 800, 64])
torch.Size([64, 800, 64])
torch.Size([64, 800, 64])
torch.Size([64, 800, 64])
torch.Size([64, 800, 64])
torch.Size([7, 800, 64])
torch.Size([64, 800, 64])
torch.Size([64, 800, 64])
torch.Size([64, 800, 64])
torch.Size([64, 800, 64])
torch.Size([64, 800, 64])
torch.Size([64, 800, 64])
torch.Size([64, 800, 64])
torch.Size([64, 800, 64])
torch.Size([64, 800, 64])
torch.Size([64, 800, 64])
torch.Size([64, 800, 64])
torch.Size([64, 800, 64])
torch.Size([64, 800, 64])
torch.Size([64, 800, 64])
torch.Size([64, 800, 64])
torch.Size([64, 800, 64])
torch.Size([64, 800, 64])
torch.Size([64, 800, 64])
torch.Size([64, 800, 64])
torch.Size([64, 800, 64])
torch.Size([64, 800, 64])
torch.Size([64, 800, 64])
torch.Size([64, 800, 64])
torch.Size([64, 800, 64])
torch.Size([64, 800, 64])
torch.Size([64, 800, 64])
torch.Size([64, 800, 64])
torch.Size([64, 800, 64])
torch.Size([64, 800, 64])
torch.Size([64, 800, 64])
torch.Size([64, 800, 64])
torch.Size([64, 800, 64])
torch.Size([64, 800, 64])
torch.Size([64, 800, 64])
torch.Size([64, 800, 64])
torch.Size([64, 800, 64])
torch.Size([64, 800, 64])
torch.Size([64, 800, 64])
torch.Size([64, 800, 64])
torch.Size([64, 800, 64])
torch.Size([64, 800, 64])
torch.Size([64, 800, 64])
torch.Size([64, 800, 64])
torch.Size([64, 800, 64])
torch.Size([64, 800, 64])
torch.Size([64, 800, 64])
torch.Size([8, 800, 64])
Epoch: 16, Steps: 62, | Train Loss: 1.02156
Validation results --- Loss: 1.07825, Accuracy: 0.55778, Precision: 0.57033, Recall: 0.55769, F1: 0.56148, AUROC: 0.79100, AUPRC: 0.59812
Test results --- Loss: 1.10298, Accuracy: 0.52812, Precision: 0.54320, Recall: 0.52795 F1: 0.53226, AUROC: 0.77848, AUPRC: 0.58747
EarlyStopping counter: 3 out of 10
Updating learning rate to 0.0001963525491562421
torch.Size([64, 800, 64])
torch.Size([64, 800, 64])
torch.Size([64, 800, 64])
torch.Size([64, 800, 64])
torch.Size([64, 800, 64])
torch.Size([64, 800, 64])
torch.Size([64, 800, 64])
torch.Size([64, 800, 64])
torch.Size([64, 800, 64])
torch.Size([64, 800, 64])
torch.Size([64, 800, 64])
torch.Size([64, 800, 64])
torch.Size([64, 800, 64])
torch.Size([64, 800, 64])
torch.Size([64, 800, 64])
torch.Size([64, 800, 64])
torch.Size([64, 800, 64])
torch.Size([64, 800, 64])
torch.Size([64, 800, 64])
torch.Size([64, 800, 64])
torch.Size([64, 800, 64])
torch.Size([64, 800, 64])
torch.Size([64, 800, 64])
torch.Size([64, 800, 64])
torch.Size([64, 800, 64])
torch.Size([64, 800, 64])
torch.Size([64, 800, 64])
torch.Size([64, 800, 64])
torch.Size([64, 800, 64])
torch.Size([64, 800, 64])
torch.Size([64, 800, 64])
torch.Size([64, 800, 64])
torch.Size([64, 800, 64])
torch.Size([64, 800, 64])
torch.Size([64, 800, 64])
torch.Size([64, 800, 64])
torch.Size([64, 800, 64])
torch.Size([64, 800, 64])
torch.Size([64, 800, 64])
torch.Size([64, 800, 64])
torch.Size([64, 800, 64])
torch.Size([64, 800, 64])
torch.Size([64, 800, 64])
torch.Size([64, 800, 64])
torch.Size([64, 800, 64])
torch.Size([64, 800, 64])
torch.Size([64, 800, 64])
torch.Size([64, 800, 64])
torch.Size([64, 800, 64])
torch.Size([64, 800, 64])
torch.Size([64, 800, 64])
torch.Size([64, 800, 64])
torch.Size([64, 800, 64])
torch.Size([64, 800, 64])
torch.Size([64, 800, 64])
torch.Size([64, 800, 64])
torch.Size([64, 800, 64])
torch.Size([64, 800, 64])
torch.Size([64, 800, 64])
torch.Size([64, 800, 64])
torch.Size([64, 800, 64])
torch.Size([30, 800, 64])
Epoch: 17 cost time: 3.7326815128326416
torch.Size([64, 800, 64])
torch.Size([64, 800, 64])
torch.Size([64, 800, 64])
torch.Size([64, 800, 64])
torch.Size([64, 800, 64])
torch.Size([64, 800, 64])
torch.Size([64, 800, 64])
torch.Size([64, 800, 64])
torch.Size([64, 800, 64])
torch.Size([64, 800, 64])
torch.Size([64, 800, 64])
torch.Size([64, 800, 64])
torch.Size([64, 800, 64])
torch.Size([64, 800, 64])
torch.Size([64, 800, 64])
torch.Size([64, 800, 64])
torch.Size([64, 800, 64])
torch.Size([64, 800, 64])
torch.Size([64, 800, 64])
torch.Size([64, 800, 64])
torch.Size([64, 800, 64])
torch.Size([64, 800, 64])
torch.Size([64, 800, 64])
torch.Size([64, 800, 64])
torch.Size([64, 800, 64])
torch.Size([64, 800, 64])
torch.Size([64, 800, 64])
torch.Size([64, 800, 64])
torch.Size([64, 800, 64])
torch.Size([64, 800, 64])
torch.Size([64, 800, 64])
torch.Size([64, 800, 64])
torch.Size([64, 800, 64])
torch.Size([64, 800, 64])
torch.Size([64, 800, 64])
torch.Size([64, 800, 64])
torch.Size([64, 800, 64])
torch.Size([64, 800, 64])
torch.Size([64, 800, 64])
torch.Size([64, 800, 64])
torch.Size([64, 800, 64])
torch.Size([64, 800, 64])
torch.Size([64, 800, 64])
torch.Size([64, 800, 64])
torch.Size([64, 800, 64])
torch.Size([64, 800, 64])
torch.Size([7, 800, 64])
torch.Size([64, 800, 64])
torch.Size([64, 800, 64])
torch.Size([64, 800, 64])
torch.Size([64, 800, 64])
torch.Size([64, 800, 64])
torch.Size([64, 800, 64])
torch.Size([64, 800, 64])
torch.Size([64, 800, 64])
torch.Size([64, 800, 64])
torch.Size([64, 800, 64])
torch.Size([64, 800, 64])
torch.Size([64, 800, 64])
torch.Size([64, 800, 64])
torch.Size([64, 800, 64])
torch.Size([64, 800, 64])
torch.Size([64, 800, 64])
torch.Size([64, 800, 64])
torch.Size([64, 800, 64])
torch.Size([64, 800, 64])
torch.Size([64, 800, 64])
torch.Size([64, 800, 64])
torch.Size([64, 800, 64])
torch.Size([64, 800, 64])
torch.Size([64, 800, 64])
torch.Size([64, 800, 64])
torch.Size([64, 800, 64])
torch.Size([64, 800, 64])
torch.Size([64, 800, 64])
torch.Size([64, 800, 64])
torch.Size([64, 800, 64])
torch.Size([64, 800, 64])
torch.Size([64, 800, 64])
torch.Size([64, 800, 64])
torch.Size([64, 800, 64])
torch.Size([64, 800, 64])
torch.Size([64, 800, 64])
torch.Size([64, 800, 64])
torch.Size([64, 800, 64])
torch.Size([64, 800, 64])
torch.Size([64, 800, 64])
torch.Size([64, 800, 64])
torch.Size([64, 800, 64])
torch.Size([64, 800, 64])
torch.Size([64, 800, 64])
torch.Size([64, 800, 64])
torch.Size([64, 800, 64])
torch.Size([8, 800, 64])
Epoch: 17, Steps: 62, | Train Loss: 1.02181
Validation results --- Loss: 1.07858, Accuracy: 0.55981, Precision: 0.56199, Recall: 0.56000, F1: 0.55918, AUROC: 0.79355, AUPRC: 0.60134
Test results --- Loss: 1.10224, Accuracy: 0.53049, Precision: 0.53282, Recall: 0.53064 F1: 0.53090, AUROC: 0.78019, AUPRC: 0.58884
EarlyStopping counter: 4 out of 10
Updating learning rate to 0.0001850168045783858
torch.Size([64, 800, 64])
torch.Size([64, 800, 64])
torch.Size([64, 800, 64])
torch.Size([64, 800, 64])
torch.Size([64, 800, 64])
torch.Size([64, 800, 64])
torch.Size([64, 800, 64])
torch.Size([64, 800, 64])
torch.Size([64, 800, 64])
torch.Size([64, 800, 64])
torch.Size([64, 800, 64])
torch.Size([64, 800, 64])
torch.Size([64, 800, 64])
torch.Size([64, 800, 64])
torch.Size([64, 800, 64])
torch.Size([64, 800, 64])
torch.Size([64, 800, 64])
torch.Size([64, 800, 64])
torch.Size([64, 800, 64])
torch.Size([64, 800, 64])
torch.Size([64, 800, 64])
torch.Size([64, 800, 64])
torch.Size([64, 800, 64])
torch.Size([64, 800, 64])
torch.Size([64, 800, 64])
torch.Size([64, 800, 64])
torch.Size([64, 800, 64])
torch.Size([64, 800, 64])
torch.Size([64, 800, 64])
torch.Size([64, 800, 64])
torch.Size([64, 800, 64])
torch.Size([64, 800, 64])
torch.Size([64, 800, 64])
torch.Size([64, 800, 64])
torch.Size([64, 800, 64])
torch.Size([64, 800, 64])
torch.Size([64, 800, 64])
torch.Size([64, 800, 64])
torch.Size([64, 800, 64])
torch.Size([64, 800, 64])
torch.Size([64, 800, 64])
torch.Size([64, 800, 64])
torch.Size([64, 800, 64])
torch.Size([64, 800, 64])
torch.Size([64, 800, 64])
torch.Size([64, 800, 64])
torch.Size([64, 800, 64])
torch.Size([64, 800, 64])
torch.Size([64, 800, 64])
torch.Size([64, 800, 64])
torch.Size([64, 800, 64])
torch.Size([64, 800, 64])
torch.Size([64, 800, 64])
torch.Size([64, 800, 64])
torch.Size([64, 800, 64])
torch.Size([64, 800, 64])
torch.Size([64, 800, 64])
torch.Size([64, 800, 64])
torch.Size([64, 800, 64])
torch.Size([64, 800, 64])
torch.Size([64, 800, 64])
torch.Size([30, 800, 64])
Epoch: 18 cost time: 3.7373321056365967
torch.Size([64, 800, 64])
torch.Size([64, 800, 64])
torch.Size([64, 800, 64])
torch.Size([64, 800, 64])
torch.Size([64, 800, 64])
torch.Size([64, 800, 64])
torch.Size([64, 800, 64])
torch.Size([64, 800, 64])
torch.Size([64, 800, 64])
torch.Size([64, 800, 64])
torch.Size([64, 800, 64])
torch.Size([64, 800, 64])
torch.Size([64, 800, 64])
torch.Size([64, 800, 64])
torch.Size([64, 800, 64])
torch.Size([64, 800, 64])
torch.Size([64, 800, 64])
torch.Size([64, 800, 64])
torch.Size([64, 800, 64])
torch.Size([64, 800, 64])
torch.Size([64, 800, 64])
torch.Size([64, 800, 64])
torch.Size([64, 800, 64])
torch.Size([64, 800, 64])
torch.Size([64, 800, 64])
torch.Size([64, 800, 64])
torch.Size([64, 800, 64])
torch.Size([64, 800, 64])
torch.Size([64, 800, 64])
torch.Size([64, 800, 64])
torch.Size([64, 800, 64])
torch.Size([64, 800, 64])
torch.Size([64, 800, 64])
torch.Size([64, 800, 64])
torch.Size([64, 800, 64])
torch.Size([64, 800, 64])
torch.Size([64, 800, 64])
torch.Size([64, 800, 64])
torch.Size([64, 800, 64])
torch.Size([64, 800, 64])
torch.Size([64, 800, 64])
torch.Size([64, 800, 64])
torch.Size([64, 800, 64])
torch.Size([64, 800, 64])
torch.Size([64, 800, 64])
torch.Size([64, 800, 64])
torch.Size([7, 800, 64])
torch.Size([64, 800, 64])
torch.Size([64, 800, 64])
torch.Size([64, 800, 64])
torch.Size([64, 800, 64])
torch.Size([64, 800, 64])
torch.Size([64, 800, 64])
torch.Size([64, 800, 64])
torch.Size([64, 800, 64])
torch.Size([64, 800, 64])
torch.Size([64, 800, 64])
torch.Size([64, 800, 64])
torch.Size([64, 800, 64])
torch.Size([64, 800, 64])
torch.Size([64, 800, 64])
torch.Size([64, 800, 64])
torch.Size([64, 800, 64])
torch.Size([64, 800, 64])
torch.Size([64, 800, 64])
torch.Size([64, 800, 64])
torch.Size([64, 800, 64])
torch.Size([64, 800, 64])
torch.Size([64, 800, 64])
torch.Size([64, 800, 64])
torch.Size([64, 800, 64])
torch.Size([64, 800, 64])
torch.Size([64, 800, 64])
torch.Size([64, 800, 64])
torch.Size([64, 800, 64])
torch.Size([64, 800, 64])
torch.Size([64, 800, 64])
torch.Size([64, 800, 64])
torch.Size([64, 800, 64])
torch.Size([64, 800, 64])
torch.Size([64, 800, 64])
torch.Size([64, 800, 64])
torch.Size([64, 800, 64])
torch.Size([64, 800, 64])
torch.Size([64, 800, 64])
torch.Size([64, 800, 64])
torch.Size([64, 800, 64])
torch.Size([64, 800, 64])
torch.Size([64, 800, 64])
torch.Size([64, 800, 64])
torch.Size([64, 800, 64])
torch.Size([64, 800, 64])
torch.Size([64, 800, 64])
torch.Size([8, 800, 64])
Epoch: 18, Steps: 62, | Train Loss: 1.01800
Validation results --- Loss: 1.07540, Accuracy: 0.56083, Precision: 0.56434, Recall: 0.56090, F1: 0.56194, AUROC: 0.79264, AUPRC: 0.60108
Test results --- Loss: 1.10047, Accuracy: 0.53523, Precision: 0.54095, Recall: 0.53530 F1: 0.53738, AUROC: 0.77978, AUPRC: 0.59010
EarlyStopping counter: 5 out of 10
Updating learning rate to 0.00017346516975603462
torch.Size([64, 800, 64])
torch.Size([64, 800, 64])
torch.Size([64, 800, 64])
torch.Size([64, 800, 64])
torch.Size([64, 800, 64])
torch.Size([64, 800, 64])
torch.Size([64, 800, 64])
torch.Size([64, 800, 64])
torch.Size([64, 800, 64])
torch.Size([64, 800, 64])
torch.Size([64, 800, 64])
torch.Size([64, 800, 64])
torch.Size([64, 800, 64])
torch.Size([64, 800, 64])
torch.Size([64, 800, 64])
torch.Size([64, 800, 64])
torch.Size([64, 800, 64])
torch.Size([64, 800, 64])
torch.Size([64, 800, 64])
torch.Size([64, 800, 64])
torch.Size([64, 800, 64])
torch.Size([64, 800, 64])
torch.Size([64, 800, 64])
torch.Size([64, 800, 64])
torch.Size([64, 800, 64])
torch.Size([64, 800, 64])
torch.Size([64, 800, 64])
torch.Size([64, 800, 64])
torch.Size([64, 800, 64])
torch.Size([64, 800, 64])
torch.Size([64, 800, 64])
torch.Size([64, 800, 64])
torch.Size([64, 800, 64])
torch.Size([64, 800, 64])
torch.Size([64, 800, 64])
torch.Size([64, 800, 64])
torch.Size([64, 800, 64])
torch.Size([64, 800, 64])
torch.Size([64, 800, 64])
torch.Size([64, 800, 64])
torch.Size([64, 800, 64])
torch.Size([64, 800, 64])
torch.Size([64, 800, 64])
torch.Size([64, 800, 64])
torch.Size([64, 800, 64])
torch.Size([64, 800, 64])
torch.Size([64, 800, 64])
torch.Size([64, 800, 64])
torch.Size([64, 800, 64])
torch.Size([64, 800, 64])
torch.Size([64, 800, 64])
torch.Size([64, 800, 64])
torch.Size([64, 800, 64])
torch.Size([64, 800, 64])
torch.Size([64, 800, 64])
torch.Size([64, 800, 64])
torch.Size([64, 800, 64])
torch.Size([64, 800, 64])
torch.Size([64, 800, 64])
torch.Size([64, 800, 64])
torch.Size([64, 800, 64])
torch.Size([30, 800, 64])
Epoch: 19 cost time: 3.7074966430664062
torch.Size([64, 800, 64])
torch.Size([64, 800, 64])
torch.Size([64, 800, 64])
torch.Size([64, 800, 64])
torch.Size([64, 800, 64])
torch.Size([64, 800, 64])
torch.Size([64, 800, 64])
torch.Size([64, 800, 64])
torch.Size([64, 800, 64])
torch.Size([64, 800, 64])
torch.Size([64, 800, 64])
torch.Size([64, 800, 64])
torch.Size([64, 800, 64])
torch.Size([64, 800, 64])
torch.Size([64, 800, 64])
torch.Size([64, 800, 64])
torch.Size([64, 800, 64])
torch.Size([64, 800, 64])
torch.Size([64, 800, 64])
torch.Size([64, 800, 64])
torch.Size([64, 800, 64])
torch.Size([64, 800, 64])
torch.Size([64, 800, 64])
torch.Size([64, 800, 64])
torch.Size([64, 800, 64])
torch.Size([64, 800, 64])
torch.Size([64, 800, 64])
torch.Size([64, 800, 64])
torch.Size([64, 800, 64])
torch.Size([64, 800, 64])
torch.Size([64, 800, 64])
torch.Size([64, 800, 64])
torch.Size([64, 800, 64])
torch.Size([64, 800, 64])
torch.Size([64, 800, 64])
torch.Size([64, 800, 64])
torch.Size([64, 800, 64])
torch.Size([64, 800, 64])
torch.Size([64, 800, 64])
torch.Size([64, 800, 64])
torch.Size([64, 800, 64])
torch.Size([64, 800, 64])
torch.Size([64, 800, 64])
torch.Size([64, 800, 64])
torch.Size([64, 800, 64])
torch.Size([64, 800, 64])
torch.Size([7, 800, 64])
torch.Size([64, 800, 64])
torch.Size([64, 800, 64])
torch.Size([64, 800, 64])
torch.Size([64, 800, 64])
torch.Size([64, 800, 64])
torch.Size([64, 800, 64])
torch.Size([64, 800, 64])
torch.Size([64, 800, 64])
torch.Size([64, 800, 64])
torch.Size([64, 800, 64])
torch.Size([64, 800, 64])
torch.Size([64, 800, 64])
torch.Size([64, 800, 64])
torch.Size([64, 800, 64])
torch.Size([64, 800, 64])
torch.Size([64, 800, 64])
torch.Size([64, 800, 64])
torch.Size([64, 800, 64])
torch.Size([64, 800, 64])
torch.Size([64, 800, 64])
torch.Size([64, 800, 64])
torch.Size([64, 800, 64])
torch.Size([64, 800, 64])
torch.Size([64, 800, 64])
torch.Size([64, 800, 64])
torch.Size([64, 800, 64])
torch.Size([64, 800, 64])
torch.Size([64, 800, 64])
torch.Size([64, 800, 64])
torch.Size([64, 800, 64])
torch.Size([64, 800, 64])
torch.Size([64, 800, 64])
torch.Size([64, 800, 64])
torch.Size([64, 800, 64])
torch.Size([64, 800, 64])
torch.Size([64, 800, 64])
torch.Size([64, 800, 64])
torch.Size([64, 800, 64])
torch.Size([64, 800, 64])
torch.Size([64, 800, 64])
torch.Size([64, 800, 64])
torch.Size([64, 800, 64])
torch.Size([64, 800, 64])
torch.Size([64, 800, 64])
torch.Size([64, 800, 64])
torch.Size([64, 800, 64])
torch.Size([8, 800, 64])
Epoch: 19, Steps: 62, | Train Loss: 1.01378
Validation results --- Loss: 1.07542, Accuracy: 0.55947, Precision: 0.56906, Recall: 0.55958, F1: 0.56234, AUROC: 0.79237, AUPRC: 0.60186
Test results --- Loss: 1.10221, Accuracy: 0.53184, Precision: 0.54494, Recall: 0.53189 F1: 0.53605, AUROC: 0.77919, AUPRC: 0.58968
EarlyStopping counter: 6 out of 10
Updating learning rate to 0.00016176886435917675
torch.Size([64, 800, 64])
torch.Size([64, 800, 64])
torch.Size([64, 800, 64])
torch.Size([64, 800, 64])
torch.Size([64, 800, 64])
torch.Size([64, 800, 64])
torch.Size([64, 800, 64])
torch.Size([64, 800, 64])
torch.Size([64, 800, 64])
torch.Size([64, 800, 64])
torch.Size([64, 800, 64])
torch.Size([64, 800, 64])
torch.Size([64, 800, 64])
torch.Size([64, 800, 64])
torch.Size([64, 800, 64])
torch.Size([64, 800, 64])
torch.Size([64, 800, 64])
torch.Size([64, 800, 64])
torch.Size([64, 800, 64])
torch.Size([64, 800, 64])
torch.Size([64, 800, 64])
torch.Size([64, 800, 64])
torch.Size([64, 800, 64])
torch.Size([64, 800, 64])
torch.Size([64, 800, 64])
torch.Size([64, 800, 64])
torch.Size([64, 800, 64])
torch.Size([64, 800, 64])
torch.Size([64, 800, 64])
torch.Size([64, 800, 64])
torch.Size([64, 800, 64])
torch.Size([64, 800, 64])
torch.Size([64, 800, 64])
torch.Size([64, 800, 64])
torch.Size([64, 800, 64])
torch.Size([64, 800, 64])
torch.Size([64, 800, 64])
torch.Size([64, 800, 64])
torch.Size([64, 800, 64])
torch.Size([64, 800, 64])
torch.Size([64, 800, 64])
torch.Size([64, 800, 64])
torch.Size([64, 800, 64])
torch.Size([64, 800, 64])
torch.Size([64, 800, 64])
torch.Size([64, 800, 64])
torch.Size([64, 800, 64])
torch.Size([64, 800, 64])
torch.Size([64, 800, 64])
torch.Size([64, 800, 64])
torch.Size([64, 800, 64])
torch.Size([64, 800, 64])
torch.Size([64, 800, 64])
torch.Size([64, 800, 64])
torch.Size([64, 800, 64])
torch.Size([64, 800, 64])
torch.Size([64, 800, 64])
torch.Size([64, 800, 64])
torch.Size([64, 800, 64])
torch.Size([64, 800, 64])
torch.Size([64, 800, 64])
torch.Size([30, 800, 64])
Epoch: 20 cost time: 3.711217164993286
torch.Size([64, 800, 64])
torch.Size([64, 800, 64])
torch.Size([64, 800, 64])
torch.Size([64, 800, 64])
torch.Size([64, 800, 64])
torch.Size([64, 800, 64])
torch.Size([64, 800, 64])
torch.Size([64, 800, 64])
torch.Size([64, 800, 64])
torch.Size([64, 800, 64])
torch.Size([64, 800, 64])
torch.Size([64, 800, 64])
torch.Size([64, 800, 64])
torch.Size([64, 800, 64])
torch.Size([64, 800, 64])
torch.Size([64, 800, 64])
torch.Size([64, 800, 64])
torch.Size([64, 800, 64])
torch.Size([64, 800, 64])
torch.Size([64, 800, 64])
torch.Size([64, 800, 64])
torch.Size([64, 800, 64])
torch.Size([64, 800, 64])
torch.Size([64, 800, 64])
torch.Size([64, 800, 64])
torch.Size([64, 800, 64])
torch.Size([64, 800, 64])
torch.Size([64, 800, 64])
torch.Size([64, 800, 64])
torch.Size([64, 800, 64])
torch.Size([64, 800, 64])
torch.Size([64, 800, 64])
torch.Size([64, 800, 64])
torch.Size([64, 800, 64])
torch.Size([64, 800, 64])
torch.Size([64, 800, 64])
torch.Size([64, 800, 64])
torch.Size([64, 800, 64])
torch.Size([64, 800, 64])
torch.Size([64, 800, 64])
torch.Size([64, 800, 64])
torch.Size([64, 800, 64])
torch.Size([64, 800, 64])
torch.Size([64, 800, 64])
torch.Size([64, 800, 64])
torch.Size([64, 800, 64])
torch.Size([7, 800, 64])
torch.Size([64, 800, 64])
torch.Size([64, 800, 64])
torch.Size([64, 800, 64])
torch.Size([64, 800, 64])
torch.Size([64, 800, 64])
torch.Size([64, 800, 64])
torch.Size([64, 800, 64])
torch.Size([64, 800, 64])
torch.Size([64, 800, 64])
torch.Size([64, 800, 64])
torch.Size([64, 800, 64])
torch.Size([64, 800, 64])
torch.Size([64, 800, 64])
torch.Size([64, 800, 64])
torch.Size([64, 800, 64])
torch.Size([64, 800, 64])
torch.Size([64, 800, 64])
torch.Size([64, 800, 64])
torch.Size([64, 800, 64])
torch.Size([64, 800, 64])
torch.Size([64, 800, 64])
torch.Size([64, 800, 64])
torch.Size([64, 800, 64])
torch.Size([64, 800, 64])
torch.Size([64, 800, 64])
torch.Size([64, 800, 64])
torch.Size([64, 800, 64])
torch.Size([64, 800, 64])
torch.Size([64, 800, 64])
torch.Size([64, 800, 64])
torch.Size([64, 800, 64])
torch.Size([64, 800, 64])
torch.Size([64, 800, 64])
torch.Size([64, 800, 64])
torch.Size([64, 800, 64])
torch.Size([64, 800, 64])
torch.Size([64, 800, 64])
torch.Size([64, 800, 64])
torch.Size([64, 800, 64])
torch.Size([64, 800, 64])
torch.Size([64, 800, 64])
torch.Size([64, 800, 64])
torch.Size([64, 800, 64])
torch.Size([64, 800, 64])
torch.Size([64, 800, 64])
torch.Size([64, 800, 64])
torch.Size([8, 800, 64])
Epoch: 20, Steps: 62, | Train Loss: 1.01069
Validation results --- Loss: 1.08490, Accuracy: 0.55168, Precision: 0.55142, Recall: 0.55167, F1: 0.55146, AUROC: 0.79013, AUPRC: 0.59641
Test results --- Loss: 1.10762, Accuracy: 0.52642, Precision: 0.52688, Recall: 0.52639 F1: 0.52653, AUROC: 0.77813, AUPRC: 0.58649
EarlyStopping counter: 7 out of 10
Updating learning rate to 0.00015
torch.Size([64, 800, 64])
torch.Size([64, 800, 64])
torch.Size([64, 800, 64])
torch.Size([64, 800, 64])
torch.Size([64, 800, 64])
torch.Size([64, 800, 64])
torch.Size([64, 800, 64])
torch.Size([64, 800, 64])
torch.Size([64, 800, 64])
torch.Size([64, 800, 64])
torch.Size([64, 800, 64])
torch.Size([64, 800, 64])
torch.Size([64, 800, 64])
torch.Size([64, 800, 64])
torch.Size([64, 800, 64])
torch.Size([64, 800, 64])
torch.Size([64, 800, 64])
torch.Size([64, 800, 64])
torch.Size([64, 800, 64])
torch.Size([64, 800, 64])
torch.Size([64, 800, 64])
torch.Size([64, 800, 64])
torch.Size([64, 800, 64])
torch.Size([64, 800, 64])
torch.Size([64, 800, 64])
torch.Size([64, 800, 64])
torch.Size([64, 800, 64])
torch.Size([64, 800, 64])
torch.Size([64, 800, 64])
torch.Size([64, 800, 64])
torch.Size([64, 800, 64])
torch.Size([64, 800, 64])
torch.Size([64, 800, 64])
torch.Size([64, 800, 64])
torch.Size([64, 800, 64])
torch.Size([64, 800, 64])
torch.Size([64, 800, 64])
torch.Size([64, 800, 64])
torch.Size([64, 800, 64])
torch.Size([64, 800, 64])
torch.Size([64, 800, 64])
torch.Size([64, 800, 64])
torch.Size([64, 800, 64])
torch.Size([64, 800, 64])
torch.Size([64, 800, 64])
torch.Size([64, 800, 64])
torch.Size([64, 800, 64])
torch.Size([64, 800, 64])
torch.Size([64, 800, 64])
torch.Size([64, 800, 64])
torch.Size([64, 800, 64])
torch.Size([64, 800, 64])
torch.Size([64, 800, 64])
torch.Size([64, 800, 64])
torch.Size([64, 800, 64])
torch.Size([64, 800, 64])
torch.Size([64, 800, 64])
torch.Size([64, 800, 64])
torch.Size([64, 800, 64])
torch.Size([64, 800, 64])
torch.Size([64, 800, 64])
torch.Size([30, 800, 64])
Epoch: 21 cost time: 3.741687536239624
torch.Size([64, 800, 64])
torch.Size([64, 800, 64])
torch.Size([64, 800, 64])
torch.Size([64, 800, 64])
torch.Size([64, 800, 64])
torch.Size([64, 800, 64])
torch.Size([64, 800, 64])
torch.Size([64, 800, 64])
torch.Size([64, 800, 64])
torch.Size([64, 800, 64])
torch.Size([64, 800, 64])
torch.Size([64, 800, 64])
torch.Size([64, 800, 64])
torch.Size([64, 800, 64])
torch.Size([64, 800, 64])
torch.Size([64, 800, 64])
torch.Size([64, 800, 64])
torch.Size([64, 800, 64])
torch.Size([64, 800, 64])
torch.Size([64, 800, 64])
torch.Size([64, 800, 64])
torch.Size([64, 800, 64])
torch.Size([64, 800, 64])
torch.Size([64, 800, 64])
torch.Size([64, 800, 64])
torch.Size([64, 800, 64])
torch.Size([64, 800, 64])
torch.Size([64, 800, 64])
torch.Size([64, 800, 64])
torch.Size([64, 800, 64])
torch.Size([64, 800, 64])
torch.Size([64, 800, 64])
torch.Size([64, 800, 64])
torch.Size([64, 800, 64])
torch.Size([64, 800, 64])
torch.Size([64, 800, 64])
torch.Size([64, 800, 64])
torch.Size([64, 800, 64])
torch.Size([64, 800, 64])
torch.Size([64, 800, 64])
torch.Size([64, 800, 64])
torch.Size([64, 800, 64])
torch.Size([64, 800, 64])
torch.Size([64, 800, 64])
torch.Size([64, 800, 64])
torch.Size([64, 800, 64])
torch.Size([7, 800, 64])
torch.Size([64, 800, 64])
torch.Size([64, 800, 64])
torch.Size([64, 800, 64])
torch.Size([64, 800, 64])
torch.Size([64, 800, 64])
torch.Size([64, 800, 64])
torch.Size([64, 800, 64])
torch.Size([64, 800, 64])
torch.Size([64, 800, 64])
torch.Size([64, 800, 64])
torch.Size([64, 800, 64])
torch.Size([64, 800, 64])
torch.Size([64, 800, 64])
torch.Size([64, 800, 64])
torch.Size([64, 800, 64])
torch.Size([64, 800, 64])
torch.Size([64, 800, 64])
torch.Size([64, 800, 64])
torch.Size([64, 800, 64])
torch.Size([64, 800, 64])
torch.Size([64, 800, 64])
torch.Size([64, 800, 64])
torch.Size([64, 800, 64])
torch.Size([64, 800, 64])
torch.Size([64, 800, 64])
torch.Size([64, 800, 64])
torch.Size([64, 800, 64])
torch.Size([64, 800, 64])
torch.Size([64, 800, 64])
torch.Size([64, 800, 64])
torch.Size([64, 800, 64])
torch.Size([64, 800, 64])
torch.Size([64, 800, 64])
torch.Size([64, 800, 64])
torch.Size([64, 800, 64])
torch.Size([64, 800, 64])
torch.Size([64, 800, 64])
torch.Size([64, 800, 64])
torch.Size([64, 800, 64])
torch.Size([64, 800, 64])
torch.Size([64, 800, 64])
torch.Size([64, 800, 64])
torch.Size([64, 800, 64])
torch.Size([64, 800, 64])
torch.Size([64, 800, 64])
torch.Size([64, 800, 64])
torch.Size([8, 800, 64])
Epoch: 21, Steps: 62, | Train Loss: 1.00891
Validation results --- Loss: 1.08006, Accuracy: 0.55845, Precision: 0.56600, Recall: 0.55842, F1: 0.56043, AUROC: 0.79050, AUPRC: 0.59746
Test results --- Loss: 1.10752, Accuracy: 0.52168, Precision: 0.53482, Recall: 0.52156 F1: 0.52421, AUROC: 0.77704, AUPRC: 0.58521
EarlyStopping counter: 8 out of 10
Updating learning rate to 0.00013823113564082325
torch.Size([64, 800, 64])
torch.Size([64, 800, 64])
torch.Size([64, 800, 64])
torch.Size([64, 800, 64])
torch.Size([64, 800, 64])
torch.Size([64, 800, 64])
torch.Size([64, 800, 64])
torch.Size([64, 800, 64])
torch.Size([64, 800, 64])
torch.Size([64, 800, 64])
torch.Size([64, 800, 64])
torch.Size([64, 800, 64])
torch.Size([64, 800, 64])
torch.Size([64, 800, 64])
torch.Size([64, 800, 64])
torch.Size([64, 800, 64])
torch.Size([64, 800, 64])
torch.Size([64, 800, 64])
torch.Size([64, 800, 64])
torch.Size([64, 800, 64])
torch.Size([64, 800, 64])
torch.Size([64, 800, 64])
torch.Size([64, 800, 64])
torch.Size([64, 800, 64])
torch.Size([64, 800, 64])
torch.Size([64, 800, 64])
torch.Size([64, 800, 64])
torch.Size([64, 800, 64])
torch.Size([64, 800, 64])
torch.Size([64, 800, 64])
torch.Size([64, 800, 64])
torch.Size([64, 800, 64])
torch.Size([64, 800, 64])
torch.Size([64, 800, 64])
torch.Size([64, 800, 64])
torch.Size([64, 800, 64])
torch.Size([64, 800, 64])
torch.Size([64, 800, 64])
torch.Size([64, 800, 64])
torch.Size([64, 800, 64])
torch.Size([64, 800, 64])
torch.Size([64, 800, 64])
torch.Size([64, 800, 64])
torch.Size([64, 800, 64])
torch.Size([64, 800, 64])
torch.Size([64, 800, 64])
torch.Size([64, 800, 64])
torch.Size([64, 800, 64])
torch.Size([64, 800, 64])
torch.Size([64, 800, 64])
torch.Size([64, 800, 64])
torch.Size([64, 800, 64])
torch.Size([64, 800, 64])
torch.Size([64, 800, 64])
torch.Size([64, 800, 64])
torch.Size([64, 800, 64])
torch.Size([64, 800, 64])
torch.Size([64, 800, 64])
torch.Size([64, 800, 64])
torch.Size([64, 800, 64])
torch.Size([64, 800, 64])
torch.Size([30, 800, 64])
Epoch: 22 cost time: 3.7398626804351807
torch.Size([64, 800, 64])
torch.Size([64, 800, 64])
torch.Size([64, 800, 64])
torch.Size([64, 800, 64])
torch.Size([64, 800, 64])
torch.Size([64, 800, 64])
torch.Size([64, 800, 64])
torch.Size([64, 800, 64])
torch.Size([64, 800, 64])
torch.Size([64, 800, 64])
torch.Size([64, 800, 64])
torch.Size([64, 800, 64])
torch.Size([64, 800, 64])
torch.Size([64, 800, 64])
torch.Size([64, 800, 64])
torch.Size([64, 800, 64])
torch.Size([64, 800, 64])
torch.Size([64, 800, 64])
torch.Size([64, 800, 64])
torch.Size([64, 800, 64])
torch.Size([64, 800, 64])
torch.Size([64, 800, 64])
torch.Size([64, 800, 64])
torch.Size([64, 800, 64])
torch.Size([64, 800, 64])
torch.Size([64, 800, 64])
torch.Size([64, 800, 64])
torch.Size([64, 800, 64])
torch.Size([64, 800, 64])
torch.Size([64, 800, 64])
torch.Size([64, 800, 64])
torch.Size([64, 800, 64])
torch.Size([64, 800, 64])
torch.Size([64, 800, 64])
torch.Size([64, 800, 64])
torch.Size([64, 800, 64])
torch.Size([64, 800, 64])
torch.Size([64, 800, 64])
torch.Size([64, 800, 64])
torch.Size([64, 800, 64])
torch.Size([64, 800, 64])
torch.Size([64, 800, 64])
torch.Size([64, 800, 64])
torch.Size([64, 800, 64])
torch.Size([64, 800, 64])
torch.Size([64, 800, 64])
torch.Size([7, 800, 64])
torch.Size([64, 800, 64])
torch.Size([64, 800, 64])
torch.Size([64, 800, 64])
torch.Size([64, 800, 64])
torch.Size([64, 800, 64])
torch.Size([64, 800, 64])
torch.Size([64, 800, 64])
torch.Size([64, 800, 64])
torch.Size([64, 800, 64])
torch.Size([64, 800, 64])
torch.Size([64, 800, 64])
torch.Size([64, 800, 64])
torch.Size([64, 800, 64])
torch.Size([64, 800, 64])
torch.Size([64, 800, 64])
torch.Size([64, 800, 64])
torch.Size([64, 800, 64])
torch.Size([64, 800, 64])
torch.Size([64, 800, 64])
torch.Size([64, 800, 64])
torch.Size([64, 800, 64])
torch.Size([64, 800, 64])
torch.Size([64, 800, 64])
torch.Size([64, 800, 64])
torch.Size([64, 800, 64])
torch.Size([64, 800, 64])
torch.Size([64, 800, 64])
torch.Size([64, 800, 64])
torch.Size([64, 800, 64])
torch.Size([64, 800, 64])
torch.Size([64, 800, 64])
torch.Size([64, 800, 64])
torch.Size([64, 800, 64])
torch.Size([64, 800, 64])
torch.Size([64, 800, 64])
torch.Size([64, 800, 64])
torch.Size([64, 800, 64])
torch.Size([64, 800, 64])
torch.Size([64, 800, 64])
torch.Size([64, 800, 64])
torch.Size([64, 800, 64])
torch.Size([64, 800, 64])
torch.Size([64, 800, 64])
torch.Size([64, 800, 64])
torch.Size([64, 800, 64])
torch.Size([64, 800, 64])
torch.Size([8, 800, 64])
Epoch: 22, Steps: 62, | Train Loss: 1.00569
Validation results --- Loss: 1.08050, Accuracy: 0.55473, Precision: 0.55978, Recall: 0.55471, F1: 0.55673, AUROC: 0.79107, AUPRC: 0.59969
Test results --- Loss: 1.10654, Accuracy: 0.52541, Precision: 0.53317, Recall: 0.52531 F1: 0.52808, AUROC: 0.77823, AUPRC: 0.58789
EarlyStopping counter: 9 out of 10
Updating learning rate to 0.00012653483024396533
torch.Size([64, 800, 64])
torch.Size([64, 800, 64])
torch.Size([64, 800, 64])
torch.Size([64, 800, 64])
torch.Size([64, 800, 64])
torch.Size([64, 800, 64])
torch.Size([64, 800, 64])
torch.Size([64, 800, 64])
torch.Size([64, 800, 64])
torch.Size([64, 800, 64])
torch.Size([64, 800, 64])
torch.Size([64, 800, 64])
torch.Size([64, 800, 64])
torch.Size([64, 800, 64])
torch.Size([64, 800, 64])
torch.Size([64, 800, 64])
torch.Size([64, 800, 64])
torch.Size([64, 800, 64])
torch.Size([64, 800, 64])
torch.Size([64, 800, 64])
torch.Size([64, 800, 64])
torch.Size([64, 800, 64])
torch.Size([64, 800, 64])
torch.Size([64, 800, 64])
torch.Size([64, 800, 64])
torch.Size([64, 800, 64])
torch.Size([64, 800, 64])
torch.Size([64, 800, 64])
torch.Size([64, 800, 64])
torch.Size([64, 800, 64])
torch.Size([64, 800, 64])
torch.Size([64, 800, 64])
torch.Size([64, 800, 64])
torch.Size([64, 800, 64])
torch.Size([64, 800, 64])
torch.Size([64, 800, 64])
torch.Size([64, 800, 64])
torch.Size([64, 800, 64])
torch.Size([64, 800, 64])
torch.Size([64, 800, 64])
torch.Size([64, 800, 64])
torch.Size([64, 800, 64])
torch.Size([64, 800, 64])
torch.Size([64, 800, 64])
torch.Size([64, 800, 64])
torch.Size([64, 800, 64])
torch.Size([64, 800, 64])
torch.Size([64, 800, 64])
torch.Size([64, 800, 64])
torch.Size([64, 800, 64])
torch.Size([64, 800, 64])
torch.Size([64, 800, 64])
torch.Size([64, 800, 64])
torch.Size([64, 800, 64])
torch.Size([64, 800, 64])
torch.Size([64, 800, 64])
torch.Size([64, 800, 64])
torch.Size([64, 800, 64])
torch.Size([64, 800, 64])
torch.Size([64, 800, 64])
torch.Size([64, 800, 64])
torch.Size([30, 800, 64])
Epoch: 23 cost time: 3.7067642211914062
torch.Size([64, 800, 64])
torch.Size([64, 800, 64])
torch.Size([64, 800, 64])
torch.Size([64, 800, 64])
torch.Size([64, 800, 64])
torch.Size([64, 800, 64])
torch.Size([64, 800, 64])
torch.Size([64, 800, 64])
torch.Size([64, 800, 64])
torch.Size([64, 800, 64])
torch.Size([64, 800, 64])
torch.Size([64, 800, 64])
torch.Size([64, 800, 64])
torch.Size([64, 800, 64])
torch.Size([64, 800, 64])
torch.Size([64, 800, 64])
torch.Size([64, 800, 64])
torch.Size([64, 800, 64])
torch.Size([64, 800, 64])
torch.Size([64, 800, 64])
torch.Size([64, 800, 64])
torch.Size([64, 800, 64])
torch.Size([64, 800, 64])
torch.Size([64, 800, 64])
torch.Size([64, 800, 64])
torch.Size([64, 800, 64])
torch.Size([64, 800, 64])
torch.Size([64, 800, 64])
torch.Size([64, 800, 64])
torch.Size([64, 800, 64])
torch.Size([64, 800, 64])
torch.Size([64, 800, 64])
torch.Size([64, 800, 64])
torch.Size([64, 800, 64])
torch.Size([64, 800, 64])
torch.Size([64, 800, 64])
torch.Size([64, 800, 64])
torch.Size([64, 800, 64])
torch.Size([64, 800, 64])
torch.Size([64, 800, 64])
torch.Size([64, 800, 64])
torch.Size([64, 800, 64])
torch.Size([64, 800, 64])
torch.Size([64, 800, 64])
torch.Size([64, 800, 64])
torch.Size([64, 800, 64])
torch.Size([7, 800, 64])
torch.Size([64, 800, 64])
torch.Size([64, 800, 64])
torch.Size([64, 800, 64])
torch.Size([64, 800, 64])
torch.Size([64, 800, 64])
torch.Size([64, 800, 64])
torch.Size([64, 800, 64])
torch.Size([64, 800, 64])
torch.Size([64, 800, 64])
torch.Size([64, 800, 64])
torch.Size([64, 800, 64])
torch.Size([64, 800, 64])
torch.Size([64, 800, 64])
torch.Size([64, 800, 64])
torch.Size([64, 800, 64])
torch.Size([64, 800, 64])
torch.Size([64, 800, 64])
torch.Size([64, 800, 64])
torch.Size([64, 800, 64])
torch.Size([64, 800, 64])
torch.Size([64, 800, 64])
torch.Size([64, 800, 64])
torch.Size([64, 800, 64])
torch.Size([64, 800, 64])
torch.Size([64, 800, 64])
torch.Size([64, 800, 64])
torch.Size([64, 800, 64])
torch.Size([64, 800, 64])
torch.Size([64, 800, 64])
torch.Size([64, 800, 64])
torch.Size([64, 800, 64])
torch.Size([64, 800, 64])
torch.Size([64, 800, 64])
torch.Size([64, 800, 64])
torch.Size([64, 800, 64])
torch.Size([64, 800, 64])
torch.Size([64, 800, 64])
torch.Size([64, 800, 64])
torch.Size([64, 800, 64])
torch.Size([64, 800, 64])
torch.Size([64, 800, 64])
torch.Size([64, 800, 64])
torch.Size([64, 800, 64])
torch.Size([64, 800, 64])
torch.Size([64, 800, 64])
torch.Size([64, 800, 64])
torch.Size([8, 800, 64])
Epoch: 23, Steps: 62, | Train Loss: 0.99964
Validation results --- Loss: 1.07781, Accuracy: 0.56049, Precision: 0.56577, Recall: 0.56049, F1: 0.56245, AUROC: 0.79080, AUPRC: 0.59929
Test results --- Loss: 1.10189, Accuracy: 0.52710, Precision: 0.53352, Recall: 0.52701 F1: 0.52932, AUROC: 0.77803, AUPRC: 0.58691
EarlyStopping counter: 10 out of 10
Early stopping
>>>>>>>testing : eeg_basis_mixer_v2_nobasis_onlyT_Physionet_MI_seed_43_dm_192_dp_0.15_tl_5_bs_64_lr0.0003_aug_none_pl_32_cb32_kb16_tb20_pe192_ps8_ca0_cp1_run20260430_134954<<<<<<<<<<<<<<<<<<<<<<<<<<<<<<<<<
torch.Size([64, 800, 64])
torch.Size([64, 800, 64])
torch.Size([64, 800, 64])
torch.Size([64, 800, 64])
torch.Size([64, 800, 64])
torch.Size([64, 800, 64])
torch.Size([64, 800, 64])
torch.Size([64, 800, 64])
torch.Size([64, 800, 64])
torch.Size([64, 800, 64])
torch.Size([64, 800, 64])
torch.Size([64, 800, 64])
torch.Size([64, 800, 64])
torch.Size([64, 800, 64])
torch.Size([64, 800, 64])
torch.Size([64, 800, 64])
torch.Size([64, 800, 64])
torch.Size([64, 800, 64])
torch.Size([64, 800, 64])
torch.Size([64, 800, 64])
torch.Size([64, 800, 64])
torch.Size([64, 800, 64])
torch.Size([64, 800, 64])
torch.Size([64, 800, 64])
torch.Size([64, 800, 64])
torch.Size([64, 800, 64])
torch.Size([64, 800, 64])
torch.Size([64, 800, 64])
torch.Size([64, 800, 64])
torch.Size([64, 800, 64])
torch.Size([64, 800, 64])
torch.Size([64, 800, 64])
torch.Size([64, 800, 64])
torch.Size([64, 800, 64])
torch.Size([64, 800, 64])
torch.Size([64, 800, 64])
torch.Size([64, 800, 64])
torch.Size([64, 800, 64])
torch.Size([64, 800, 64])
torch.Size([64, 800, 64])
torch.Size([64, 800, 64])
torch.Size([64, 800, 64])
torch.Size([64, 800, 64])
torch.Size([64, 800, 64])
torch.Size([64, 800, 64])
torch.Size([64, 800, 64])
torch.Size([7, 800, 64])
torch.Size([64, 800, 64])
torch.Size([64, 800, 64])
torch.Size([64, 800, 64])
torch.Size([64, 800, 64])
torch.Size([64, 800, 64])
torch.Size([64, 800, 64])
torch.Size([64, 800, 64])
torch.Size([64, 800, 64])
torch.Size([64, 800, 64])
torch.Size([64, 800, 64])
torch.Size([64, 800, 64])
torch.Size([64, 800, 64])
torch.Size([64, 800, 64])
torch.Size([64, 800, 64])
torch.Size([64, 800, 64])
torch.Size([64, 800, 64])
torch.Size([64, 800, 64])
torch.Size([64, 800, 64])
torch.Size([64, 800, 64])
torch.Size([64, 800, 64])
torch.Size([64, 800, 64])
torch.Size([64, 800, 64])
torch.Size([64, 800, 64])
torch.Size([64, 800, 64])
torch.Size([64, 800, 64])
torch.Size([64, 800, 64])
torch.Size([64, 800, 64])
torch.Size([64, 800, 64])
torch.Size([64, 800, 64])
torch.Size([64, 800, 64])
torch.Size([64, 800, 64])
torch.Size([64, 800, 64])
torch.Size([64, 800, 64])
torch.Size([64, 800, 64])
torch.Size([64, 800, 64])
torch.Size([64, 800, 64])
torch.Size([64, 800, 64])
torch.Size([64, 800, 64])
torch.Size([64, 800, 64])
torch.Size([64, 800, 64])
torch.Size([64, 800, 64])
torch.Size([64, 800, 64])
torch.Size([64, 800, 64])
torch.Size([64, 800, 64])
torch.Size([64, 800, 64])
torch.Size([64, 800, 64])
torch.Size([8, 800, 64])
Validation results --- Loss: 1.06907, Accuracy: 0.57065, Precision: 0.57640, Recall: 0.57073, F1: 0.57225, AUROC: 0.79410, AUPRC: 0.60233
Test results --- Loss: 1.09420, Accuracy: 0.52846, Precision: 0.53648, Recall: 0.52849, F1: 0.53103, AUROC: 0.78034, AUPRC: 0.58982

Use GPU (single): visible=0 -> cuda:0
================================================================================
[Model] eeg_basis_mixer_v2_nobasis_onlyT
[Model Params] Total: 37,417 (0.037 M)
[Model Params] Trainable: 37,417 (0.037 M)
[Model Params] Non-trainable: 0 (0.000 M)
[Model Size] Parameters: 0.14 MB
[Model Size] Buffers: 0.00 MB
[Model Size] Total estimated: 0.14 MB
================================================================================
>>>>>>>start training : eeg_basis_mixer_v2_nobasis_onlyT_Physionet_MI_seed_44_dm_192_dp_0.15_tl_5_bs_64_lr0.0003_aug_none_pl_32_cb32_kb16_tb20_pe192_ps8_ca0_cp1_run20260430_135249>>>>>>>>>>>>>>>>>>>>>>>>>>
(3934, 800, 64)
(3934,)
(2951, 800, 64)
(2951,)
(2952, 800, 64)
(2952,)
torch.Size([64, 800, 64])
torch.Size([64, 800, 64])
torch.Size([64, 800, 64])
torch.Size([64, 800, 64])
torch.Size([64, 800, 64])
torch.Size([64, 800, 64])
torch.Size([64, 800, 64])
torch.Size([64, 800, 64])
torch.Size([64, 800, 64])
torch.Size([64, 800, 64])
torch.Size([64, 800, 64])
torch.Size([64, 800, 64])
torch.Size([64, 800, 64])
torch.Size([64, 800, 64])
torch.Size([64, 800, 64])
torch.Size([64, 800, 64])
torch.Size([64, 800, 64])
torch.Size([64, 800, 64])
torch.Size([64, 800, 64])
torch.Size([64, 800, 64])
torch.Size([64, 800, 64])
torch.Size([64, 800, 64])
torch.Size([64, 800, 64])
torch.Size([64, 800, 64])
torch.Size([64, 800, 64])
torch.Size([64, 800, 64])
torch.Size([64, 800, 64])
torch.Size([64, 800, 64])
torch.Size([64, 800, 64])
torch.Size([64, 800, 64])
torch.Size([64, 800, 64])
torch.Size([64, 800, 64])
torch.Size([64, 800, 64])
torch.Size([64, 800, 64])
torch.Size([64, 800, 64])
torch.Size([64, 800, 64])
torch.Size([64, 800, 64])
torch.Size([64, 800, 64])
torch.Size([64, 800, 64])
torch.Size([64, 800, 64])
torch.Size([64, 800, 64])
torch.Size([64, 800, 64])
torch.Size([64, 800, 64])
torch.Size([64, 800, 64])
torch.Size([64, 800, 64])
torch.Size([64, 800, 64])
torch.Size([64, 800, 64])
torch.Size([64, 800, 64])
torch.Size([64, 800, 64])
torch.Size([64, 800, 64])
torch.Size([64, 800, 64])
torch.Size([64, 800, 64])
torch.Size([64, 800, 64])
torch.Size([64, 800, 64])
torch.Size([64, 800, 64])
torch.Size([64, 800, 64])
torch.Size([64, 800, 64])
torch.Size([64, 800, 64])
torch.Size([64, 800, 64])
torch.Size([64, 800, 64])
torch.Size([64, 800, 64])
torch.Size([30, 800, 64])
Epoch: 1 cost time: 3.7379679679870605
torch.Size([64, 800, 64])
torch.Size([64, 800, 64])
torch.Size([64, 800, 64])
torch.Size([64, 800, 64])
torch.Size([64, 800, 64])
torch.Size([64, 800, 64])
torch.Size([64, 800, 64])
torch.Size([64, 800, 64])
torch.Size([64, 800, 64])
torch.Size([64, 800, 64])
torch.Size([64, 800, 64])
torch.Size([64, 800, 64])
torch.Size([64, 800, 64])
torch.Size([64, 800, 64])
torch.Size([64, 800, 64])
torch.Size([64, 800, 64])
torch.Size([64, 800, 64])
torch.Size([64, 800, 64])
torch.Size([64, 800, 64])
torch.Size([64, 800, 64])
torch.Size([64, 800, 64])
torch.Size([64, 800, 64])
torch.Size([64, 800, 64])
torch.Size([64, 800, 64])
torch.Size([64, 800, 64])
torch.Size([64, 800, 64])
torch.Size([64, 800, 64])
torch.Size([64, 800, 64])
torch.Size([64, 800, 64])
torch.Size([64, 800, 64])
torch.Size([64, 800, 64])
torch.Size([64, 800, 64])
torch.Size([64, 800, 64])
torch.Size([64, 800, 64])
torch.Size([64, 800, 64])
torch.Size([64, 800, 64])
torch.Size([64, 800, 64])
torch.Size([64, 800, 64])
torch.Size([64, 800, 64])
torch.Size([64, 800, 64])
torch.Size([64, 800, 64])
torch.Size([64, 800, 64])
torch.Size([64, 800, 64])
torch.Size([64, 800, 64])
torch.Size([64, 800, 64])
torch.Size([64, 800, 64])
torch.Size([7, 800, 64])
torch.Size([64, 800, 64])
torch.Size([64, 800, 64])
torch.Size([64, 800, 64])
torch.Size([64, 800, 64])
torch.Size([64, 800, 64])
torch.Size([64, 800, 64])
torch.Size([64, 800, 64])
torch.Size([64, 800, 64])
torch.Size([64, 800, 64])
torch.Size([64, 800, 64])
torch.Size([64, 800, 64])
torch.Size([64, 800, 64])
torch.Size([64, 800, 64])
torch.Size([64, 800, 64])
torch.Size([64, 800, 64])
torch.Size([64, 800, 64])
torch.Size([64, 800, 64])
torch.Size([64, 800, 64])
torch.Size([64, 800, 64])
torch.Size([64, 800, 64])
torch.Size([64, 800, 64])
torch.Size([64, 800, 64])
torch.Size([64, 800, 64])
torch.Size([64, 800, 64])
torch.Size([64, 800, 64])
torch.Size([64, 800, 64])
torch.Size([64, 800, 64])
torch.Size([64, 800, 64])
torch.Size([64, 800, 64])
torch.Size([64, 800, 64])
torch.Size([64, 800, 64])
torch.Size([64, 800, 64])
torch.Size([64, 800, 64])
torch.Size([64, 800, 64])
torch.Size([64, 800, 64])
torch.Size([64, 800, 64])
torch.Size([64, 800, 64])
torch.Size([64, 800, 64])
torch.Size([64, 800, 64])
torch.Size([64, 800, 64])
torch.Size([64, 800, 64])
torch.Size([64, 800, 64])
torch.Size([64, 800, 64])
torch.Size([64, 800, 64])
torch.Size([64, 800, 64])
torch.Size([64, 800, 64])
torch.Size([8, 800, 64])
Epoch: 1, Steps: 62, | Train Loss: 1.39050
Validation results --- Loss: 1.37544, Accuracy: 0.30634, Precision: 0.38796, Recall: 0.30669, F1: 0.24169, AUROC: 0.59780, AUPRC: 0.32218
Test results --- Loss: 1.37304, Accuracy: 0.30589, Precision: 0.39600, Recall: 0.30627 F1: 0.24534, AUROC: 0.59696, AUPRC: 0.33519
Metric score decreased (inf --> -0.241691).  Saving model ...

Updating learning rate to 0.00029953760005996916
torch.Size([64, 800, 64])
torch.Size([64, 800, 64])
torch.Size([64, 800, 64])
torch.Size([64, 800, 64])
torch.Size([64, 800, 64])
torch.Size([64, 800, 64])
torch.Size([64, 800, 64])
torch.Size([64, 800, 64])
torch.Size([64, 800, 64])
torch.Size([64, 800, 64])
torch.Size([64, 800, 64])
torch.Size([64, 800, 64])
torch.Size([64, 800, 64])
torch.Size([64, 800, 64])
torch.Size([64, 800, 64])
torch.Size([64, 800, 64])
torch.Size([64, 800, 64])
torch.Size([64, 800, 64])
torch.Size([64, 800, 64])
torch.Size([64, 800, 64])
torch.Size([64, 800, 64])
torch.Size([64, 800, 64])
torch.Size([64, 800, 64])
torch.Size([64, 800, 64])
torch.Size([64, 800, 64])
torch.Size([64, 800, 64])
torch.Size([64, 800, 64])
torch.Size([64, 800, 64])
torch.Size([64, 800, 64])
torch.Size([64, 800, 64])
torch.Size([64, 800, 64])
torch.Size([64, 800, 64])
torch.Size([64, 800, 64])
torch.Size([64, 800, 64])
torch.Size([64, 800, 64])
torch.Size([64, 800, 64])
torch.Size([64, 800, 64])
torch.Size([64, 800, 64])
torch.Size([64, 800, 64])
torch.Size([64, 800, 64])
torch.Size([64, 800, 64])
torch.Size([64, 800, 64])
torch.Size([64, 800, 64])
torch.Size([64, 800, 64])
torch.Size([64, 800, 64])
torch.Size([64, 800, 64])
torch.Size([64, 800, 64])
torch.Size([64, 800, 64])
torch.Size([64, 800, 64])
torch.Size([64, 800, 64])
torch.Size([64, 800, 64])
torch.Size([64, 800, 64])
torch.Size([64, 800, 64])
torch.Size([64, 800, 64])
torch.Size([64, 800, 64])
torch.Size([64, 800, 64])
torch.Size([64, 800, 64])
torch.Size([64, 800, 64])
torch.Size([64, 800, 64])
torch.Size([64, 800, 64])
torch.Size([64, 800, 64])
torch.Size([30, 800, 64])
Epoch: 2 cost time: 3.7248618602752686
torch.Size([64, 800, 64])
torch.Size([64, 800, 64])
torch.Size([64, 800, 64])
torch.Size([64, 800, 64])
torch.Size([64, 800, 64])
torch.Size([64, 800, 64])
torch.Size([64, 800, 64])
torch.Size([64, 800, 64])
torch.Size([64, 800, 64])
torch.Size([64, 800, 64])
torch.Size([64, 800, 64])
torch.Size([64, 800, 64])
torch.Size([64, 800, 64])
torch.Size([64, 800, 64])
torch.Size([64, 800, 64])
torch.Size([64, 800, 64])
torch.Size([64, 800, 64])
torch.Size([64, 800, 64])
torch.Size([64, 800, 64])
torch.Size([64, 800, 64])
torch.Size([64, 800, 64])
torch.Size([64, 800, 64])
torch.Size([64, 800, 64])
torch.Size([64, 800, 64])
torch.Size([64, 800, 64])
torch.Size([64, 800, 64])
torch.Size([64, 800, 64])
torch.Size([64, 800, 64])
torch.Size([64, 800, 64])
torch.Size([64, 800, 64])
torch.Size([64, 800, 64])
torch.Size([64, 800, 64])
torch.Size([64, 800, 64])
torch.Size([64, 800, 64])
torch.Size([64, 800, 64])
torch.Size([64, 800, 64])
torch.Size([64, 800, 64])
torch.Size([64, 800, 64])
torch.Size([64, 800, 64])
torch.Size([64, 800, 64])
torch.Size([64, 800, 64])
torch.Size([64, 800, 64])
torch.Size([64, 800, 64])
torch.Size([64, 800, 64])
torch.Size([64, 800, 64])
torch.Size([64, 800, 64])
torch.Size([7, 800, 64])
torch.Size([64, 800, 64])
torch.Size([64, 800, 64])
torch.Size([64, 800, 64])
torch.Size([64, 800, 64])
torch.Size([64, 800, 64])
torch.Size([64, 800, 64])
torch.Size([64, 800, 64])
torch.Size([64, 800, 64])
torch.Size([64, 800, 64])
torch.Size([64, 800, 64])
torch.Size([64, 800, 64])
torch.Size([64, 800, 64])
torch.Size([64, 800, 64])
torch.Size([64, 800, 64])
torch.Size([64, 800, 64])
torch.Size([64, 800, 64])
torch.Size([64, 800, 64])
torch.Size([64, 800, 64])
torch.Size([64, 800, 64])
torch.Size([64, 800, 64])
torch.Size([64, 800, 64])
torch.Size([64, 800, 64])
torch.Size([64, 800, 64])
torch.Size([64, 800, 64])
torch.Size([64, 800, 64])
torch.Size([64, 800, 64])
torch.Size([64, 800, 64])
torch.Size([64, 800, 64])
torch.Size([64, 800, 64])
torch.Size([64, 800, 64])
torch.Size([64, 800, 64])
torch.Size([64, 800, 64])
torch.Size([64, 800, 64])
torch.Size([64, 800, 64])
torch.Size([64, 800, 64])
torch.Size([64, 800, 64])
torch.Size([64, 800, 64])
torch.Size([64, 800, 64])
torch.Size([64, 800, 64])
torch.Size([64, 800, 64])
torch.Size([64, 800, 64])
torch.Size([64, 800, 64])
torch.Size([64, 800, 64])
torch.Size([64, 800, 64])
torch.Size([64, 800, 64])
torch.Size([64, 800, 64])
torch.Size([8, 800, 64])
Epoch: 2, Steps: 62, | Train Loss: 1.24226
Validation results --- Loss: 1.12160, Accuracy: 0.52525, Precision: 0.52473, Recall: 0.52502, F1: 0.52297, AUROC: 0.77539, AUPRC: 0.57630
Test results --- Loss: 1.10814, Accuracy: 0.52642, Precision: 0.52602, Recall: 0.52627 F1: 0.52102, AUROC: 0.77952, AUPRC: 0.58396
Metric score decreased (-0.241691 --> -0.522965).  Saving model ...

Updating learning rate to 0.00029815325108927063
torch.Size([64, 800, 64])
torch.Size([64, 800, 64])
torch.Size([64, 800, 64])
torch.Size([64, 800, 64])
torch.Size([64, 800, 64])
torch.Size([64, 800, 64])
torch.Size([64, 800, 64])
torch.Size([64, 800, 64])
torch.Size([64, 800, 64])
torch.Size([64, 800, 64])
torch.Size([64, 800, 64])
torch.Size([64, 800, 64])
torch.Size([64, 800, 64])
torch.Size([64, 800, 64])
torch.Size([64, 800, 64])
torch.Size([64, 800, 64])
torch.Size([64, 800, 64])
torch.Size([64, 800, 64])
torch.Size([64, 800, 64])
torch.Size([64, 800, 64])
torch.Size([64, 800, 64])
torch.Size([64, 800, 64])
torch.Size([64, 800, 64])
torch.Size([64, 800, 64])
torch.Size([64, 800, 64])
torch.Size([64, 800, 64])
torch.Size([64, 800, 64])
torch.Size([64, 800, 64])
torch.Size([64, 800, 64])
torch.Size([64, 800, 64])
torch.Size([64, 800, 64])
torch.Size([64, 800, 64])
torch.Size([64, 800, 64])
torch.Size([64, 800, 64])
torch.Size([64, 800, 64])
torch.Size([64, 800, 64])
torch.Size([64, 800, 64])
torch.Size([64, 800, 64])
torch.Size([64, 800, 64])
torch.Size([64, 800, 64])
torch.Size([64, 800, 64])
torch.Size([64, 800, 64])
torch.Size([64, 800, 64])
torch.Size([64, 800, 64])
torch.Size([64, 800, 64])
torch.Size([64, 800, 64])
torch.Size([64, 800, 64])
torch.Size([64, 800, 64])
torch.Size([64, 800, 64])
torch.Size([64, 800, 64])
torch.Size([64, 800, 64])
torch.Size([64, 800, 64])
torch.Size([64, 800, 64])
torch.Size([64, 800, 64])
torch.Size([64, 800, 64])
torch.Size([64, 800, 64])
torch.Size([64, 800, 64])
torch.Size([64, 800, 64])
torch.Size([64, 800, 64])
torch.Size([64, 800, 64])
torch.Size([64, 800, 64])
torch.Size([30, 800, 64])
Epoch: 3 cost time: 3.7333879470825195
torch.Size([64, 800, 64])
torch.Size([64, 800, 64])
torch.Size([64, 800, 64])
torch.Size([64, 800, 64])
torch.Size([64, 800, 64])
torch.Size([64, 800, 64])
torch.Size([64, 800, 64])
torch.Size([64, 800, 64])
torch.Size([64, 800, 64])
torch.Size([64, 800, 64])
torch.Size([64, 800, 64])
torch.Size([64, 800, 64])
torch.Size([64, 800, 64])
torch.Size([64, 800, 64])
torch.Size([64, 800, 64])
torch.Size([64, 800, 64])
torch.Size([64, 800, 64])
torch.Size([64, 800, 64])
torch.Size([64, 800, 64])
torch.Size([64, 800, 64])
torch.Size([64, 800, 64])
torch.Size([64, 800, 64])
torch.Size([64, 800, 64])
torch.Size([64, 800, 64])
torch.Size([64, 800, 64])
torch.Size([64, 800, 64])
torch.Size([64, 800, 64])
torch.Size([64, 800, 64])
torch.Size([64, 800, 64])
torch.Size([64, 800, 64])
torch.Size([64, 800, 64])
torch.Size([64, 800, 64])
torch.Size([64, 800, 64])
torch.Size([64, 800, 64])
torch.Size([64, 800, 64])
torch.Size([64, 800, 64])
torch.Size([64, 800, 64])
torch.Size([64, 800, 64])
torch.Size([64, 800, 64])
torch.Size([64, 800, 64])
torch.Size([64, 800, 64])
torch.Size([64, 800, 64])
torch.Size([64, 800, 64])
torch.Size([64, 800, 64])
torch.Size([64, 800, 64])
torch.Size([64, 800, 64])
torch.Size([7, 800, 64])
torch.Size([64, 800, 64])
torch.Size([64, 800, 64])
torch.Size([64, 800, 64])
torch.Size([64, 800, 64])
torch.Size([64, 800, 64])
torch.Size([64, 800, 64])
torch.Size([64, 800, 64])
torch.Size([64, 800, 64])
torch.Size([64, 800, 64])
torch.Size([64, 800, 64])
torch.Size([64, 800, 64])
torch.Size([64, 800, 64])
torch.Size([64, 800, 64])
torch.Size([64, 800, 64])
torch.Size([64, 800, 64])
torch.Size([64, 800, 64])
torch.Size([64, 800, 64])
torch.Size([64, 800, 64])
torch.Size([64, 800, 64])
torch.Size([64, 800, 64])
torch.Size([64, 800, 64])
torch.Size([64, 800, 64])
torch.Size([64, 800, 64])
torch.Size([64, 800, 64])
torch.Size([64, 800, 64])
torch.Size([64, 800, 64])
torch.Size([64, 800, 64])
torch.Size([64, 800, 64])
torch.Size([64, 800, 64])
torch.Size([64, 800, 64])
torch.Size([64, 800, 64])
torch.Size([64, 800, 64])
torch.Size([64, 800, 64])
torch.Size([64, 800, 64])
torch.Size([64, 800, 64])
torch.Size([64, 800, 64])
torch.Size([64, 800, 64])
torch.Size([64, 800, 64])
torch.Size([64, 800, 64])
torch.Size([64, 800, 64])
torch.Size([64, 800, 64])
torch.Size([64, 800, 64])
torch.Size([64, 800, 64])
torch.Size([64, 800, 64])
torch.Size([64, 800, 64])
torch.Size([64, 800, 64])
torch.Size([8, 800, 64])
Epoch: 3, Steps: 62, | Train Loss: 1.10358
Validation results --- Loss: 1.09558, Accuracy: 0.55066, Precision: 0.56514, Recall: 0.55050, F1: 0.55395, AUROC: 0.78693, AUPRC: 0.59344
Test results --- Loss: 1.07610, Accuracy: 0.55759, Precision: 0.57129, Recall: 0.55738 F1: 0.55983, AUROC: 0.79312, AUPRC: 0.60882
Metric score decreased (-0.522965 --> -0.553951).  Saving model ...

Updating learning rate to 0.0002958554880596515
torch.Size([64, 800, 64])
torch.Size([64, 800, 64])
torch.Size([64, 800, 64])
torch.Size([64, 800, 64])
torch.Size([64, 800, 64])
torch.Size([64, 800, 64])
torch.Size([64, 800, 64])
torch.Size([64, 800, 64])
torch.Size([64, 800, 64])
torch.Size([64, 800, 64])
torch.Size([64, 800, 64])
torch.Size([64, 800, 64])
torch.Size([64, 800, 64])
torch.Size([64, 800, 64])
torch.Size([64, 800, 64])
torch.Size([64, 800, 64])
torch.Size([64, 800, 64])
torch.Size([64, 800, 64])
torch.Size([64, 800, 64])
torch.Size([64, 800, 64])
torch.Size([64, 800, 64])
torch.Size([64, 800, 64])
torch.Size([64, 800, 64])
torch.Size([64, 800, 64])
torch.Size([64, 800, 64])
torch.Size([64, 800, 64])
torch.Size([64, 800, 64])
torch.Size([64, 800, 64])
torch.Size([64, 800, 64])
torch.Size([64, 800, 64])
torch.Size([64, 800, 64])
torch.Size([64, 800, 64])
torch.Size([64, 800, 64])
torch.Size([64, 800, 64])
torch.Size([64, 800, 64])
torch.Size([64, 800, 64])
torch.Size([64, 800, 64])
torch.Size([64, 800, 64])
torch.Size([64, 800, 64])
torch.Size([64, 800, 64])
torch.Size([64, 800, 64])
torch.Size([64, 800, 64])
torch.Size([64, 800, 64])
torch.Size([64, 800, 64])
torch.Size([64, 800, 64])
torch.Size([64, 800, 64])
torch.Size([64, 800, 64])
torch.Size([64, 800, 64])
torch.Size([64, 800, 64])
torch.Size([64, 800, 64])
torch.Size([64, 800, 64])
torch.Size([64, 800, 64])
torch.Size([64, 800, 64])
torch.Size([64, 800, 64])
torch.Size([64, 800, 64])
torch.Size([64, 800, 64])
torch.Size([64, 800, 64])
torch.Size([64, 800, 64])
torch.Size([64, 800, 64])
torch.Size([64, 800, 64])
torch.Size([64, 800, 64])
torch.Size([30, 800, 64])
Epoch: 4 cost time: 3.718235731124878
torch.Size([64, 800, 64])
torch.Size([64, 800, 64])
torch.Size([64, 800, 64])
torch.Size([64, 800, 64])
torch.Size([64, 800, 64])
torch.Size([64, 800, 64])
torch.Size([64, 800, 64])
torch.Size([64, 800, 64])
torch.Size([64, 800, 64])
torch.Size([64, 800, 64])
torch.Size([64, 800, 64])
torch.Size([64, 800, 64])
torch.Size([64, 800, 64])
torch.Size([64, 800, 64])
torch.Size([64, 800, 64])
torch.Size([64, 800, 64])
torch.Size([64, 800, 64])
torch.Size([64, 800, 64])
torch.Size([64, 800, 64])
torch.Size([64, 800, 64])
torch.Size([64, 800, 64])
torch.Size([64, 800, 64])
torch.Size([64, 800, 64])
torch.Size([64, 800, 64])
torch.Size([64, 800, 64])
torch.Size([64, 800, 64])
torch.Size([64, 800, 64])
torch.Size([64, 800, 64])
torch.Size([64, 800, 64])
torch.Size([64, 800, 64])
torch.Size([64, 800, 64])
torch.Size([64, 800, 64])
torch.Size([64, 800, 64])
torch.Size([64, 800, 64])
torch.Size([64, 800, 64])
torch.Size([64, 800, 64])
torch.Size([64, 800, 64])
torch.Size([64, 800, 64])
torch.Size([64, 800, 64])
torch.Size([64, 800, 64])
torch.Size([64, 800, 64])
torch.Size([64, 800, 64])
torch.Size([64, 800, 64])
torch.Size([64, 800, 64])
torch.Size([64, 800, 64])
torch.Size([64, 800, 64])
torch.Size([7, 800, 64])
torch.Size([64, 800, 64])
torch.Size([64, 800, 64])
torch.Size([64, 800, 64])
torch.Size([64, 800, 64])
torch.Size([64, 800, 64])
torch.Size([64, 800, 64])
torch.Size([64, 800, 64])
torch.Size([64, 800, 64])
torch.Size([64, 800, 64])
torch.Size([64, 800, 64])
torch.Size([64, 800, 64])
torch.Size([64, 800, 64])
torch.Size([64, 800, 64])
torch.Size([64, 800, 64])
torch.Size([64, 800, 64])
torch.Size([64, 800, 64])
torch.Size([64, 800, 64])
torch.Size([64, 800, 64])
torch.Size([64, 800, 64])
torch.Size([64, 800, 64])
torch.Size([64, 800, 64])
torch.Size([64, 800, 64])
torch.Size([64, 800, 64])
torch.Size([64, 800, 64])
torch.Size([64, 800, 64])
torch.Size([64, 800, 64])
torch.Size([64, 800, 64])
torch.Size([64, 800, 64])
torch.Size([64, 800, 64])
torch.Size([64, 800, 64])
torch.Size([64, 800, 64])
torch.Size([64, 800, 64])
torch.Size([64, 800, 64])
torch.Size([64, 800, 64])
torch.Size([64, 800, 64])
torch.Size([64, 800, 64])
torch.Size([64, 800, 64])
torch.Size([64, 800, 64])
torch.Size([64, 800, 64])
torch.Size([64, 800, 64])
torch.Size([64, 800, 64])
torch.Size([64, 800, 64])
torch.Size([64, 800, 64])
torch.Size([64, 800, 64])
torch.Size([64, 800, 64])
torch.Size([64, 800, 64])
torch.Size([8, 800, 64])
Epoch: 4, Steps: 62, | Train Loss: 1.08190
Validation results --- Loss: 1.09259, Accuracy: 0.54151, Precision: 0.54494, Recall: 0.54141, F1: 0.54260, AUROC: 0.78712, AUPRC: 0.59386
Test results --- Loss: 1.06779, Accuracy: 0.55725, Precision: 0.55798, Recall: 0.55714 F1: 0.55666, AUROC: 0.79568, AUPRC: 0.60986
EarlyStopping counter: 1 out of 10
Updating learning rate to 0.00029265847744427303
torch.Size([64, 800, 64])
torch.Size([64, 800, 64])
torch.Size([64, 800, 64])
torch.Size([64, 800, 64])
torch.Size([64, 800, 64])
torch.Size([64, 800, 64])
torch.Size([64, 800, 64])
torch.Size([64, 800, 64])
torch.Size([64, 800, 64])
torch.Size([64, 800, 64])
torch.Size([64, 800, 64])
torch.Size([64, 800, 64])
torch.Size([64, 800, 64])
torch.Size([64, 800, 64])
torch.Size([64, 800, 64])
torch.Size([64, 800, 64])
torch.Size([64, 800, 64])
torch.Size([64, 800, 64])
torch.Size([64, 800, 64])
torch.Size([64, 800, 64])
torch.Size([64, 800, 64])
torch.Size([64, 800, 64])
torch.Size([64, 800, 64])
torch.Size([64, 800, 64])
torch.Size([64, 800, 64])
torch.Size([64, 800, 64])
torch.Size([64, 800, 64])
torch.Size([64, 800, 64])
torch.Size([64, 800, 64])
torch.Size([64, 800, 64])
torch.Size([64, 800, 64])
torch.Size([64, 800, 64])
torch.Size([64, 800, 64])
torch.Size([64, 800, 64])
torch.Size([64, 800, 64])
torch.Size([64, 800, 64])
torch.Size([64, 800, 64])
torch.Size([64, 800, 64])
torch.Size([64, 800, 64])
torch.Size([64, 800, 64])
torch.Size([64, 800, 64])
torch.Size([64, 800, 64])
torch.Size([64, 800, 64])
torch.Size([64, 800, 64])
torch.Size([64, 800, 64])
torch.Size([64, 800, 64])
torch.Size([64, 800, 64])
torch.Size([64, 800, 64])
torch.Size([64, 800, 64])
torch.Size([64, 800, 64])
torch.Size([64, 800, 64])
torch.Size([64, 800, 64])
torch.Size([64, 800, 64])
torch.Size([64, 800, 64])
torch.Size([64, 800, 64])
torch.Size([64, 800, 64])
torch.Size([64, 800, 64])
torch.Size([64, 800, 64])
torch.Size([64, 800, 64])
torch.Size([64, 800, 64])
torch.Size([64, 800, 64])
torch.Size([30, 800, 64])
Epoch: 5 cost time: 3.7324657440185547
torch.Size([64, 800, 64])
torch.Size([64, 800, 64])
torch.Size([64, 800, 64])
torch.Size([64, 800, 64])
torch.Size([64, 800, 64])
torch.Size([64, 800, 64])
torch.Size([64, 800, 64])
torch.Size([64, 800, 64])
torch.Size([64, 800, 64])
torch.Size([64, 800, 64])
torch.Size([64, 800, 64])
torch.Size([64, 800, 64])
torch.Size([64, 800, 64])
torch.Size([64, 800, 64])
torch.Size([64, 800, 64])
torch.Size([64, 800, 64])
torch.Size([64, 800, 64])
torch.Size([64, 800, 64])
torch.Size([64, 800, 64])
torch.Size([64, 800, 64])
torch.Size([64, 800, 64])
torch.Size([64, 800, 64])
torch.Size([64, 800, 64])
torch.Size([64, 800, 64])
torch.Size([64, 800, 64])
torch.Size([64, 800, 64])
torch.Size([64, 800, 64])
torch.Size([64, 800, 64])
torch.Size([64, 800, 64])
torch.Size([64, 800, 64])
torch.Size([64, 800, 64])
torch.Size([64, 800, 64])
torch.Size([64, 800, 64])
torch.Size([64, 800, 64])
torch.Size([64, 800, 64])
torch.Size([64, 800, 64])
torch.Size([64, 800, 64])
torch.Size([64, 800, 64])
torch.Size([64, 800, 64])
torch.Size([64, 800, 64])
torch.Size([64, 800, 64])
torch.Size([64, 800, 64])
torch.Size([64, 800, 64])
torch.Size([64, 800, 64])
torch.Size([64, 800, 64])
torch.Size([64, 800, 64])
torch.Size([7, 800, 64])
torch.Size([64, 800, 64])
torch.Size([64, 800, 64])
torch.Size([64, 800, 64])
torch.Size([64, 800, 64])
torch.Size([64, 800, 64])
torch.Size([64, 800, 64])
torch.Size([64, 800, 64])
torch.Size([64, 800, 64])
torch.Size([64, 800, 64])
torch.Size([64, 800, 64])
torch.Size([64, 800, 64])
torch.Size([64, 800, 64])
torch.Size([64, 800, 64])
torch.Size([64, 800, 64])
torch.Size([64, 800, 64])
torch.Size([64, 800, 64])
torch.Size([64, 800, 64])
torch.Size([64, 800, 64])
torch.Size([64, 800, 64])
torch.Size([64, 800, 64])
torch.Size([64, 800, 64])
torch.Size([64, 800, 64])
torch.Size([64, 800, 64])
torch.Size([64, 800, 64])
torch.Size([64, 800, 64])
torch.Size([64, 800, 64])
torch.Size([64, 800, 64])
torch.Size([64, 800, 64])
torch.Size([64, 800, 64])
torch.Size([64, 800, 64])
torch.Size([64, 800, 64])
torch.Size([64, 800, 64])
torch.Size([64, 800, 64])
torch.Size([64, 800, 64])
torch.Size([64, 800, 64])
torch.Size([64, 800, 64])
torch.Size([64, 800, 64])
torch.Size([64, 800, 64])
torch.Size([64, 800, 64])
torch.Size([64, 800, 64])
torch.Size([64, 800, 64])
torch.Size([64, 800, 64])
torch.Size([64, 800, 64])
torch.Size([64, 800, 64])
torch.Size([64, 800, 64])
torch.Size([64, 800, 64])
torch.Size([8, 800, 64])
Epoch: 5, Steps: 62, | Train Loss: 1.07930
Validation results --- Loss: 1.09441, Accuracy: 0.53440, Precision: 0.52945, Recall: 0.53433, F1: 0.52866, AUROC: 0.78759, AUPRC: 0.59417
Test results --- Loss: 1.07140, Accuracy: 0.55623, Precision: 0.55192, Recall: 0.55622 F1: 0.54983, AUROC: 0.79648, AUPRC: 0.61210
EarlyStopping counter: 2 out of 10
Updating learning rate to 0.000288581929876693
torch.Size([64, 800, 64])
torch.Size([64, 800, 64])
torch.Size([64, 800, 64])
torch.Size([64, 800, 64])
torch.Size([64, 800, 64])
torch.Size([64, 800, 64])
torch.Size([64, 800, 64])
torch.Size([64, 800, 64])
torch.Size([64, 800, 64])
torch.Size([64, 800, 64])
torch.Size([64, 800, 64])
torch.Size([64, 800, 64])
torch.Size([64, 800, 64])
torch.Size([64, 800, 64])
torch.Size([64, 800, 64])
torch.Size([64, 800, 64])
torch.Size([64, 800, 64])
torch.Size([64, 800, 64])
torch.Size([64, 800, 64])
torch.Size([64, 800, 64])
torch.Size([64, 800, 64])
torch.Size([64, 800, 64])
torch.Size([64, 800, 64])
torch.Size([64, 800, 64])
torch.Size([64, 800, 64])
torch.Size([64, 800, 64])
torch.Size([64, 800, 64])
torch.Size([64, 800, 64])
torch.Size([64, 800, 64])
torch.Size([64, 800, 64])
torch.Size([64, 800, 64])
torch.Size([64, 800, 64])
torch.Size([64, 800, 64])
torch.Size([64, 800, 64])
torch.Size([64, 800, 64])
torch.Size([64, 800, 64])
torch.Size([64, 800, 64])
torch.Size([64, 800, 64])
torch.Size([64, 800, 64])
torch.Size([64, 800, 64])
torch.Size([64, 800, 64])
torch.Size([64, 800, 64])
torch.Size([64, 800, 64])
torch.Size([64, 800, 64])
torch.Size([64, 800, 64])
torch.Size([64, 800, 64])
torch.Size([64, 800, 64])
torch.Size([64, 800, 64])
torch.Size([64, 800, 64])
torch.Size([64, 800, 64])
torch.Size([64, 800, 64])
torch.Size([64, 800, 64])
torch.Size([64, 800, 64])
torch.Size([64, 800, 64])
torch.Size([64, 800, 64])
torch.Size([64, 800, 64])
torch.Size([64, 800, 64])
torch.Size([64, 800, 64])
torch.Size([64, 800, 64])
torch.Size([64, 800, 64])
torch.Size([64, 800, 64])
torch.Size([30, 800, 64])
Epoch: 6 cost time: 3.74337100982666
torch.Size([64, 800, 64])
torch.Size([64, 800, 64])
torch.Size([64, 800, 64])
torch.Size([64, 800, 64])
torch.Size([64, 800, 64])
torch.Size([64, 800, 64])
torch.Size([64, 800, 64])
torch.Size([64, 800, 64])
torch.Size([64, 800, 64])
torch.Size([64, 800, 64])
torch.Size([64, 800, 64])
torch.Size([64, 800, 64])
torch.Size([64, 800, 64])
torch.Size([64, 800, 64])
torch.Size([64, 800, 64])
torch.Size([64, 800, 64])
torch.Size([64, 800, 64])
torch.Size([64, 800, 64])
torch.Size([64, 800, 64])
torch.Size([64, 800, 64])
torch.Size([64, 800, 64])
torch.Size([64, 800, 64])
torch.Size([64, 800, 64])
torch.Size([64, 800, 64])
torch.Size([64, 800, 64])
torch.Size([64, 800, 64])
torch.Size([64, 800, 64])
torch.Size([64, 800, 64])
torch.Size([64, 800, 64])
torch.Size([64, 800, 64])
torch.Size([64, 800, 64])
torch.Size([64, 800, 64])
torch.Size([64, 800, 64])
torch.Size([64, 800, 64])
torch.Size([64, 800, 64])
torch.Size([64, 800, 64])
torch.Size([64, 800, 64])
torch.Size([64, 800, 64])
torch.Size([64, 800, 64])
torch.Size([64, 800, 64])
torch.Size([64, 800, 64])
torch.Size([64, 800, 64])
torch.Size([64, 800, 64])
torch.Size([64, 800, 64])
torch.Size([64, 800, 64])
torch.Size([64, 800, 64])
torch.Size([7, 800, 64])
torch.Size([64, 800, 64])
torch.Size([64, 800, 64])
torch.Size([64, 800, 64])
torch.Size([64, 800, 64])
torch.Size([64, 800, 64])
torch.Size([64, 800, 64])
torch.Size([64, 800, 64])
torch.Size([64, 800, 64])
torch.Size([64, 800, 64])
torch.Size([64, 800, 64])
torch.Size([64, 800, 64])
torch.Size([64, 800, 64])
torch.Size([64, 800, 64])
torch.Size([64, 800, 64])
torch.Size([64, 800, 64])
torch.Size([64, 800, 64])
torch.Size([64, 800, 64])
torch.Size([64, 800, 64])
torch.Size([64, 800, 64])
torch.Size([64, 800, 64])
torch.Size([64, 800, 64])
torch.Size([64, 800, 64])
torch.Size([64, 800, 64])
torch.Size([64, 800, 64])
torch.Size([64, 800, 64])
torch.Size([64, 800, 64])
torch.Size([64, 800, 64])
torch.Size([64, 800, 64])
torch.Size([64, 800, 64])
torch.Size([64, 800, 64])
torch.Size([64, 800, 64])
torch.Size([64, 800, 64])
torch.Size([64, 800, 64])
torch.Size([64, 800, 64])
torch.Size([64, 800, 64])
torch.Size([64, 800, 64])
torch.Size([64, 800, 64])
torch.Size([64, 800, 64])
torch.Size([64, 800, 64])
torch.Size([64, 800, 64])
torch.Size([64, 800, 64])
torch.Size([64, 800, 64])
torch.Size([64, 800, 64])
torch.Size([64, 800, 64])
torch.Size([64, 800, 64])
torch.Size([64, 800, 64])
torch.Size([8, 800, 64])
Epoch: 6, Steps: 62, | Train Loss: 1.06919
Validation results --- Loss: 1.08574, Accuracy: 0.54354, Precision: 0.54677, Recall: 0.54342, F1: 0.54459, AUROC: 0.79021, AUPRC: 0.59973
Test results --- Loss: 1.06119, Accuracy: 0.56470, Precision: 0.56640, Recall: 0.56456 F1: 0.56431, AUROC: 0.79891, AUPRC: 0.61725
EarlyStopping counter: 3 out of 10
Updating learning rate to 0.00028365097862825513
torch.Size([64, 800, 64])
torch.Size([64, 800, 64])
torch.Size([64, 800, 64])
torch.Size([64, 800, 64])
torch.Size([64, 800, 64])
torch.Size([64, 800, 64])
torch.Size([64, 800, 64])
torch.Size([64, 800, 64])
torch.Size([64, 800, 64])
torch.Size([64, 800, 64])
torch.Size([64, 800, 64])
torch.Size([64, 800, 64])
torch.Size([64, 800, 64])
torch.Size([64, 800, 64])
torch.Size([64, 800, 64])
torch.Size([64, 800, 64])
torch.Size([64, 800, 64])
torch.Size([64, 800, 64])
torch.Size([64, 800, 64])
torch.Size([64, 800, 64])
torch.Size([64, 800, 64])
torch.Size([64, 800, 64])
torch.Size([64, 800, 64])
torch.Size([64, 800, 64])
torch.Size([64, 800, 64])
torch.Size([64, 800, 64])
torch.Size([64, 800, 64])
torch.Size([64, 800, 64])
torch.Size([64, 800, 64])
torch.Size([64, 800, 64])
torch.Size([64, 800, 64])
torch.Size([64, 800, 64])
torch.Size([64, 800, 64])
torch.Size([64, 800, 64])
torch.Size([64, 800, 64])
torch.Size([64, 800, 64])
torch.Size([64, 800, 64])
torch.Size([64, 800, 64])
torch.Size([64, 800, 64])
torch.Size([64, 800, 64])
torch.Size([64, 800, 64])
torch.Size([64, 800, 64])
torch.Size([64, 800, 64])
torch.Size([64, 800, 64])
torch.Size([64, 800, 64])
torch.Size([64, 800, 64])
torch.Size([64, 800, 64])
torch.Size([64, 800, 64])
torch.Size([64, 800, 64])
torch.Size([64, 800, 64])
torch.Size([64, 800, 64])
torch.Size([64, 800, 64])
torch.Size([64, 800, 64])
torch.Size([64, 800, 64])
torch.Size([64, 800, 64])
torch.Size([64, 800, 64])
torch.Size([64, 800, 64])
torch.Size([64, 800, 64])
torch.Size([64, 800, 64])
torch.Size([64, 800, 64])
torch.Size([64, 800, 64])
torch.Size([30, 800, 64])
Epoch: 7 cost time: 3.7118351459503174
torch.Size([64, 800, 64])
torch.Size([64, 800, 64])
torch.Size([64, 800, 64])
torch.Size([64, 800, 64])
torch.Size([64, 800, 64])
torch.Size([64, 800, 64])
torch.Size([64, 800, 64])
torch.Size([64, 800, 64])
torch.Size([64, 800, 64])
torch.Size([64, 800, 64])
torch.Size([64, 800, 64])
torch.Size([64, 800, 64])
torch.Size([64, 800, 64])
torch.Size([64, 800, 64])
torch.Size([64, 800, 64])
torch.Size([64, 800, 64])
torch.Size([64, 800, 64])
torch.Size([64, 800, 64])
torch.Size([64, 800, 64])
torch.Size([64, 800, 64])
torch.Size([64, 800, 64])
torch.Size([64, 800, 64])
torch.Size([64, 800, 64])
torch.Size([64, 800, 64])
torch.Size([64, 800, 64])
torch.Size([64, 800, 64])
torch.Size([64, 800, 64])
torch.Size([64, 800, 64])
torch.Size([64, 800, 64])
torch.Size([64, 800, 64])
torch.Size([64, 800, 64])
torch.Size([64, 800, 64])
torch.Size([64, 800, 64])
torch.Size([64, 800, 64])
torch.Size([64, 800, 64])
torch.Size([64, 800, 64])
torch.Size([64, 800, 64])
torch.Size([64, 800, 64])
torch.Size([64, 800, 64])
torch.Size([64, 800, 64])
torch.Size([64, 800, 64])
torch.Size([64, 800, 64])
torch.Size([64, 800, 64])
torch.Size([64, 800, 64])
torch.Size([64, 800, 64])
torch.Size([64, 800, 64])
torch.Size([7, 800, 64])
torch.Size([64, 800, 64])
torch.Size([64, 800, 64])
torch.Size([64, 800, 64])
torch.Size([64, 800, 64])
torch.Size([64, 800, 64])
torch.Size([64, 800, 64])
torch.Size([64, 800, 64])
torch.Size([64, 800, 64])
torch.Size([64, 800, 64])
torch.Size([64, 800, 64])
torch.Size([64, 800, 64])
torch.Size([64, 800, 64])
torch.Size([64, 800, 64])
torch.Size([64, 800, 64])
torch.Size([64, 800, 64])
torch.Size([64, 800, 64])
torch.Size([64, 800, 64])
torch.Size([64, 800, 64])
torch.Size([64, 800, 64])
torch.Size([64, 800, 64])
torch.Size([64, 800, 64])
torch.Size([64, 800, 64])
torch.Size([64, 800, 64])
torch.Size([64, 800, 64])
torch.Size([64, 800, 64])
torch.Size([64, 800, 64])
torch.Size([64, 800, 64])
torch.Size([64, 800, 64])
torch.Size([64, 800, 64])
torch.Size([64, 800, 64])
torch.Size([64, 800, 64])
torch.Size([64, 800, 64])
torch.Size([64, 800, 64])
torch.Size([64, 800, 64])
torch.Size([64, 800, 64])
torch.Size([64, 800, 64])
torch.Size([64, 800, 64])
torch.Size([64, 800, 64])
torch.Size([64, 800, 64])
torch.Size([64, 800, 64])
torch.Size([64, 800, 64])
torch.Size([64, 800, 64])
torch.Size([64, 800, 64])
torch.Size([64, 800, 64])
torch.Size([64, 800, 64])
torch.Size([64, 800, 64])
torch.Size([8, 800, 64])
Epoch: 7, Steps: 62, | Train Loss: 1.06413
Validation results --- Loss: 1.08937, Accuracy: 0.54863, Precision: 0.56796, Recall: 0.54852, F1: 0.55350, AUROC: 0.78809, AUPRC: 0.59868
Test results --- Loss: 1.06182, Accuracy: 0.56098, Precision: 0.57618, Recall: 0.56082 F1: 0.56450, AUROC: 0.79728, AUPRC: 0.61660
EarlyStopping counter: 4 out of 10
Updating learning rate to 0.0002778960246531138
torch.Size([64, 800, 64])
torch.Size([64, 800, 64])
torch.Size([64, 800, 64])
torch.Size([64, 800, 64])
torch.Size([64, 800, 64])
torch.Size([64, 800, 64])
torch.Size([64, 800, 64])
torch.Size([64, 800, 64])
torch.Size([64, 800, 64])
torch.Size([64, 800, 64])
torch.Size([64, 800, 64])
torch.Size([64, 800, 64])
torch.Size([64, 800, 64])
torch.Size([64, 800, 64])
torch.Size([64, 800, 64])
torch.Size([64, 800, 64])
torch.Size([64, 800, 64])
torch.Size([64, 800, 64])
torch.Size([64, 800, 64])
torch.Size([64, 800, 64])
torch.Size([64, 800, 64])
torch.Size([64, 800, 64])
torch.Size([64, 800, 64])
torch.Size([64, 800, 64])
torch.Size([64, 800, 64])
torch.Size([64, 800, 64])
torch.Size([64, 800, 64])
torch.Size([64, 800, 64])
torch.Size([64, 800, 64])
torch.Size([64, 800, 64])
torch.Size([64, 800, 64])
torch.Size([64, 800, 64])
torch.Size([64, 800, 64])
torch.Size([64, 800, 64])
torch.Size([64, 800, 64])
torch.Size([64, 800, 64])
torch.Size([64, 800, 64])
torch.Size([64, 800, 64])
torch.Size([64, 800, 64])
torch.Size([64, 800, 64])
torch.Size([64, 800, 64])
torch.Size([64, 800, 64])
torch.Size([64, 800, 64])
torch.Size([64, 800, 64])
torch.Size([64, 800, 64])
torch.Size([64, 800, 64])
torch.Size([64, 800, 64])
torch.Size([64, 800, 64])
torch.Size([64, 800, 64])
torch.Size([64, 800, 64])
torch.Size([64, 800, 64])
torch.Size([64, 800, 64])
torch.Size([64, 800, 64])
torch.Size([64, 800, 64])
torch.Size([64, 800, 64])
torch.Size([64, 800, 64])
torch.Size([64, 800, 64])
torch.Size([64, 800, 64])
torch.Size([64, 800, 64])
torch.Size([64, 800, 64])
torch.Size([64, 800, 64])
torch.Size([30, 800, 64])
Epoch: 8 cost time: 3.754209518432617
torch.Size([64, 800, 64])
torch.Size([64, 800, 64])
torch.Size([64, 800, 64])
torch.Size([64, 800, 64])
torch.Size([64, 800, 64])
torch.Size([64, 800, 64])
torch.Size([64, 800, 64])
torch.Size([64, 800, 64])
torch.Size([64, 800, 64])
torch.Size([64, 800, 64])
torch.Size([64, 800, 64])
torch.Size([64, 800, 64])
torch.Size([64, 800, 64])
torch.Size([64, 800, 64])
torch.Size([64, 800, 64])
torch.Size([64, 800, 64])
torch.Size([64, 800, 64])
torch.Size([64, 800, 64])
torch.Size([64, 800, 64])
torch.Size([64, 800, 64])
torch.Size([64, 800, 64])
torch.Size([64, 800, 64])
torch.Size([64, 800, 64])
torch.Size([64, 800, 64])
torch.Size([64, 800, 64])
torch.Size([64, 800, 64])
torch.Size([64, 800, 64])
torch.Size([64, 800, 64])
torch.Size([64, 800, 64])
torch.Size([64, 800, 64])
torch.Size([64, 800, 64])
torch.Size([64, 800, 64])
torch.Size([64, 800, 64])
torch.Size([64, 800, 64])
torch.Size([64, 800, 64])
torch.Size([64, 800, 64])
torch.Size([64, 800, 64])
torch.Size([64, 800, 64])
torch.Size([64, 800, 64])
torch.Size([64, 800, 64])
torch.Size([64, 800, 64])
torch.Size([64, 800, 64])
torch.Size([64, 800, 64])
torch.Size([64, 800, 64])
torch.Size([64, 800, 64])
torch.Size([64, 800, 64])
torch.Size([7, 800, 64])
torch.Size([64, 800, 64])
torch.Size([64, 800, 64])
torch.Size([64, 800, 64])
torch.Size([64, 800, 64])
torch.Size([64, 800, 64])
torch.Size([64, 800, 64])
torch.Size([64, 800, 64])
torch.Size([64, 800, 64])
torch.Size([64, 800, 64])
torch.Size([64, 800, 64])
torch.Size([64, 800, 64])
torch.Size([64, 800, 64])
torch.Size([64, 800, 64])
torch.Size([64, 800, 64])
torch.Size([64, 800, 64])
torch.Size([64, 800, 64])
torch.Size([64, 800, 64])
torch.Size([64, 800, 64])
torch.Size([64, 800, 64])
torch.Size([64, 800, 64])
torch.Size([64, 800, 64])
torch.Size([64, 800, 64])
torch.Size([64, 800, 64])
torch.Size([64, 800, 64])
torch.Size([64, 800, 64])
torch.Size([64, 800, 64])
torch.Size([64, 800, 64])
torch.Size([64, 800, 64])
torch.Size([64, 800, 64])
torch.Size([64, 800, 64])
torch.Size([64, 800, 64])
torch.Size([64, 800, 64])
torch.Size([64, 800, 64])
torch.Size([64, 800, 64])
torch.Size([64, 800, 64])
torch.Size([64, 800, 64])
torch.Size([64, 800, 64])
torch.Size([64, 800, 64])
torch.Size([64, 800, 64])
torch.Size([64, 800, 64])
torch.Size([64, 800, 64])
torch.Size([64, 800, 64])
torch.Size([64, 800, 64])
torch.Size([64, 800, 64])
torch.Size([64, 800, 64])
torch.Size([64, 800, 64])
torch.Size([8, 800, 64])
Epoch: 8, Steps: 62, | Train Loss: 1.06079
Validation results --- Loss: 1.09949, Accuracy: 0.53744, Precision: 0.54383, Recall: 0.53732, F1: 0.53902, AUROC: 0.78505, AUPRC: 0.59446
Test results --- Loss: 1.07077, Accuracy: 0.55623, Precision: 0.56048, Recall: 0.55610 F1: 0.55636, AUROC: 0.79462, AUPRC: 0.61193
EarlyStopping counter: 5 out of 10
Updating learning rate to 0.0002713525491562421
torch.Size([64, 800, 64])
torch.Size([64, 800, 64])
torch.Size([64, 800, 64])
torch.Size([64, 800, 64])
torch.Size([64, 800, 64])
torch.Size([64, 800, 64])
torch.Size([64, 800, 64])
torch.Size([64, 800, 64])
torch.Size([64, 800, 64])
torch.Size([64, 800, 64])
torch.Size([64, 800, 64])
torch.Size([64, 800, 64])
torch.Size([64, 800, 64])
torch.Size([64, 800, 64])
torch.Size([64, 800, 64])
torch.Size([64, 800, 64])
torch.Size([64, 800, 64])
torch.Size([64, 800, 64])
torch.Size([64, 800, 64])
torch.Size([64, 800, 64])
torch.Size([64, 800, 64])
torch.Size([64, 800, 64])
torch.Size([64, 800, 64])
torch.Size([64, 800, 64])
torch.Size([64, 800, 64])
torch.Size([64, 800, 64])
torch.Size([64, 800, 64])
torch.Size([64, 800, 64])
torch.Size([64, 800, 64])
torch.Size([64, 800, 64])
torch.Size([64, 800, 64])
torch.Size([64, 800, 64])
torch.Size([64, 800, 64])
torch.Size([64, 800, 64])
torch.Size([64, 800, 64])
torch.Size([64, 800, 64])
torch.Size([64, 800, 64])
torch.Size([64, 800, 64])
torch.Size([64, 800, 64])
torch.Size([64, 800, 64])
torch.Size([64, 800, 64])
torch.Size([64, 800, 64])
torch.Size([64, 800, 64])
torch.Size([64, 800, 64])
torch.Size([64, 800, 64])
torch.Size([64, 800, 64])
torch.Size([64, 800, 64])
torch.Size([64, 800, 64])
torch.Size([64, 800, 64])
torch.Size([64, 800, 64])
torch.Size([64, 800, 64])
torch.Size([64, 800, 64])
torch.Size([64, 800, 64])
torch.Size([64, 800, 64])
torch.Size([64, 800, 64])
torch.Size([64, 800, 64])
torch.Size([64, 800, 64])
torch.Size([64, 800, 64])
torch.Size([64, 800, 64])
torch.Size([64, 800, 64])
torch.Size([64, 800, 64])
torch.Size([30, 800, 64])
Epoch: 9 cost time: 3.712134838104248
torch.Size([64, 800, 64])
torch.Size([64, 800, 64])
torch.Size([64, 800, 64])
torch.Size([64, 800, 64])
torch.Size([64, 800, 64])
torch.Size([64, 800, 64])
torch.Size([64, 800, 64])
torch.Size([64, 800, 64])
torch.Size([64, 800, 64])
torch.Size([64, 800, 64])
torch.Size([64, 800, 64])
torch.Size([64, 800, 64])
torch.Size([64, 800, 64])
torch.Size([64, 800, 64])
torch.Size([64, 800, 64])
torch.Size([64, 800, 64])
torch.Size([64, 800, 64])
torch.Size([64, 800, 64])
torch.Size([64, 800, 64])
torch.Size([64, 800, 64])
torch.Size([64, 800, 64])
torch.Size([64, 800, 64])
torch.Size([64, 800, 64])
torch.Size([64, 800, 64])
torch.Size([64, 800, 64])
torch.Size([64, 800, 64])
torch.Size([64, 800, 64])
torch.Size([64, 800, 64])
torch.Size([64, 800, 64])
torch.Size([64, 800, 64])
torch.Size([64, 800, 64])
torch.Size([64, 800, 64])
torch.Size([64, 800, 64])
torch.Size([64, 800, 64])
torch.Size([64, 800, 64])
torch.Size([64, 800, 64])
torch.Size([64, 800, 64])
torch.Size([64, 800, 64])
torch.Size([64, 800, 64])
torch.Size([64, 800, 64])
torch.Size([64, 800, 64])
torch.Size([64, 800, 64])
torch.Size([64, 800, 64])
torch.Size([64, 800, 64])
torch.Size([64, 800, 64])
torch.Size([64, 800, 64])
torch.Size([7, 800, 64])
torch.Size([64, 800, 64])
torch.Size([64, 800, 64])
torch.Size([64, 800, 64])
torch.Size([64, 800, 64])
torch.Size([64, 800, 64])
torch.Size([64, 800, 64])
torch.Size([64, 800, 64])
torch.Size([64, 800, 64])
torch.Size([64, 800, 64])
torch.Size([64, 800, 64])
torch.Size([64, 800, 64])
torch.Size([64, 800, 64])
torch.Size([64, 800, 64])
torch.Size([64, 800, 64])
torch.Size([64, 800, 64])
torch.Size([64, 800, 64])
torch.Size([64, 800, 64])
torch.Size([64, 800, 64])
torch.Size([64, 800, 64])
torch.Size([64, 800, 64])
torch.Size([64, 800, 64])
torch.Size([64, 800, 64])
torch.Size([64, 800, 64])
torch.Size([64, 800, 64])
torch.Size([64, 800, 64])
torch.Size([64, 800, 64])
torch.Size([64, 800, 64])
torch.Size([64, 800, 64])
torch.Size([64, 800, 64])
torch.Size([64, 800, 64])
torch.Size([64, 800, 64])
torch.Size([64, 800, 64])
torch.Size([64, 800, 64])
torch.Size([64, 800, 64])
torch.Size([64, 800, 64])
torch.Size([64, 800, 64])
torch.Size([64, 800, 64])
torch.Size([64, 800, 64])
torch.Size([64, 800, 64])
torch.Size([64, 800, 64])
torch.Size([64, 800, 64])
torch.Size([64, 800, 64])
torch.Size([64, 800, 64])
torch.Size([64, 800, 64])
torch.Size([64, 800, 64])
torch.Size([64, 800, 64])
torch.Size([8, 800, 64])
Epoch: 9, Steps: 62, | Train Loss: 1.05561
Validation results --- Loss: 1.09355, Accuracy: 0.54117, Precision: 0.54147, Recall: 0.54115, F1: 0.53999, AUROC: 0.78607, AUPRC: 0.59439
Test results --- Loss: 1.06434, Accuracy: 0.56165, Precision: 0.55958, Recall: 0.56166 F1: 0.55933, AUROC: 0.79663, AUPRC: 0.61235
EarlyStopping counter: 6 out of 10
Updating learning rate to 0.00026406089484000466
torch.Size([64, 800, 64])
torch.Size([64, 800, 64])
torch.Size([64, 800, 64])
torch.Size([64, 800, 64])
torch.Size([64, 800, 64])
torch.Size([64, 800, 64])
torch.Size([64, 800, 64])
torch.Size([64, 800, 64])
torch.Size([64, 800, 64])
torch.Size([64, 800, 64])
torch.Size([64, 800, 64])
torch.Size([64, 800, 64])
torch.Size([64, 800, 64])
torch.Size([64, 800, 64])
torch.Size([64, 800, 64])
torch.Size([64, 800, 64])
torch.Size([64, 800, 64])
torch.Size([64, 800, 64])
torch.Size([64, 800, 64])
torch.Size([64, 800, 64])
torch.Size([64, 800, 64])
torch.Size([64, 800, 64])
torch.Size([64, 800, 64])
torch.Size([64, 800, 64])
torch.Size([64, 800, 64])
torch.Size([64, 800, 64])
torch.Size([64, 800, 64])
torch.Size([64, 800, 64])
torch.Size([64, 800, 64])
torch.Size([64, 800, 64])
torch.Size([64, 800, 64])
torch.Size([64, 800, 64])
torch.Size([64, 800, 64])
torch.Size([64, 800, 64])
torch.Size([64, 800, 64])
torch.Size([64, 800, 64])
torch.Size([64, 800, 64])
torch.Size([64, 800, 64])
torch.Size([64, 800, 64])
torch.Size([64, 800, 64])
torch.Size([64, 800, 64])
torch.Size([64, 800, 64])
torch.Size([64, 800, 64])
torch.Size([64, 800, 64])
torch.Size([64, 800, 64])
torch.Size([64, 800, 64])
torch.Size([64, 800, 64])
torch.Size([64, 800, 64])
torch.Size([64, 800, 64])
torch.Size([64, 800, 64])
torch.Size([64, 800, 64])
torch.Size([64, 800, 64])
torch.Size([64, 800, 64])
torch.Size([64, 800, 64])
torch.Size([64, 800, 64])
torch.Size([64, 800, 64])
torch.Size([64, 800, 64])
torch.Size([64, 800, 64])
torch.Size([64, 800, 64])
torch.Size([64, 800, 64])
torch.Size([64, 800, 64])
torch.Size([30, 800, 64])
Epoch: 10 cost time: 3.7196152210235596
torch.Size([64, 800, 64])
torch.Size([64, 800, 64])
torch.Size([64, 800, 64])
torch.Size([64, 800, 64])
torch.Size([64, 800, 64])
torch.Size([64, 800, 64])
torch.Size([64, 800, 64])
torch.Size([64, 800, 64])
torch.Size([64, 800, 64])
torch.Size([64, 800, 64])
torch.Size([64, 800, 64])
torch.Size([64, 800, 64])
torch.Size([64, 800, 64])
torch.Size([64, 800, 64])
torch.Size([64, 800, 64])
torch.Size([64, 800, 64])
torch.Size([64, 800, 64])
torch.Size([64, 800, 64])
torch.Size([64, 800, 64])
torch.Size([64, 800, 64])
torch.Size([64, 800, 64])
torch.Size([64, 800, 64])
torch.Size([64, 800, 64])
torch.Size([64, 800, 64])
torch.Size([64, 800, 64])
torch.Size([64, 800, 64])
torch.Size([64, 800, 64])
torch.Size([64, 800, 64])
torch.Size([64, 800, 64])
torch.Size([64, 800, 64])
torch.Size([64, 800, 64])
torch.Size([64, 800, 64])
torch.Size([64, 800, 64])
torch.Size([64, 800, 64])
torch.Size([64, 800, 64])
torch.Size([64, 800, 64])
torch.Size([64, 800, 64])
torch.Size([64, 800, 64])
torch.Size([64, 800, 64])
torch.Size([64, 800, 64])
torch.Size([64, 800, 64])
torch.Size([64, 800, 64])
torch.Size([64, 800, 64])
torch.Size([64, 800, 64])
torch.Size([64, 800, 64])
torch.Size([64, 800, 64])
torch.Size([7, 800, 64])
torch.Size([64, 800, 64])
torch.Size([64, 800, 64])
torch.Size([64, 800, 64])
torch.Size([64, 800, 64])
torch.Size([64, 800, 64])
torch.Size([64, 800, 64])
torch.Size([64, 800, 64])
torch.Size([64, 800, 64])
torch.Size([64, 800, 64])
torch.Size([64, 800, 64])
torch.Size([64, 800, 64])
torch.Size([64, 800, 64])
torch.Size([64, 800, 64])
torch.Size([64, 800, 64])
torch.Size([64, 800, 64])
torch.Size([64, 800, 64])
torch.Size([64, 800, 64])
torch.Size([64, 800, 64])
torch.Size([64, 800, 64])
torch.Size([64, 800, 64])
torch.Size([64, 800, 64])
torch.Size([64, 800, 64])
torch.Size([64, 800, 64])
torch.Size([64, 800, 64])
torch.Size([64, 800, 64])
torch.Size([64, 800, 64])
torch.Size([64, 800, 64])
torch.Size([64, 800, 64])
torch.Size([64, 800, 64])
torch.Size([64, 800, 64])
torch.Size([64, 800, 64])
torch.Size([64, 800, 64])
torch.Size([64, 800, 64])
torch.Size([64, 800, 64])
torch.Size([64, 800, 64])
torch.Size([64, 800, 64])
torch.Size([64, 800, 64])
torch.Size([64, 800, 64])
torch.Size([64, 800, 64])
torch.Size([64, 800, 64])
torch.Size([64, 800, 64])
torch.Size([64, 800, 64])
torch.Size([64, 800, 64])
torch.Size([64, 800, 64])
torch.Size([64, 800, 64])
torch.Size([64, 800, 64])
torch.Size([8, 800, 64])
Epoch: 10, Steps: 62, | Train Loss: 1.05027
Validation results --- Loss: 1.08776, Accuracy: 0.54185, Precision: 0.54950, Recall: 0.54194, F1: 0.54295, AUROC: 0.78771, AUPRC: 0.59741
Test results --- Loss: 1.06272, Accuracy: 0.56538, Precision: 0.56893, Recall: 0.56547 F1: 0.56579, AUROC: 0.79788, AUPRC: 0.61806
EarlyStopping counter: 7 out of 10
Updating learning rate to 0.00025606601717798207
torch.Size([64, 800, 64])
torch.Size([64, 800, 64])
torch.Size([64, 800, 64])
torch.Size([64, 800, 64])
torch.Size([64, 800, 64])
torch.Size([64, 800, 64])
torch.Size([64, 800, 64])
torch.Size([64, 800, 64])
torch.Size([64, 800, 64])
torch.Size([64, 800, 64])
torch.Size([64, 800, 64])
torch.Size([64, 800, 64])
torch.Size([64, 800, 64])
torch.Size([64, 800, 64])
torch.Size([64, 800, 64])
torch.Size([64, 800, 64])
torch.Size([64, 800, 64])
torch.Size([64, 800, 64])
torch.Size([64, 800, 64])
torch.Size([64, 800, 64])
torch.Size([64, 800, 64])
torch.Size([64, 800, 64])
torch.Size([64, 800, 64])
torch.Size([64, 800, 64])
torch.Size([64, 800, 64])
torch.Size([64, 800, 64])
torch.Size([64, 800, 64])
torch.Size([64, 800, 64])
torch.Size([64, 800, 64])
torch.Size([64, 800, 64])
torch.Size([64, 800, 64])
torch.Size([64, 800, 64])
torch.Size([64, 800, 64])
torch.Size([64, 800, 64])
torch.Size([64, 800, 64])
torch.Size([64, 800, 64])
torch.Size([64, 800, 64])
torch.Size([64, 800, 64])
torch.Size([64, 800, 64])
torch.Size([64, 800, 64])
torch.Size([64, 800, 64])
torch.Size([64, 800, 64])
torch.Size([64, 800, 64])
torch.Size([64, 800, 64])
torch.Size([64, 800, 64])
torch.Size([64, 800, 64])
torch.Size([64, 800, 64])
torch.Size([64, 800, 64])
torch.Size([64, 800, 64])
torch.Size([64, 800, 64])
torch.Size([64, 800, 64])
torch.Size([64, 800, 64])
torch.Size([64, 800, 64])
torch.Size([64, 800, 64])
torch.Size([64, 800, 64])
torch.Size([64, 800, 64])
torch.Size([64, 800, 64])
torch.Size([64, 800, 64])
torch.Size([64, 800, 64])
torch.Size([64, 800, 64])
torch.Size([64, 800, 64])
torch.Size([30, 800, 64])
Epoch: 11 cost time: 3.7238190174102783
torch.Size([64, 800, 64])
torch.Size([64, 800, 64])
torch.Size([64, 800, 64])
torch.Size([64, 800, 64])
torch.Size([64, 800, 64])
torch.Size([64, 800, 64])
torch.Size([64, 800, 64])
torch.Size([64, 800, 64])
torch.Size([64, 800, 64])
torch.Size([64, 800, 64])
torch.Size([64, 800, 64])
torch.Size([64, 800, 64])
torch.Size([64, 800, 64])
torch.Size([64, 800, 64])
torch.Size([64, 800, 64])
torch.Size([64, 800, 64])
torch.Size([64, 800, 64])
torch.Size([64, 800, 64])
torch.Size([64, 800, 64])
torch.Size([64, 800, 64])
torch.Size([64, 800, 64])
torch.Size([64, 800, 64])
torch.Size([64, 800, 64])
torch.Size([64, 800, 64])
torch.Size([64, 800, 64])
torch.Size([64, 800, 64])
torch.Size([64, 800, 64])
torch.Size([64, 800, 64])
torch.Size([64, 800, 64])
torch.Size([64, 800, 64])
torch.Size([64, 800, 64])
torch.Size([64, 800, 64])
torch.Size([64, 800, 64])
torch.Size([64, 800, 64])
torch.Size([64, 800, 64])
torch.Size([64, 800, 64])
torch.Size([64, 800, 64])
torch.Size([64, 800, 64])
torch.Size([64, 800, 64])
torch.Size([64, 800, 64])
torch.Size([64, 800, 64])
torch.Size([64, 800, 64])
torch.Size([64, 800, 64])
torch.Size([64, 800, 64])
torch.Size([64, 800, 64])
torch.Size([64, 800, 64])
torch.Size([7, 800, 64])
torch.Size([64, 800, 64])
torch.Size([64, 800, 64])
torch.Size([64, 800, 64])
torch.Size([64, 800, 64])
torch.Size([64, 800, 64])
torch.Size([64, 800, 64])
torch.Size([64, 800, 64])
torch.Size([64, 800, 64])
torch.Size([64, 800, 64])
torch.Size([64, 800, 64])
torch.Size([64, 800, 64])
torch.Size([64, 800, 64])
torch.Size([64, 800, 64])
torch.Size([64, 800, 64])
torch.Size([64, 800, 64])
torch.Size([64, 800, 64])
torch.Size([64, 800, 64])
torch.Size([64, 800, 64])
torch.Size([64, 800, 64])
torch.Size([64, 800, 64])
torch.Size([64, 800, 64])
torch.Size([64, 800, 64])
torch.Size([64, 800, 64])
torch.Size([64, 800, 64])
torch.Size([64, 800, 64])
torch.Size([64, 800, 64])
torch.Size([64, 800, 64])
torch.Size([64, 800, 64])
torch.Size([64, 800, 64])
torch.Size([64, 800, 64])
torch.Size([64, 800, 64])
torch.Size([64, 800, 64])
torch.Size([64, 800, 64])
torch.Size([64, 800, 64])
torch.Size([64, 800, 64])
torch.Size([64, 800, 64])
torch.Size([64, 800, 64])
torch.Size([64, 800, 64])
torch.Size([64, 800, 64])
torch.Size([64, 800, 64])
torch.Size([64, 800, 64])
torch.Size([64, 800, 64])
torch.Size([64, 800, 64])
torch.Size([64, 800, 64])
torch.Size([64, 800, 64])
torch.Size([64, 800, 64])
torch.Size([8, 800, 64])
Epoch: 11, Steps: 62, | Train Loss: 1.05029
Validation results --- Loss: 1.09150, Accuracy: 0.54151, Precision: 0.54809, Recall: 0.54147, F1: 0.54397, AUROC: 0.78529, AUPRC: 0.59275
Test results --- Loss: 1.06044, Accuracy: 0.56572, Precision: 0.57067, Recall: 0.56561 F1: 0.56727, AUROC: 0.79710, AUPRC: 0.61434
EarlyStopping counter: 8 out of 10
Updating learning rate to 0.0002474172072495275
torch.Size([64, 800, 64])
torch.Size([64, 800, 64])
torch.Size([64, 800, 64])
torch.Size([64, 800, 64])
torch.Size([64, 800, 64])
torch.Size([64, 800, 64])
torch.Size([64, 800, 64])
torch.Size([64, 800, 64])
torch.Size([64, 800, 64])
torch.Size([64, 800, 64])
torch.Size([64, 800, 64])
torch.Size([64, 800, 64])
torch.Size([64, 800, 64])
torch.Size([64, 800, 64])
torch.Size([64, 800, 64])
torch.Size([64, 800, 64])
torch.Size([64, 800, 64])
torch.Size([64, 800, 64])
torch.Size([64, 800, 64])
torch.Size([64, 800, 64])
torch.Size([64, 800, 64])
torch.Size([64, 800, 64])
torch.Size([64, 800, 64])
torch.Size([64, 800, 64])
torch.Size([64, 800, 64])
torch.Size([64, 800, 64])
torch.Size([64, 800, 64])
torch.Size([64, 800, 64])
torch.Size([64, 800, 64])
torch.Size([64, 800, 64])
torch.Size([64, 800, 64])
torch.Size([64, 800, 64])
torch.Size([64, 800, 64])
torch.Size([64, 800, 64])
torch.Size([64, 800, 64])
torch.Size([64, 800, 64])
torch.Size([64, 800, 64])
torch.Size([64, 800, 64])
torch.Size([64, 800, 64])
torch.Size([64, 800, 64])
torch.Size([64, 800, 64])
torch.Size([64, 800, 64])
torch.Size([64, 800, 64])
torch.Size([64, 800, 64])
torch.Size([64, 800, 64])
torch.Size([64, 800, 64])
torch.Size([64, 800, 64])
torch.Size([64, 800, 64])
torch.Size([64, 800, 64])
torch.Size([64, 800, 64])
torch.Size([64, 800, 64])
torch.Size([64, 800, 64])
torch.Size([64, 800, 64])
torch.Size([64, 800, 64])
torch.Size([64, 800, 64])
torch.Size([64, 800, 64])
torch.Size([64, 800, 64])
torch.Size([64, 800, 64])
torch.Size([64, 800, 64])
torch.Size([64, 800, 64])
torch.Size([64, 800, 64])
torch.Size([30, 800, 64])
Epoch: 12 cost time: 3.7169528007507324
torch.Size([64, 800, 64])
torch.Size([64, 800, 64])
torch.Size([64, 800, 64])
torch.Size([64, 800, 64])
torch.Size([64, 800, 64])
torch.Size([64, 800, 64])
torch.Size([64, 800, 64])
torch.Size([64, 800, 64])
torch.Size([64, 800, 64])
torch.Size([64, 800, 64])
torch.Size([64, 800, 64])
torch.Size([64, 800, 64])
torch.Size([64, 800, 64])
torch.Size([64, 800, 64])
torch.Size([64, 800, 64])
torch.Size([64, 800, 64])
torch.Size([64, 800, 64])
torch.Size([64, 800, 64])
torch.Size([64, 800, 64])
torch.Size([64, 800, 64])
torch.Size([64, 800, 64])
torch.Size([64, 800, 64])
torch.Size([64, 800, 64])
torch.Size([64, 800, 64])
torch.Size([64, 800, 64])
torch.Size([64, 800, 64])
torch.Size([64, 800, 64])
torch.Size([64, 800, 64])
torch.Size([64, 800, 64])
torch.Size([64, 800, 64])
torch.Size([64, 800, 64])
torch.Size([64, 800, 64])
torch.Size([64, 800, 64])
torch.Size([64, 800, 64])
torch.Size([64, 800, 64])
torch.Size([64, 800, 64])
torch.Size([64, 800, 64])
torch.Size([64, 800, 64])
torch.Size([64, 800, 64])
torch.Size([64, 800, 64])
torch.Size([64, 800, 64])
torch.Size([64, 800, 64])
torch.Size([64, 800, 64])
torch.Size([64, 800, 64])
torch.Size([64, 800, 64])
torch.Size([64, 800, 64])
torch.Size([7, 800, 64])
torch.Size([64, 800, 64])
torch.Size([64, 800, 64])
torch.Size([64, 800, 64])
torch.Size([64, 800, 64])
torch.Size([64, 800, 64])
torch.Size([64, 800, 64])
torch.Size([64, 800, 64])
torch.Size([64, 800, 64])
torch.Size([64, 800, 64])
torch.Size([64, 800, 64])
torch.Size([64, 800, 64])
torch.Size([64, 800, 64])
torch.Size([64, 800, 64])
torch.Size([64, 800, 64])
torch.Size([64, 800, 64])
torch.Size([64, 800, 64])
torch.Size([64, 800, 64])
torch.Size([64, 800, 64])
torch.Size([64, 800, 64])
torch.Size([64, 800, 64])
torch.Size([64, 800, 64])
torch.Size([64, 800, 64])
torch.Size([64, 800, 64])
torch.Size([64, 800, 64])
torch.Size([64, 800, 64])
torch.Size([64, 800, 64])
torch.Size([64, 800, 64])
torch.Size([64, 800, 64])
torch.Size([64, 800, 64])
torch.Size([64, 800, 64])
torch.Size([64, 800, 64])
torch.Size([64, 800, 64])
torch.Size([64, 800, 64])
torch.Size([64, 800, 64])
torch.Size([64, 800, 64])
torch.Size([64, 800, 64])
torch.Size([64, 800, 64])
torch.Size([64, 800, 64])
torch.Size([64, 800, 64])
torch.Size([64, 800, 64])
torch.Size([64, 800, 64])
torch.Size([64, 800, 64])
torch.Size([64, 800, 64])
torch.Size([64, 800, 64])
torch.Size([64, 800, 64])
torch.Size([64, 800, 64])
torch.Size([8, 800, 64])
Epoch: 12, Steps: 62, | Train Loss: 1.04592
Validation results --- Loss: 1.09667, Accuracy: 0.53643, Precision: 0.54156, Recall: 0.53640, F1: 0.53638, AUROC: 0.78466, AUPRC: 0.59192
Test results --- Loss: 1.06585, Accuracy: 0.56199, Precision: 0.56644, Recall: 0.56194 F1: 0.56134, AUROC: 0.79682, AUPRC: 0.61473
EarlyStopping counter: 9 out of 10
Updating learning rate to 0.00023816778784387094
torch.Size([64, 800, 64])
torch.Size([64, 800, 64])
torch.Size([64, 800, 64])
torch.Size([64, 800, 64])
torch.Size([64, 800, 64])
torch.Size([64, 800, 64])
torch.Size([64, 800, 64])
torch.Size([64, 800, 64])
torch.Size([64, 800, 64])
torch.Size([64, 800, 64])
torch.Size([64, 800, 64])
torch.Size([64, 800, 64])
torch.Size([64, 800, 64])
torch.Size([64, 800, 64])
torch.Size([64, 800, 64])
torch.Size([64, 800, 64])
torch.Size([64, 800, 64])
torch.Size([64, 800, 64])
torch.Size([64, 800, 64])
torch.Size([64, 800, 64])
torch.Size([64, 800, 64])
torch.Size([64, 800, 64])
torch.Size([64, 800, 64])
torch.Size([64, 800, 64])
torch.Size([64, 800, 64])
torch.Size([64, 800, 64])
torch.Size([64, 800, 64])
torch.Size([64, 800, 64])
torch.Size([64, 800, 64])
torch.Size([64, 800, 64])
torch.Size([64, 800, 64])
torch.Size([64, 800, 64])
torch.Size([64, 800, 64])
torch.Size([64, 800, 64])
torch.Size([64, 800, 64])
torch.Size([64, 800, 64])
torch.Size([64, 800, 64])
torch.Size([64, 800, 64])
torch.Size([64, 800, 64])
torch.Size([64, 800, 64])
torch.Size([64, 800, 64])
torch.Size([64, 800, 64])
torch.Size([64, 800, 64])
torch.Size([64, 800, 64])
torch.Size([64, 800, 64])
torch.Size([64, 800, 64])
torch.Size([64, 800, 64])
torch.Size([64, 800, 64])
torch.Size([64, 800, 64])
torch.Size([64, 800, 64])
torch.Size([64, 800, 64])
torch.Size([64, 800, 64])
torch.Size([64, 800, 64])
torch.Size([64, 800, 64])
torch.Size([64, 800, 64])
torch.Size([64, 800, 64])
torch.Size([64, 800, 64])
torch.Size([64, 800, 64])
torch.Size([64, 800, 64])
torch.Size([64, 800, 64])
torch.Size([64, 800, 64])
torch.Size([30, 800, 64])
Epoch: 13 cost time: 3.7490172386169434
torch.Size([64, 800, 64])
torch.Size([64, 800, 64])
torch.Size([64, 800, 64])
torch.Size([64, 800, 64])
torch.Size([64, 800, 64])
torch.Size([64, 800, 64])
torch.Size([64, 800, 64])
torch.Size([64, 800, 64])
torch.Size([64, 800, 64])
torch.Size([64, 800, 64])
torch.Size([64, 800, 64])
torch.Size([64, 800, 64])
torch.Size([64, 800, 64])
torch.Size([64, 800, 64])
torch.Size([64, 800, 64])
torch.Size([64, 800, 64])
torch.Size([64, 800, 64])
torch.Size([64, 800, 64])
torch.Size([64, 800, 64])
torch.Size([64, 800, 64])
torch.Size([64, 800, 64])
torch.Size([64, 800, 64])
torch.Size([64, 800, 64])
torch.Size([64, 800, 64])
torch.Size([64, 800, 64])
torch.Size([64, 800, 64])
torch.Size([64, 800, 64])
torch.Size([64, 800, 64])
torch.Size([64, 800, 64])
torch.Size([64, 800, 64])
torch.Size([64, 800, 64])
torch.Size([64, 800, 64])
torch.Size([64, 800, 64])
torch.Size([64, 800, 64])
torch.Size([64, 800, 64])
torch.Size([64, 800, 64])
torch.Size([64, 800, 64])
torch.Size([64, 800, 64])
torch.Size([64, 800, 64])
torch.Size([64, 800, 64])
torch.Size([64, 800, 64])
torch.Size([64, 800, 64])
torch.Size([64, 800, 64])
torch.Size([64, 800, 64])
torch.Size([64, 800, 64])
torch.Size([64, 800, 64])
torch.Size([7, 800, 64])
torch.Size([64, 800, 64])
torch.Size([64, 800, 64])
torch.Size([64, 800, 64])
torch.Size([64, 800, 64])
torch.Size([64, 800, 64])
torch.Size([64, 800, 64])
torch.Size([64, 800, 64])
torch.Size([64, 800, 64])
torch.Size([64, 800, 64])
torch.Size([64, 800, 64])
torch.Size([64, 800, 64])
torch.Size([64, 800, 64])
torch.Size([64, 800, 64])
torch.Size([64, 800, 64])
torch.Size([64, 800, 64])
torch.Size([64, 800, 64])
torch.Size([64, 800, 64])
torch.Size([64, 800, 64])
torch.Size([64, 800, 64])
torch.Size([64, 800, 64])
torch.Size([64, 800, 64])
torch.Size([64, 800, 64])
torch.Size([64, 800, 64])
torch.Size([64, 800, 64])
torch.Size([64, 800, 64])
torch.Size([64, 800, 64])
torch.Size([64, 800, 64])
torch.Size([64, 800, 64])
torch.Size([64, 800, 64])
torch.Size([64, 800, 64])
torch.Size([64, 800, 64])
torch.Size([64, 800, 64])
torch.Size([64, 800, 64])
torch.Size([64, 800, 64])
torch.Size([64, 800, 64])
torch.Size([64, 800, 64])
torch.Size([64, 800, 64])
torch.Size([64, 800, 64])
torch.Size([64, 800, 64])
torch.Size([64, 800, 64])
torch.Size([64, 800, 64])
torch.Size([64, 800, 64])
torch.Size([64, 800, 64])
torch.Size([64, 800, 64])
torch.Size([64, 800, 64])
torch.Size([64, 800, 64])
torch.Size([8, 800, 64])
Epoch: 13, Steps: 62, | Train Loss: 1.04069
Validation results --- Loss: 1.09739, Accuracy: 0.53778, Precision: 0.54113, Recall: 0.53764, F1: 0.53909, AUROC: 0.78425, AUPRC: 0.59215
Test results --- Loss: 1.06358, Accuracy: 0.56199, Precision: 0.56508, Recall: 0.56186 F1: 0.56287, AUROC: 0.79669, AUPRC: 0.61437
EarlyStopping counter: 10 out of 10
Early stopping
>>>>>>>testing : eeg_basis_mixer_v2_nobasis_onlyT_Physionet_MI_seed_44_dm_192_dp_0.15_tl_5_bs_64_lr0.0003_aug_none_pl_32_cb32_kb16_tb20_pe192_ps8_ca0_cp1_run20260430_135249<<<<<<<<<<<<<<<<<<<<<<<<<<<<<<<<<
torch.Size([64, 800, 64])
torch.Size([64, 800, 64])
torch.Size([64, 800, 64])
torch.Size([64, 800, 64])
torch.Size([64, 800, 64])
torch.Size([64, 800, 64])
torch.Size([64, 800, 64])
torch.Size([64, 800, 64])
torch.Size([64, 800, 64])
torch.Size([64, 800, 64])
torch.Size([64, 800, 64])
torch.Size([64, 800, 64])
torch.Size([64, 800, 64])
torch.Size([64, 800, 64])
torch.Size([64, 800, 64])
torch.Size([64, 800, 64])
torch.Size([64, 800, 64])
torch.Size([64, 800, 64])
torch.Size([64, 800, 64])
torch.Size([64, 800, 64])
torch.Size([64, 800, 64])
torch.Size([64, 800, 64])
torch.Size([64, 800, 64])
torch.Size([64, 800, 64])
torch.Size([64, 800, 64])
torch.Size([64, 800, 64])
torch.Size([64, 800, 64])
torch.Size([64, 800, 64])
torch.Size([64, 800, 64])
torch.Size([64, 800, 64])
torch.Size([64, 800, 64])
torch.Size([64, 800, 64])
torch.Size([64, 800, 64])
torch.Size([64, 800, 64])
torch.Size([64, 800, 64])
torch.Size([64, 800, 64])
torch.Size([64, 800, 64])
torch.Size([64, 800, 64])
torch.Size([64, 800, 64])
torch.Size([64, 800, 64])
torch.Size([64, 800, 64])
torch.Size([64, 800, 64])
torch.Size([64, 800, 64])
torch.Size([64, 800, 64])
torch.Size([64, 800, 64])
torch.Size([64, 800, 64])
torch.Size([7, 800, 64])
torch.Size([64, 800, 64])
torch.Size([64, 800, 64])
torch.Size([64, 800, 64])
torch.Size([64, 800, 64])
torch.Size([64, 800, 64])
torch.Size([64, 800, 64])
torch.Size([64, 800, 64])
torch.Size([64, 800, 64])
torch.Size([64, 800, 64])
torch.Size([64, 800, 64])
torch.Size([64, 800, 64])
torch.Size([64, 800, 64])
torch.Size([64, 800, 64])
torch.Size([64, 800, 64])
torch.Size([64, 800, 64])
torch.Size([64, 800, 64])
torch.Size([64, 800, 64])
torch.Size([64, 800, 64])
torch.Size([64, 800, 64])
torch.Size([64, 800, 64])
torch.Size([64, 800, 64])
torch.Size([64, 800, 64])
torch.Size([64, 800, 64])
torch.Size([64, 800, 64])
torch.Size([64, 800, 64])
torch.Size([64, 800, 64])
torch.Size([64, 800, 64])
torch.Size([64, 800, 64])
torch.Size([64, 800, 64])
torch.Size([64, 800, 64])
torch.Size([64, 800, 64])
torch.Size([64, 800, 64])
torch.Size([64, 800, 64])
torch.Size([64, 800, 64])
torch.Size([64, 800, 64])
torch.Size([64, 800, 64])
torch.Size([64, 800, 64])
torch.Size([64, 800, 64])
torch.Size([64, 800, 64])
torch.Size([64, 800, 64])
torch.Size([64, 800, 64])
torch.Size([64, 800, 64])
torch.Size([64, 800, 64])
torch.Size([64, 800, 64])
torch.Size([64, 800, 64])
torch.Size([64, 800, 64])
torch.Size([8, 800, 64])
Validation results --- Loss: 1.09558, Accuracy: 0.55066, Precision: 0.56514, Recall: 0.55050, F1: 0.55395, AUROC: 0.78693, AUPRC: 0.59344
Test results --- Loss: 1.07610, Accuracy: 0.55759, Precision: 0.57129, Recall: 0.55738, F1: 0.55983, AUROC: 0.79312, AUPRC: 0.60882

Use GPU (single): visible=0 -> cuda:0
================================================================================
[Model] eeg_basis_mixer_v2_nobasis_onlyT
[Model Params] Total: 37,417 (0.037 M)
[Model Params] Trainable: 37,417 (0.037 M)
[Model Params] Non-trainable: 0 (0.000 M)
[Model Size] Parameters: 0.14 MB
[Model Size] Buffers: 0.00 MB
[Model Size] Total estimated: 0.14 MB
================================================================================
>>>>>>>start training : eeg_basis_mixer_v2_nobasis_onlyT_Physionet_MI_seed_45_dm_192_dp_0.15_tl_5_bs_64_lr0.0003_aug_none_pl_32_cb32_kb16_tb20_pe192_ps8_ca0_cp1_run20260430_135437>>>>>>>>>>>>>>>>>>>>>>>>>>
(3934, 800, 64)
(3934,)
(2951, 800, 64)
(2951,)
(2952, 800, 64)
(2952,)
torch.Size([64, 800, 64])
torch.Size([64, 800, 64])
torch.Size([64, 800, 64])
torch.Size([64, 800, 64])
torch.Size([64, 800, 64])
torch.Size([64, 800, 64])
torch.Size([64, 800, 64])
torch.Size([64, 800, 64])
torch.Size([64, 800, 64])
torch.Size([64, 800, 64])
torch.Size([64, 800, 64])
torch.Size([64, 800, 64])
torch.Size([64, 800, 64])
torch.Size([64, 800, 64])
torch.Size([64, 800, 64])
torch.Size([64, 800, 64])
torch.Size([64, 800, 64])
torch.Size([64, 800, 64])
torch.Size([64, 800, 64])
torch.Size([64, 800, 64])
torch.Size([64, 800, 64])
torch.Size([64, 800, 64])
torch.Size([64, 800, 64])
torch.Size([64, 800, 64])
torch.Size([64, 800, 64])
torch.Size([64, 800, 64])
torch.Size([64, 800, 64])
torch.Size([64, 800, 64])
torch.Size([64, 800, 64])
torch.Size([64, 800, 64])
torch.Size([64, 800, 64])
torch.Size([64, 800, 64])
torch.Size([64, 800, 64])
torch.Size([64, 800, 64])
torch.Size([64, 800, 64])
torch.Size([64, 800, 64])
torch.Size([64, 800, 64])
torch.Size([64, 800, 64])
torch.Size([64, 800, 64])
torch.Size([64, 800, 64])
torch.Size([64, 800, 64])
torch.Size([64, 800, 64])
torch.Size([64, 800, 64])
torch.Size([64, 800, 64])
torch.Size([64, 800, 64])
torch.Size([64, 800, 64])
torch.Size([64, 800, 64])
torch.Size([64, 800, 64])
torch.Size([64, 800, 64])
torch.Size([64, 800, 64])
torch.Size([64, 800, 64])
torch.Size([64, 800, 64])
torch.Size([64, 800, 64])
torch.Size([64, 800, 64])
torch.Size([64, 800, 64])
torch.Size([64, 800, 64])
torch.Size([64, 800, 64])
torch.Size([64, 800, 64])
torch.Size([64, 800, 64])
torch.Size([64, 800, 64])
torch.Size([64, 800, 64])
torch.Size([30, 800, 64])
Epoch: 1 cost time: 3.736419677734375
torch.Size([64, 800, 64])
torch.Size([64, 800, 64])
torch.Size([64, 800, 64])
torch.Size([64, 800, 64])
torch.Size([64, 800, 64])
torch.Size([64, 800, 64])
torch.Size([64, 800, 64])
torch.Size([64, 800, 64])
torch.Size([64, 800, 64])
torch.Size([64, 800, 64])
torch.Size([64, 800, 64])
torch.Size([64, 800, 64])
torch.Size([64, 800, 64])
torch.Size([64, 800, 64])
torch.Size([64, 800, 64])
torch.Size([64, 800, 64])
torch.Size([64, 800, 64])
torch.Size([64, 800, 64])
torch.Size([64, 800, 64])
torch.Size([64, 800, 64])
torch.Size([64, 800, 64])
torch.Size([64, 800, 64])
torch.Size([64, 800, 64])
torch.Size([64, 800, 64])
torch.Size([64, 800, 64])
torch.Size([64, 800, 64])
torch.Size([64, 800, 64])
torch.Size([64, 800, 64])
torch.Size([64, 800, 64])
torch.Size([64, 800, 64])
torch.Size([64, 800, 64])
torch.Size([64, 800, 64])
torch.Size([64, 800, 64])
torch.Size([64, 800, 64])
torch.Size([64, 800, 64])
torch.Size([64, 800, 64])
torch.Size([64, 800, 64])
torch.Size([64, 800, 64])
torch.Size([64, 800, 64])
torch.Size([64, 800, 64])
torch.Size([64, 800, 64])
torch.Size([64, 800, 64])
torch.Size([64, 800, 64])
torch.Size([64, 800, 64])
torch.Size([64, 800, 64])
torch.Size([64, 800, 64])
torch.Size([7, 800, 64])
torch.Size([64, 800, 64])
torch.Size([64, 800, 64])
torch.Size([64, 800, 64])
torch.Size([64, 800, 64])
torch.Size([64, 800, 64])
torch.Size([64, 800, 64])
torch.Size([64, 800, 64])
torch.Size([64, 800, 64])
torch.Size([64, 800, 64])
torch.Size([64, 800, 64])
torch.Size([64, 800, 64])
torch.Size([64, 800, 64])
torch.Size([64, 800, 64])
torch.Size([64, 800, 64])
torch.Size([64, 800, 64])
torch.Size([64, 800, 64])
torch.Size([64, 800, 64])
torch.Size([64, 800, 64])
torch.Size([64, 800, 64])
torch.Size([64, 800, 64])
torch.Size([64, 800, 64])
torch.Size([64, 800, 64])
torch.Size([64, 800, 64])
torch.Size([64, 800, 64])
torch.Size([64, 800, 64])
torch.Size([64, 800, 64])
torch.Size([64, 800, 64])
torch.Size([64, 800, 64])
torch.Size([64, 800, 64])
torch.Size([64, 800, 64])
torch.Size([64, 800, 64])
torch.Size([64, 800, 64])
torch.Size([64, 800, 64])
torch.Size([64, 800, 64])
torch.Size([64, 800, 64])
torch.Size([64, 800, 64])
torch.Size([64, 800, 64])
torch.Size([64, 800, 64])
torch.Size([64, 800, 64])
torch.Size([64, 800, 64])
torch.Size([64, 800, 64])
torch.Size([64, 800, 64])
torch.Size([64, 800, 64])
torch.Size([64, 800, 64])
torch.Size([64, 800, 64])
torch.Size([64, 800, 64])
torch.Size([8, 800, 64])
Epoch: 1, Steps: 62, | Train Loss: 1.38190
Validation results --- Loss: 1.32496, Accuracy: 0.37004, Precision: 0.48976, Recall: 0.36996, F1: 0.34192, AUROC: 0.64422, AUPRC: 0.38812
Test results --- Loss: 1.30986, Accuracy: 0.37703, Precision: 0.48388, Recall: 0.37670 F1: 0.34649, AUROC: 0.66498, AUPRC: 0.41097
Metric score decreased (inf --> -0.341923).  Saving model ...

Updating learning rate to 0.00029953760005996916
torch.Size([64, 800, 64])
torch.Size([64, 800, 64])
torch.Size([64, 800, 64])
torch.Size([64, 800, 64])
torch.Size([64, 800, 64])
torch.Size([64, 800, 64])
torch.Size([64, 800, 64])
torch.Size([64, 800, 64])
torch.Size([64, 800, 64])
torch.Size([64, 800, 64])
torch.Size([64, 800, 64])
torch.Size([64, 800, 64])
torch.Size([64, 800, 64])
torch.Size([64, 800, 64])
torch.Size([64, 800, 64])
torch.Size([64, 800, 64])
torch.Size([64, 800, 64])
torch.Size([64, 800, 64])
torch.Size([64, 800, 64])
torch.Size([64, 800, 64])
torch.Size([64, 800, 64])
torch.Size([64, 800, 64])
torch.Size([64, 800, 64])
torch.Size([64, 800, 64])
torch.Size([64, 800, 64])
torch.Size([64, 800, 64])
torch.Size([64, 800, 64])
torch.Size([64, 800, 64])
torch.Size([64, 800, 64])
torch.Size([64, 800, 64])
torch.Size([64, 800, 64])
torch.Size([64, 800, 64])
torch.Size([64, 800, 64])
torch.Size([64, 800, 64])
torch.Size([64, 800, 64])
torch.Size([64, 800, 64])
torch.Size([64, 800, 64])
torch.Size([64, 800, 64])
torch.Size([64, 800, 64])
torch.Size([64, 800, 64])
torch.Size([64, 800, 64])
torch.Size([64, 800, 64])
torch.Size([64, 800, 64])
torch.Size([64, 800, 64])
torch.Size([64, 800, 64])
torch.Size([64, 800, 64])
torch.Size([64, 800, 64])
torch.Size([64, 800, 64])
torch.Size([64, 800, 64])
torch.Size([64, 800, 64])
torch.Size([64, 800, 64])
torch.Size([64, 800, 64])
torch.Size([64, 800, 64])
torch.Size([64, 800, 64])
torch.Size([64, 800, 64])
torch.Size([64, 800, 64])
torch.Size([64, 800, 64])
torch.Size([64, 800, 64])
torch.Size([64, 800, 64])
torch.Size([64, 800, 64])
torch.Size([64, 800, 64])
torch.Size([30, 800, 64])
Epoch: 2 cost time: 3.742716073989868
torch.Size([64, 800, 64])
torch.Size([64, 800, 64])
torch.Size([64, 800, 64])
torch.Size([64, 800, 64])
torch.Size([64, 800, 64])
torch.Size([64, 800, 64])
torch.Size([64, 800, 64])
torch.Size([64, 800, 64])
torch.Size([64, 800, 64])
torch.Size([64, 800, 64])
torch.Size([64, 800, 64])
torch.Size([64, 800, 64])
torch.Size([64, 800, 64])
torch.Size([64, 800, 64])
torch.Size([64, 800, 64])
torch.Size([64, 800, 64])
torch.Size([64, 800, 64])
torch.Size([64, 800, 64])
torch.Size([64, 800, 64])
torch.Size([64, 800, 64])
torch.Size([64, 800, 64])
torch.Size([64, 800, 64])
torch.Size([64, 800, 64])
torch.Size([64, 800, 64])
torch.Size([64, 800, 64])
torch.Size([64, 800, 64])
torch.Size([64, 800, 64])
torch.Size([64, 800, 64])
torch.Size([64, 800, 64])
torch.Size([64, 800, 64])
torch.Size([64, 800, 64])
torch.Size([64, 800, 64])
torch.Size([64, 800, 64])
torch.Size([64, 800, 64])
torch.Size([64, 800, 64])
torch.Size([64, 800, 64])
torch.Size([64, 800, 64])
torch.Size([64, 800, 64])
torch.Size([64, 800, 64])
torch.Size([64, 800, 64])
torch.Size([64, 800, 64])
torch.Size([64, 800, 64])
torch.Size([64, 800, 64])
torch.Size([64, 800, 64])
torch.Size([64, 800, 64])
torch.Size([64, 800, 64])
torch.Size([7, 800, 64])
torch.Size([64, 800, 64])
torch.Size([64, 800, 64])
torch.Size([64, 800, 64])
torch.Size([64, 800, 64])
torch.Size([64, 800, 64])
torch.Size([64, 800, 64])
torch.Size([64, 800, 64])
torch.Size([64, 800, 64])
torch.Size([64, 800, 64])
torch.Size([64, 800, 64])
torch.Size([64, 800, 64])
torch.Size([64, 800, 64])
torch.Size([64, 800, 64])
torch.Size([64, 800, 64])
torch.Size([64, 800, 64])
torch.Size([64, 800, 64])
torch.Size([64, 800, 64])
torch.Size([64, 800, 64])
torch.Size([64, 800, 64])
torch.Size([64, 800, 64])
torch.Size([64, 800, 64])
torch.Size([64, 800, 64])
torch.Size([64, 800, 64])
torch.Size([64, 800, 64])
torch.Size([64, 800, 64])
torch.Size([64, 800, 64])
torch.Size([64, 800, 64])
torch.Size([64, 800, 64])
torch.Size([64, 800, 64])
torch.Size([64, 800, 64])
torch.Size([64, 800, 64])
torch.Size([64, 800, 64])
torch.Size([64, 800, 64])
torch.Size([64, 800, 64])
torch.Size([64, 800, 64])
torch.Size([64, 800, 64])
torch.Size([64, 800, 64])
torch.Size([64, 800, 64])
torch.Size([64, 800, 64])
torch.Size([64, 800, 64])
torch.Size([64, 800, 64])
torch.Size([64, 800, 64])
torch.Size([64, 800, 64])
torch.Size([64, 800, 64])
torch.Size([64, 800, 64])
torch.Size([64, 800, 64])
torch.Size([8, 800, 64])
Epoch: 2, Steps: 62, | Train Loss: 1.17658
Validation results --- Loss: 1.12654, Accuracy: 0.52796, Precision: 0.53561, Recall: 0.52795, F1: 0.52890, AUROC: 0.76709, AUPRC: 0.55992
Test results --- Loss: 1.07654, Accuracy: 0.54370, Precision: 0.55083, Recall: 0.54366 F1: 0.54300, AUROC: 0.78698, AUPRC: 0.59117
Metric score decreased (-0.341923 --> -0.528898).  Saving model ...

Updating learning rate to 0.00029815325108927063
torch.Size([64, 800, 64])
torch.Size([64, 800, 64])
torch.Size([64, 800, 64])
torch.Size([64, 800, 64])
torch.Size([64, 800, 64])
torch.Size([64, 800, 64])
torch.Size([64, 800, 64])
torch.Size([64, 800, 64])
torch.Size([64, 800, 64])
torch.Size([64, 800, 64])
torch.Size([64, 800, 64])
torch.Size([64, 800, 64])
torch.Size([64, 800, 64])
torch.Size([64, 800, 64])
torch.Size([64, 800, 64])
torch.Size([64, 800, 64])
torch.Size([64, 800, 64])
torch.Size([64, 800, 64])
torch.Size([64, 800, 64])
torch.Size([64, 800, 64])
torch.Size([64, 800, 64])
torch.Size([64, 800, 64])
torch.Size([64, 800, 64])
torch.Size([64, 800, 64])
torch.Size([64, 800, 64])
torch.Size([64, 800, 64])
torch.Size([64, 800, 64])
torch.Size([64, 800, 64])
torch.Size([64, 800, 64])
torch.Size([64, 800, 64])
torch.Size([64, 800, 64])
torch.Size([64, 800, 64])
torch.Size([64, 800, 64])
torch.Size([64, 800, 64])
torch.Size([64, 800, 64])
torch.Size([64, 800, 64])
torch.Size([64, 800, 64])
torch.Size([64, 800, 64])
torch.Size([64, 800, 64])
torch.Size([64, 800, 64])
torch.Size([64, 800, 64])
torch.Size([64, 800, 64])
torch.Size([64, 800, 64])
torch.Size([64, 800, 64])
torch.Size([64, 800, 64])
torch.Size([64, 800, 64])
torch.Size([64, 800, 64])
torch.Size([64, 800, 64])
torch.Size([64, 800, 64])
torch.Size([64, 800, 64])
torch.Size([64, 800, 64])
torch.Size([64, 800, 64])
torch.Size([64, 800, 64])
torch.Size([64, 800, 64])
torch.Size([64, 800, 64])
torch.Size([64, 800, 64])
torch.Size([64, 800, 64])
torch.Size([64, 800, 64])
torch.Size([64, 800, 64])
torch.Size([64, 800, 64])
torch.Size([64, 800, 64])
torch.Size([30, 800, 64])
Epoch: 3 cost time: 3.690462589263916
torch.Size([64, 800, 64])
torch.Size([64, 800, 64])
torch.Size([64, 800, 64])
torch.Size([64, 800, 64])
torch.Size([64, 800, 64])
torch.Size([64, 800, 64])
torch.Size([64, 800, 64])
torch.Size([64, 800, 64])
torch.Size([64, 800, 64])
torch.Size([64, 800, 64])
torch.Size([64, 800, 64])
torch.Size([64, 800, 64])
torch.Size([64, 800, 64])
torch.Size([64, 800, 64])
torch.Size([64, 800, 64])
torch.Size([64, 800, 64])
torch.Size([64, 800, 64])
torch.Size([64, 800, 64])
torch.Size([64, 800, 64])
torch.Size([64, 800, 64])
torch.Size([64, 800, 64])
torch.Size([64, 800, 64])
torch.Size([64, 800, 64])
torch.Size([64, 800, 64])
torch.Size([64, 800, 64])
torch.Size([64, 800, 64])
torch.Size([64, 800, 64])
torch.Size([64, 800, 64])
torch.Size([64, 800, 64])
torch.Size([64, 800, 64])
torch.Size([64, 800, 64])
torch.Size([64, 800, 64])
torch.Size([64, 800, 64])
torch.Size([64, 800, 64])
torch.Size([64, 800, 64])
torch.Size([64, 800, 64])
torch.Size([64, 800, 64])
torch.Size([64, 800, 64])
torch.Size([64, 800, 64])
torch.Size([64, 800, 64])
torch.Size([64, 800, 64])
torch.Size([64, 800, 64])
torch.Size([64, 800, 64])
torch.Size([64, 800, 64])
torch.Size([64, 800, 64])
torch.Size([64, 800, 64])
torch.Size([7, 800, 64])
torch.Size([64, 800, 64])
torch.Size([64, 800, 64])
torch.Size([64, 800, 64])
torch.Size([64, 800, 64])
torch.Size([64, 800, 64])
torch.Size([64, 800, 64])
torch.Size([64, 800, 64])
torch.Size([64, 800, 64])
torch.Size([64, 800, 64])
torch.Size([64, 800, 64])
torch.Size([64, 800, 64])
torch.Size([64, 800, 64])
torch.Size([64, 800, 64])
torch.Size([64, 800, 64])
torch.Size([64, 800, 64])
torch.Size([64, 800, 64])
torch.Size([64, 800, 64])
torch.Size([64, 800, 64])
torch.Size([64, 800, 64])
torch.Size([64, 800, 64])
torch.Size([64, 800, 64])
torch.Size([64, 800, 64])
torch.Size([64, 800, 64])
torch.Size([64, 800, 64])
torch.Size([64, 800, 64])
torch.Size([64, 800, 64])
torch.Size([64, 800, 64])
torch.Size([64, 800, 64])
torch.Size([64, 800, 64])
torch.Size([64, 800, 64])
torch.Size([64, 800, 64])
torch.Size([64, 800, 64])
torch.Size([64, 800, 64])
torch.Size([64, 800, 64])
torch.Size([64, 800, 64])
torch.Size([64, 800, 64])
torch.Size([64, 800, 64])
torch.Size([64, 800, 64])
torch.Size([64, 800, 64])
torch.Size([64, 800, 64])
torch.Size([64, 800, 64])
torch.Size([64, 800, 64])
torch.Size([64, 800, 64])
torch.Size([64, 800, 64])
torch.Size([64, 800, 64])
torch.Size([64, 800, 64])
torch.Size([8, 800, 64])
Epoch: 3, Steps: 62, | Train Loss: 1.09477
Validation results --- Loss: 1.10239, Accuracy: 0.53643, Precision: 0.53232, Recall: 0.53634, F1: 0.53189, AUROC: 0.78012, AUPRC: 0.58225
Test results --- Loss: 1.06224, Accuracy: 0.54370, Precision: 0.53852, Recall: 0.54360 F1: 0.53650, AUROC: 0.79540, AUPRC: 0.60383
Metric score decreased (-0.528898 --> -0.531893).  Saving model ...

Updating learning rate to 0.0002958554880596515
torch.Size([64, 800, 64])
torch.Size([64, 800, 64])
torch.Size([64, 800, 64])
torch.Size([64, 800, 64])
torch.Size([64, 800, 64])
torch.Size([64, 800, 64])
torch.Size([64, 800, 64])
torch.Size([64, 800, 64])
torch.Size([64, 800, 64])
torch.Size([64, 800, 64])
torch.Size([64, 800, 64])
torch.Size([64, 800, 64])
torch.Size([64, 800, 64])
torch.Size([64, 800, 64])
torch.Size([64, 800, 64])
torch.Size([64, 800, 64])
torch.Size([64, 800, 64])
torch.Size([64, 800, 64])
torch.Size([64, 800, 64])
torch.Size([64, 800, 64])
torch.Size([64, 800, 64])
torch.Size([64, 800, 64])
torch.Size([64, 800, 64])
torch.Size([64, 800, 64])
torch.Size([64, 800, 64])
torch.Size([64, 800, 64])
torch.Size([64, 800, 64])
torch.Size([64, 800, 64])
torch.Size([64, 800, 64])
torch.Size([64, 800, 64])
torch.Size([64, 800, 64])
torch.Size([64, 800, 64])
torch.Size([64, 800, 64])
torch.Size([64, 800, 64])
torch.Size([64, 800, 64])
torch.Size([64, 800, 64])
torch.Size([64, 800, 64])
torch.Size([64, 800, 64])
torch.Size([64, 800, 64])
torch.Size([64, 800, 64])
torch.Size([64, 800, 64])
torch.Size([64, 800, 64])
torch.Size([64, 800, 64])
torch.Size([64, 800, 64])
torch.Size([64, 800, 64])
torch.Size([64, 800, 64])
torch.Size([64, 800, 64])
torch.Size([64, 800, 64])
torch.Size([64, 800, 64])
torch.Size([64, 800, 64])
torch.Size([64, 800, 64])
torch.Size([64, 800, 64])
torch.Size([64, 800, 64])
torch.Size([64, 800, 64])
torch.Size([64, 800, 64])
torch.Size([64, 800, 64])
torch.Size([64, 800, 64])
torch.Size([64, 800, 64])
torch.Size([64, 800, 64])
torch.Size([64, 800, 64])
torch.Size([64, 800, 64])
torch.Size([30, 800, 64])
Epoch: 4 cost time: 3.7443792819976807
torch.Size([64, 800, 64])
torch.Size([64, 800, 64])
torch.Size([64, 800, 64])
torch.Size([64, 800, 64])
torch.Size([64, 800, 64])
torch.Size([64, 800, 64])
torch.Size([64, 800, 64])
torch.Size([64, 800, 64])
torch.Size([64, 800, 64])
torch.Size([64, 800, 64])
torch.Size([64, 800, 64])
torch.Size([64, 800, 64])
torch.Size([64, 800, 64])
torch.Size([64, 800, 64])
torch.Size([64, 800, 64])
torch.Size([64, 800, 64])
torch.Size([64, 800, 64])
torch.Size([64, 800, 64])
torch.Size([64, 800, 64])
torch.Size([64, 800, 64])
torch.Size([64, 800, 64])
torch.Size([64, 800, 64])
torch.Size([64, 800, 64])
torch.Size([64, 800, 64])
torch.Size([64, 800, 64])
torch.Size([64, 800, 64])
torch.Size([64, 800, 64])
torch.Size([64, 800, 64])
torch.Size([64, 800, 64])
torch.Size([64, 800, 64])
torch.Size([64, 800, 64])
torch.Size([64, 800, 64])
torch.Size([64, 800, 64])
torch.Size([64, 800, 64])
torch.Size([64, 800, 64])
torch.Size([64, 800, 64])
torch.Size([64, 800, 64])
torch.Size([64, 800, 64])
torch.Size([64, 800, 64])
torch.Size([64, 800, 64])
torch.Size([64, 800, 64])
torch.Size([64, 800, 64])
torch.Size([64, 800, 64])
torch.Size([64, 800, 64])
torch.Size([64, 800, 64])
torch.Size([64, 800, 64])
torch.Size([7, 800, 64])
torch.Size([64, 800, 64])
torch.Size([64, 800, 64])
torch.Size([64, 800, 64])
torch.Size([64, 800, 64])
torch.Size([64, 800, 64])
torch.Size([64, 800, 64])
torch.Size([64, 800, 64])
torch.Size([64, 800, 64])
torch.Size([64, 800, 64])
torch.Size([64, 800, 64])
torch.Size([64, 800, 64])
torch.Size([64, 800, 64])
torch.Size([64, 800, 64])
torch.Size([64, 800, 64])
torch.Size([64, 800, 64])
torch.Size([64, 800, 64])
torch.Size([64, 800, 64])
torch.Size([64, 800, 64])
torch.Size([64, 800, 64])
torch.Size([64, 800, 64])
torch.Size([64, 800, 64])
torch.Size([64, 800, 64])
torch.Size([64, 800, 64])
torch.Size([64, 800, 64])
torch.Size([64, 800, 64])
torch.Size([64, 800, 64])
torch.Size([64, 800, 64])
torch.Size([64, 800, 64])
torch.Size([64, 800, 64])
torch.Size([64, 800, 64])
torch.Size([64, 800, 64])
torch.Size([64, 800, 64])
torch.Size([64, 800, 64])
torch.Size([64, 800, 64])
torch.Size([64, 800, 64])
torch.Size([64, 800, 64])
torch.Size([64, 800, 64])
torch.Size([64, 800, 64])
torch.Size([64, 800, 64])
torch.Size([64, 800, 64])
torch.Size([64, 800, 64])
torch.Size([64, 800, 64])
torch.Size([64, 800, 64])
torch.Size([64, 800, 64])
torch.Size([64, 800, 64])
torch.Size([64, 800, 64])
torch.Size([8, 800, 64])
Epoch: 4, Steps: 62, | Train Loss: 1.08143
Validation results --- Loss: 1.09604, Accuracy: 0.54321, Precision: 0.54132, Recall: 0.54310, F1: 0.54172, AUROC: 0.78326, AUPRC: 0.58718
Test results --- Loss: 1.05087, Accuracy: 0.55420, Precision: 0.54941, Recall: 0.55413 F1: 0.55081, AUROC: 0.79816, AUPRC: 0.60897
Metric score decreased (-0.531893 --> -0.541723).  Saving model ...

Updating learning rate to 0.00029265847744427303
torch.Size([64, 800, 64])
torch.Size([64, 800, 64])
torch.Size([64, 800, 64])
torch.Size([64, 800, 64])
torch.Size([64, 800, 64])
torch.Size([64, 800, 64])
torch.Size([64, 800, 64])
torch.Size([64, 800, 64])
torch.Size([64, 800, 64])
torch.Size([64, 800, 64])
torch.Size([64, 800, 64])
torch.Size([64, 800, 64])
torch.Size([64, 800, 64])
torch.Size([64, 800, 64])
torch.Size([64, 800, 64])
torch.Size([64, 800, 64])
torch.Size([64, 800, 64])
torch.Size([64, 800, 64])
torch.Size([64, 800, 64])
torch.Size([64, 800, 64])
torch.Size([64, 800, 64])
torch.Size([64, 800, 64])
torch.Size([64, 800, 64])
torch.Size([64, 800, 64])
torch.Size([64, 800, 64])
torch.Size([64, 800, 64])
torch.Size([64, 800, 64])
torch.Size([64, 800, 64])
torch.Size([64, 800, 64])
torch.Size([64, 800, 64])
torch.Size([64, 800, 64])
torch.Size([64, 800, 64])
torch.Size([64, 800, 64])
torch.Size([64, 800, 64])
torch.Size([64, 800, 64])
torch.Size([64, 800, 64])
torch.Size([64, 800, 64])
torch.Size([64, 800, 64])
torch.Size([64, 800, 64])
torch.Size([64, 800, 64])
torch.Size([64, 800, 64])
torch.Size([64, 800, 64])
torch.Size([64, 800, 64])
torch.Size([64, 800, 64])
torch.Size([64, 800, 64])
torch.Size([64, 800, 64])
torch.Size([64, 800, 64])
torch.Size([64, 800, 64])
torch.Size([64, 800, 64])
torch.Size([64, 800, 64])
torch.Size([64, 800, 64])
torch.Size([64, 800, 64])
torch.Size([64, 800, 64])
torch.Size([64, 800, 64])
torch.Size([64, 800, 64])
torch.Size([64, 800, 64])
torch.Size([64, 800, 64])
torch.Size([64, 800, 64])
torch.Size([64, 800, 64])
torch.Size([64, 800, 64])
torch.Size([64, 800, 64])
torch.Size([30, 800, 64])
Epoch: 5 cost time: 3.737065315246582
torch.Size([64, 800, 64])
torch.Size([64, 800, 64])
torch.Size([64, 800, 64])
torch.Size([64, 800, 64])
torch.Size([64, 800, 64])
torch.Size([64, 800, 64])
torch.Size([64, 800, 64])
torch.Size([64, 800, 64])
torch.Size([64, 800, 64])
torch.Size([64, 800, 64])
torch.Size([64, 800, 64])
torch.Size([64, 800, 64])
torch.Size([64, 800, 64])
torch.Size([64, 800, 64])
torch.Size([64, 800, 64])
torch.Size([64, 800, 64])
torch.Size([64, 800, 64])
torch.Size([64, 800, 64])
torch.Size([64, 800, 64])
torch.Size([64, 800, 64])
torch.Size([64, 800, 64])
torch.Size([64, 800, 64])
torch.Size([64, 800, 64])
torch.Size([64, 800, 64])
torch.Size([64, 800, 64])
torch.Size([64, 800, 64])
torch.Size([64, 800, 64])
torch.Size([64, 800, 64])
torch.Size([64, 800, 64])
torch.Size([64, 800, 64])
torch.Size([64, 800, 64])
torch.Size([64, 800, 64])
torch.Size([64, 800, 64])
torch.Size([64, 800, 64])
torch.Size([64, 800, 64])
torch.Size([64, 800, 64])
torch.Size([64, 800, 64])
torch.Size([64, 800, 64])
torch.Size([64, 800, 64])
torch.Size([64, 800, 64])
torch.Size([64, 800, 64])
torch.Size([64, 800, 64])
torch.Size([64, 800, 64])
torch.Size([64, 800, 64])
torch.Size([64, 800, 64])
torch.Size([64, 800, 64])
torch.Size([7, 800, 64])
torch.Size([64, 800, 64])
torch.Size([64, 800, 64])
torch.Size([64, 800, 64])
torch.Size([64, 800, 64])
torch.Size([64, 800, 64])
torch.Size([64, 800, 64])
torch.Size([64, 800, 64])
torch.Size([64, 800, 64])
torch.Size([64, 800, 64])
torch.Size([64, 800, 64])
torch.Size([64, 800, 64])
torch.Size([64, 800, 64])
torch.Size([64, 800, 64])
torch.Size([64, 800, 64])
torch.Size([64, 800, 64])
torch.Size([64, 800, 64])
torch.Size([64, 800, 64])
torch.Size([64, 800, 64])
torch.Size([64, 800, 64])
torch.Size([64, 800, 64])
torch.Size([64, 800, 64])
torch.Size([64, 800, 64])
torch.Size([64, 800, 64])
torch.Size([64, 800, 64])
torch.Size([64, 800, 64])
torch.Size([64, 800, 64])
torch.Size([64, 800, 64])
torch.Size([64, 800, 64])
torch.Size([64, 800, 64])
torch.Size([64, 800, 64])
torch.Size([64, 800, 64])
torch.Size([64, 800, 64])
torch.Size([64, 800, 64])
torch.Size([64, 800, 64])
torch.Size([64, 800, 64])
torch.Size([64, 800, 64])
torch.Size([64, 800, 64])
torch.Size([64, 800, 64])
torch.Size([64, 800, 64])
torch.Size([64, 800, 64])
torch.Size([64, 800, 64])
torch.Size([64, 800, 64])
torch.Size([64, 800, 64])
torch.Size([64, 800, 64])
torch.Size([64, 800, 64])
torch.Size([64, 800, 64])
torch.Size([8, 800, 64])
Epoch: 5, Steps: 62, | Train Loss: 1.07095
Validation results --- Loss: 1.08732, Accuracy: 0.54727, Precision: 0.55109, Recall: 0.54720, F1: 0.54867, AUROC: 0.78473, AUPRC: 0.59028
Test results --- Loss: 1.04175, Accuracy: 0.56267, Precision: 0.56631, Recall: 0.56258 F1: 0.56413, AUROC: 0.79941, AUPRC: 0.61294
Metric score decreased (-0.541723 --> -0.548673).  Saving model ...

Updating learning rate to 0.000288581929876693
torch.Size([64, 800, 64])
torch.Size([64, 800, 64])
torch.Size([64, 800, 64])
torch.Size([64, 800, 64])
torch.Size([64, 800, 64])
torch.Size([64, 800, 64])
torch.Size([64, 800, 64])
torch.Size([64, 800, 64])
torch.Size([64, 800, 64])
torch.Size([64, 800, 64])
torch.Size([64, 800, 64])
torch.Size([64, 800, 64])
torch.Size([64, 800, 64])
torch.Size([64, 800, 64])
torch.Size([64, 800, 64])
torch.Size([64, 800, 64])
torch.Size([64, 800, 64])
torch.Size([64, 800, 64])
torch.Size([64, 800, 64])
torch.Size([64, 800, 64])
torch.Size([64, 800, 64])
torch.Size([64, 800, 64])
torch.Size([64, 800, 64])
torch.Size([64, 800, 64])
torch.Size([64, 800, 64])
torch.Size([64, 800, 64])
torch.Size([64, 800, 64])
torch.Size([64, 800, 64])
torch.Size([64, 800, 64])
torch.Size([64, 800, 64])
torch.Size([64, 800, 64])
torch.Size([64, 800, 64])
torch.Size([64, 800, 64])
torch.Size([64, 800, 64])
torch.Size([64, 800, 64])
torch.Size([64, 800, 64])
torch.Size([64, 800, 64])
torch.Size([64, 800, 64])
torch.Size([64, 800, 64])
torch.Size([64, 800, 64])
torch.Size([64, 800, 64])
torch.Size([64, 800, 64])
torch.Size([64, 800, 64])
torch.Size([64, 800, 64])
torch.Size([64, 800, 64])
torch.Size([64, 800, 64])
torch.Size([64, 800, 64])
torch.Size([64, 800, 64])
torch.Size([64, 800, 64])
torch.Size([64, 800, 64])
torch.Size([64, 800, 64])
torch.Size([64, 800, 64])
torch.Size([64, 800, 64])
torch.Size([64, 800, 64])
torch.Size([64, 800, 64])
torch.Size([64, 800, 64])
torch.Size([64, 800, 64])
torch.Size([64, 800, 64])
torch.Size([64, 800, 64])
torch.Size([64, 800, 64])
torch.Size([64, 800, 64])
torch.Size([30, 800, 64])
Epoch: 6 cost time: 3.7215802669525146
torch.Size([64, 800, 64])
torch.Size([64, 800, 64])
torch.Size([64, 800, 64])
torch.Size([64, 800, 64])
torch.Size([64, 800, 64])
torch.Size([64, 800, 64])
torch.Size([64, 800, 64])
torch.Size([64, 800, 64])
torch.Size([64, 800, 64])
torch.Size([64, 800, 64])
torch.Size([64, 800, 64])
torch.Size([64, 800, 64])
torch.Size([64, 800, 64])
torch.Size([64, 800, 64])
torch.Size([64, 800, 64])
torch.Size([64, 800, 64])
torch.Size([64, 800, 64])
torch.Size([64, 800, 64])
torch.Size([64, 800, 64])
torch.Size([64, 800, 64])
torch.Size([64, 800, 64])
torch.Size([64, 800, 64])
torch.Size([64, 800, 64])
torch.Size([64, 800, 64])
torch.Size([64, 800, 64])
torch.Size([64, 800, 64])
torch.Size([64, 800, 64])
torch.Size([64, 800, 64])
torch.Size([64, 800, 64])
torch.Size([64, 800, 64])
torch.Size([64, 800, 64])
torch.Size([64, 800, 64])
torch.Size([64, 800, 64])
torch.Size([64, 800, 64])
torch.Size([64, 800, 64])
torch.Size([64, 800, 64])
torch.Size([64, 800, 64])
torch.Size([64, 800, 64])
torch.Size([64, 800, 64])
torch.Size([64, 800, 64])
torch.Size([64, 800, 64])
torch.Size([64, 800, 64])
torch.Size([64, 800, 64])
torch.Size([64, 800, 64])
torch.Size([64, 800, 64])
torch.Size([64, 800, 64])
torch.Size([7, 800, 64])
torch.Size([64, 800, 64])
torch.Size([64, 800, 64])
torch.Size([64, 800, 64])
torch.Size([64, 800, 64])
torch.Size([64, 800, 64])
torch.Size([64, 800, 64])
torch.Size([64, 800, 64])
torch.Size([64, 800, 64])
torch.Size([64, 800, 64])
torch.Size([64, 800, 64])
torch.Size([64, 800, 64])
torch.Size([64, 800, 64])
torch.Size([64, 800, 64])
torch.Size([64, 800, 64])
torch.Size([64, 800, 64])
torch.Size([64, 800, 64])
torch.Size([64, 800, 64])
torch.Size([64, 800, 64])
torch.Size([64, 800, 64])
torch.Size([64, 800, 64])
torch.Size([64, 800, 64])
torch.Size([64, 800, 64])
torch.Size([64, 800, 64])
torch.Size([64, 800, 64])
torch.Size([64, 800, 64])
torch.Size([64, 800, 64])
torch.Size([64, 800, 64])
torch.Size([64, 800, 64])
torch.Size([64, 800, 64])
torch.Size([64, 800, 64])
torch.Size([64, 800, 64])
torch.Size([64, 800, 64])
torch.Size([64, 800, 64])
torch.Size([64, 800, 64])
torch.Size([64, 800, 64])
torch.Size([64, 800, 64])
torch.Size([64, 800, 64])
torch.Size([64, 800, 64])
torch.Size([64, 800, 64])
torch.Size([64, 800, 64])
torch.Size([64, 800, 64])
torch.Size([64, 800, 64])
torch.Size([64, 800, 64])
torch.Size([64, 800, 64])
torch.Size([64, 800, 64])
torch.Size([64, 800, 64])
torch.Size([8, 800, 64])
Epoch: 6, Steps: 62, | Train Loss: 1.06848
Validation results --- Loss: 1.10364, Accuracy: 0.53168, Precision: 0.54024, Recall: 0.53153, F1: 0.53205, AUROC: 0.78049, AUPRC: 0.58412
Test results --- Loss: 1.05448, Accuracy: 0.55386, Precision: 0.56294, Recall: 0.55366 F1: 0.55233, AUROC: 0.79673, AUPRC: 0.60808
EarlyStopping counter: 1 out of 10
Updating learning rate to 0.00028365097862825513
torch.Size([64, 800, 64])
torch.Size([64, 800, 64])
torch.Size([64, 800, 64])
torch.Size([64, 800, 64])
torch.Size([64, 800, 64])
torch.Size([64, 800, 64])
torch.Size([64, 800, 64])
torch.Size([64, 800, 64])
torch.Size([64, 800, 64])
torch.Size([64, 800, 64])
torch.Size([64, 800, 64])
torch.Size([64, 800, 64])
torch.Size([64, 800, 64])
torch.Size([64, 800, 64])
torch.Size([64, 800, 64])
torch.Size([64, 800, 64])
torch.Size([64, 800, 64])
torch.Size([64, 800, 64])
torch.Size([64, 800, 64])
torch.Size([64, 800, 64])
torch.Size([64, 800, 64])
torch.Size([64, 800, 64])
torch.Size([64, 800, 64])
torch.Size([64, 800, 64])
torch.Size([64, 800, 64])
torch.Size([64, 800, 64])
torch.Size([64, 800, 64])
torch.Size([64, 800, 64])
torch.Size([64, 800, 64])
torch.Size([64, 800, 64])
torch.Size([64, 800, 64])
torch.Size([64, 800, 64])
torch.Size([64, 800, 64])
torch.Size([64, 800, 64])
torch.Size([64, 800, 64])
torch.Size([64, 800, 64])
torch.Size([64, 800, 64])
torch.Size([64, 800, 64])
torch.Size([64, 800, 64])
torch.Size([64, 800, 64])
torch.Size([64, 800, 64])
torch.Size([64, 800, 64])
torch.Size([64, 800, 64])
torch.Size([64, 800, 64])
torch.Size([64, 800, 64])
torch.Size([64, 800, 64])
torch.Size([64, 800, 64])
torch.Size([64, 800, 64])
torch.Size([64, 800, 64])
torch.Size([64, 800, 64])
torch.Size([64, 800, 64])
torch.Size([64, 800, 64])
torch.Size([64, 800, 64])
torch.Size([64, 800, 64])
torch.Size([64, 800, 64])
torch.Size([64, 800, 64])
torch.Size([64, 800, 64])
torch.Size([64, 800, 64])
torch.Size([64, 800, 64])
torch.Size([64, 800, 64])
torch.Size([64, 800, 64])
torch.Size([30, 800, 64])
Epoch: 7 cost time: 3.7535481452941895
torch.Size([64, 800, 64])
torch.Size([64, 800, 64])
torch.Size([64, 800, 64])
torch.Size([64, 800, 64])
torch.Size([64, 800, 64])
torch.Size([64, 800, 64])
torch.Size([64, 800, 64])
torch.Size([64, 800, 64])
torch.Size([64, 800, 64])
torch.Size([64, 800, 64])
torch.Size([64, 800, 64])
torch.Size([64, 800, 64])
torch.Size([64, 800, 64])
torch.Size([64, 800, 64])
torch.Size([64, 800, 64])
torch.Size([64, 800, 64])
torch.Size([64, 800, 64])
torch.Size([64, 800, 64])
torch.Size([64, 800, 64])
torch.Size([64, 800, 64])
torch.Size([64, 800, 64])
torch.Size([64, 800, 64])
torch.Size([64, 800, 64])
torch.Size([64, 800, 64])
torch.Size([64, 800, 64])
torch.Size([64, 800, 64])
torch.Size([64, 800, 64])
torch.Size([64, 800, 64])
torch.Size([64, 800, 64])
torch.Size([64, 800, 64])
torch.Size([64, 800, 64])
torch.Size([64, 800, 64])
torch.Size([64, 800, 64])
torch.Size([64, 800, 64])
torch.Size([64, 800, 64])
torch.Size([64, 800, 64])
torch.Size([64, 800, 64])
torch.Size([64, 800, 64])
torch.Size([64, 800, 64])
torch.Size([64, 800, 64])
torch.Size([64, 800, 64])
torch.Size([64, 800, 64])
torch.Size([64, 800, 64])
torch.Size([64, 800, 64])
torch.Size([64, 800, 64])
torch.Size([64, 800, 64])
torch.Size([7, 800, 64])
torch.Size([64, 800, 64])
torch.Size([64, 800, 64])
torch.Size([64, 800, 64])
torch.Size([64, 800, 64])
torch.Size([64, 800, 64])
torch.Size([64, 800, 64])
torch.Size([64, 800, 64])
torch.Size([64, 800, 64])
torch.Size([64, 800, 64])
torch.Size([64, 800, 64])
torch.Size([64, 800, 64])
torch.Size([64, 800, 64])
torch.Size([64, 800, 64])
torch.Size([64, 800, 64])
torch.Size([64, 800, 64])
torch.Size([64, 800, 64])
torch.Size([64, 800, 64])
torch.Size([64, 800, 64])
torch.Size([64, 800, 64])
torch.Size([64, 800, 64])
torch.Size([64, 800, 64])
torch.Size([64, 800, 64])
torch.Size([64, 800, 64])
torch.Size([64, 800, 64])
torch.Size([64, 800, 64])
torch.Size([64, 800, 64])
torch.Size([64, 800, 64])
torch.Size([64, 800, 64])
torch.Size([64, 800, 64])
torch.Size([64, 800, 64])
torch.Size([64, 800, 64])
torch.Size([64, 800, 64])
torch.Size([64, 800, 64])
torch.Size([64, 800, 64])
torch.Size([64, 800, 64])
torch.Size([64, 800, 64])
torch.Size([64, 800, 64])
torch.Size([64, 800, 64])
torch.Size([64, 800, 64])
torch.Size([64, 800, 64])
torch.Size([64, 800, 64])
torch.Size([64, 800, 64])
torch.Size([64, 800, 64])
torch.Size([64, 800, 64])
torch.Size([64, 800, 64])
torch.Size([64, 800, 64])
torch.Size([8, 800, 64])
Epoch: 7, Steps: 62, | Train Loss: 1.06165
Validation results --- Loss: 1.08435, Accuracy: 0.54558, Precision: 0.55221, Recall: 0.54542, F1: 0.54629, AUROC: 0.78733, AUPRC: 0.59459
Test results --- Loss: 1.04200, Accuracy: 0.56369, Precision: 0.56923, Recall: 0.56350 F1: 0.56467, AUROC: 0.80056, AUPRC: 0.61447
EarlyStopping counter: 2 out of 10
Updating learning rate to 0.0002778960246531138
torch.Size([64, 800, 64])
torch.Size([64, 800, 64])
torch.Size([64, 800, 64])
torch.Size([64, 800, 64])
torch.Size([64, 800, 64])
torch.Size([64, 800, 64])
torch.Size([64, 800, 64])
torch.Size([64, 800, 64])
torch.Size([64, 800, 64])
torch.Size([64, 800, 64])
torch.Size([64, 800, 64])
torch.Size([64, 800, 64])
torch.Size([64, 800, 64])
torch.Size([64, 800, 64])
torch.Size([64, 800, 64])
torch.Size([64, 800, 64])
torch.Size([64, 800, 64])
torch.Size([64, 800, 64])
torch.Size([64, 800, 64])
torch.Size([64, 800, 64])
torch.Size([64, 800, 64])
torch.Size([64, 800, 64])
torch.Size([64, 800, 64])
torch.Size([64, 800, 64])
torch.Size([64, 800, 64])
torch.Size([64, 800, 64])
torch.Size([64, 800, 64])
torch.Size([64, 800, 64])
torch.Size([64, 800, 64])
torch.Size([64, 800, 64])
torch.Size([64, 800, 64])
torch.Size([64, 800, 64])
torch.Size([64, 800, 64])
torch.Size([64, 800, 64])
torch.Size([64, 800, 64])
torch.Size([64, 800, 64])
torch.Size([64, 800, 64])
torch.Size([64, 800, 64])
torch.Size([64, 800, 64])
torch.Size([64, 800, 64])
torch.Size([64, 800, 64])
torch.Size([64, 800, 64])
torch.Size([64, 800, 64])
torch.Size([64, 800, 64])
torch.Size([64, 800, 64])
torch.Size([64, 800, 64])
torch.Size([64, 800, 64])
torch.Size([64, 800, 64])
torch.Size([64, 800, 64])
torch.Size([64, 800, 64])
torch.Size([64, 800, 64])
torch.Size([64, 800, 64])
torch.Size([64, 800, 64])
torch.Size([64, 800, 64])
torch.Size([64, 800, 64])
torch.Size([64, 800, 64])
torch.Size([64, 800, 64])
torch.Size([64, 800, 64])
torch.Size([64, 800, 64])
torch.Size([64, 800, 64])
torch.Size([64, 800, 64])
torch.Size([30, 800, 64])
Epoch: 8 cost time: 3.7515573501586914
torch.Size([64, 800, 64])
torch.Size([64, 800, 64])
torch.Size([64, 800, 64])
torch.Size([64, 800, 64])
torch.Size([64, 800, 64])
torch.Size([64, 800, 64])
torch.Size([64, 800, 64])
torch.Size([64, 800, 64])
torch.Size([64, 800, 64])
torch.Size([64, 800, 64])
torch.Size([64, 800, 64])
torch.Size([64, 800, 64])
torch.Size([64, 800, 64])
torch.Size([64, 800, 64])
torch.Size([64, 800, 64])
torch.Size([64, 800, 64])
torch.Size([64, 800, 64])
torch.Size([64, 800, 64])
torch.Size([64, 800, 64])
torch.Size([64, 800, 64])
torch.Size([64, 800, 64])
torch.Size([64, 800, 64])
torch.Size([64, 800, 64])
torch.Size([64, 800, 64])
torch.Size([64, 800, 64])
torch.Size([64, 800, 64])
torch.Size([64, 800, 64])
torch.Size([64, 800, 64])
torch.Size([64, 800, 64])
torch.Size([64, 800, 64])
torch.Size([64, 800, 64])
torch.Size([64, 800, 64])
torch.Size([64, 800, 64])
torch.Size([64, 800, 64])
torch.Size([64, 800, 64])
torch.Size([64, 800, 64])
torch.Size([64, 800, 64])
torch.Size([64, 800, 64])
torch.Size([64, 800, 64])
torch.Size([64, 800, 64])
torch.Size([64, 800, 64])
torch.Size([64, 800, 64])
torch.Size([64, 800, 64])
torch.Size([64, 800, 64])
torch.Size([64, 800, 64])
torch.Size([64, 800, 64])
torch.Size([7, 800, 64])
torch.Size([64, 800, 64])
torch.Size([64, 800, 64])
torch.Size([64, 800, 64])
torch.Size([64, 800, 64])
torch.Size([64, 800, 64])
torch.Size([64, 800, 64])
torch.Size([64, 800, 64])
torch.Size([64, 800, 64])
torch.Size([64, 800, 64])
torch.Size([64, 800, 64])
torch.Size([64, 800, 64])
torch.Size([64, 800, 64])
torch.Size([64, 800, 64])
torch.Size([64, 800, 64])
torch.Size([64, 800, 64])
torch.Size([64, 800, 64])
torch.Size([64, 800, 64])
torch.Size([64, 800, 64])
torch.Size([64, 800, 64])
torch.Size([64, 800, 64])
torch.Size([64, 800, 64])
torch.Size([64, 800, 64])
torch.Size([64, 800, 64])
torch.Size([64, 800, 64])
torch.Size([64, 800, 64])
torch.Size([64, 800, 64])
torch.Size([64, 800, 64])
torch.Size([64, 800, 64])
torch.Size([64, 800, 64])
torch.Size([64, 800, 64])
torch.Size([64, 800, 64])
torch.Size([64, 800, 64])
torch.Size([64, 800, 64])
torch.Size([64, 800, 64])
torch.Size([64, 800, 64])
torch.Size([64, 800, 64])
torch.Size([64, 800, 64])
torch.Size([64, 800, 64])
torch.Size([64, 800, 64])
torch.Size([64, 800, 64])
torch.Size([64, 800, 64])
torch.Size([64, 800, 64])
torch.Size([64, 800, 64])
torch.Size([64, 800, 64])
torch.Size([64, 800, 64])
torch.Size([64, 800, 64])
torch.Size([8, 800, 64])
Epoch: 8, Steps: 62, | Train Loss: 1.05637
Validation results --- Loss: 1.08132, Accuracy: 0.55236, Precision: 0.55553, Recall: 0.55230, F1: 0.55333, AUROC: 0.78809, AUPRC: 0.59411
Test results --- Loss: 1.03884, Accuracy: 0.56775, Precision: 0.56997, Recall: 0.56770 F1: 0.56868, AUROC: 0.80068, AUPRC: 0.61219
Metric score decreased (-0.548673 --> -0.553329).  Saving model ...

Updating learning rate to 0.0002713525491562421
torch.Size([64, 800, 64])
torch.Size([64, 800, 64])
torch.Size([64, 800, 64])
torch.Size([64, 800, 64])
torch.Size([64, 800, 64])
torch.Size([64, 800, 64])
torch.Size([64, 800, 64])
torch.Size([64, 800, 64])
torch.Size([64, 800, 64])
torch.Size([64, 800, 64])
torch.Size([64, 800, 64])
torch.Size([64, 800, 64])
torch.Size([64, 800, 64])
torch.Size([64, 800, 64])
torch.Size([64, 800, 64])
torch.Size([64, 800, 64])
torch.Size([64, 800, 64])
torch.Size([64, 800, 64])
torch.Size([64, 800, 64])
torch.Size([64, 800, 64])
torch.Size([64, 800, 64])
torch.Size([64, 800, 64])
torch.Size([64, 800, 64])
torch.Size([64, 800, 64])
torch.Size([64, 800, 64])
torch.Size([64, 800, 64])
torch.Size([64, 800, 64])
torch.Size([64, 800, 64])
torch.Size([64, 800, 64])
torch.Size([64, 800, 64])
torch.Size([64, 800, 64])
torch.Size([64, 800, 64])
torch.Size([64, 800, 64])
torch.Size([64, 800, 64])
torch.Size([64, 800, 64])
torch.Size([64, 800, 64])
torch.Size([64, 800, 64])
torch.Size([64, 800, 64])
torch.Size([64, 800, 64])
torch.Size([64, 800, 64])
torch.Size([64, 800, 64])
torch.Size([64, 800, 64])
torch.Size([64, 800, 64])
torch.Size([64, 800, 64])
torch.Size([64, 800, 64])
torch.Size([64, 800, 64])
torch.Size([64, 800, 64])
torch.Size([64, 800, 64])
torch.Size([64, 800, 64])
torch.Size([64, 800, 64])
torch.Size([64, 800, 64])
torch.Size([64, 800, 64])
torch.Size([64, 800, 64])
Traceback (most recent call last):
  File "/work/bme-shenxk/TeCh_nobasis_release/run.py", line 456, in <module>
    exp.train(setting)
  File "/work/bme-shenxk/TeCh_nobasis_release/exp/exp_classification.py", line 231, in train
    loss.backward()
  File "/work/bme-shenxk/conda_envs/eeg3dim/lib/python3.10/site-packages/torch/_tensor.py", line 581, in backward
    torch.autograd.backward(
  File "/work/bme-shenxk/conda_envs/eeg3dim/lib/python3.10/site-packages/torch/autograd/__init__.py", line 347, in backward
    _engine_run_backward(
  File "/work/bme-shenxk/conda_envs/eeg3dim/lib/python3.10/site-packages/torch/autograd/graph.py", line 825, in _engine_run_backward
    return Variable._execution_engine.run_backward(  # Calls into the C++ engine to run the backward pass
KeyboardInterrupt
