[device] set CUDA_VISIBLE_DEVICES=0
[dataset_cfg] SHU root_path -> /work/bme-shenxk/data/SHU_MI
[dataset_cfg] applied 33 params for SHU
A total 12 CPUs are used, making sure that num_worker is small than the number of CPUs
Use GPU (single): visible=0 -> cuda:0
================================================================================
[Model] eeg_mixer_v4_outAttentionPoolingFusion
[Model Params] Total: 301,722 (0.302 M)
[Model Params] Trainable: 301,722 (0.302 M)
[Model Params] Non-trainable: 0 (0.000 M)
[Model Size] Parameters: 1.15 MB
[Model Size] Buffers: 0.00 MB
[Model Size] Total estimated: 1.15 MB
================================================================================
>>>>>>>start training : eeg_mixer_v4_outAttentionPoolingFusion_SHU_seed_42_dm_128_dp_0.1_tl_4_bs_128_lr0.002_aug_none_pl_80_cb32_kb16_tb16_pe128_ps20_ca0_cp1_gitbb97162_20260503_181706>>>>>>>>>>>>>>>>>>>>>>>>>>
(3378, 800, 32)
(3378,)
(1920, 800, 32)
(1920,)
(2273, 800, 32)
(2273,)
Epoch: 1 cost time: 6.815011739730835
Epoch: 1, Steps: 27, | Train Loss: 0.96278
Validation results --- Loss: 0.70849, Accuracy: 0.50208, Precision: 0.25104, Recall: 0.50000, F1: 0.33426, AUROC: 0.53099, AUPRC: 0.52064
Test results --- Loss: 0.70820, Accuracy: 0.50330, Precision: 0.25165, Recall: 0.50000 F1: 0.33480, AUROC: 0.53256, AUPRC: 0.53151
Metric score decreased (inf --> -0.334258).  Saving model ...

Updating learning rate to 0.0019995065603657315
Epoch: 2 cost time: 5.541467905044556
Epoch: 2, Steps: 27, | Train Loss: 0.70052
Validation results --- Loss: 0.70187, Accuracy: 0.49792, Precision: 0.24896, Recall: 0.50000, F1: 0.33241, AUROC: 0.52926, AUPRC: 0.52045
Test results --- Loss: 0.70199, Accuracy: 0.49670, Precision: 0.24835, Recall: 0.50000 F1: 0.33186, AUROC: 0.54613, AUPRC: 0.53763
EarlyStopping counter: 1 out of 20
Updating learning rate to 0.0019980267284282717
Epoch: 3 cost time: 5.5338990688323975
Epoch: 3, Steps: 27, | Train Loss: 0.69785
Validation results --- Loss: 0.69344, Accuracy: 0.49792, Precision: 0.24896, Recall: 0.50000, F1: 0.33241, AUROC: 0.52528, AUPRC: 0.52237
Test results --- Loss: 0.69339, Accuracy: 0.49670, Precision: 0.24835, Recall: 0.50000 F1: 0.33186, AUROC: 0.55757, AUPRC: 0.54616
EarlyStopping counter: 2 out of 20
Updating learning rate to 0.00199556196460308
Epoch: 4 cost time: 5.568166494369507
Epoch: 4, Steps: 27, | Train Loss: 0.69413
Validation results --- Loss: 0.69796, Accuracy: 0.49792, Precision: 0.24896, Recall: 0.50000, F1: 0.33241, AUROC: 0.52194, AUPRC: 0.52271
Test results --- Loss: 0.69791, Accuracy: 0.49670, Precision: 0.24835, Recall: 0.50000 F1: 0.33186, AUROC: 0.55796, AUPRC: 0.55171
EarlyStopping counter: 3 out of 20
Updating learning rate to 0.001992114701314478
Epoch: 5 cost time: 5.553882837295532
Epoch: 5, Steps: 27, | Train Loss: 0.69903
Validation results --- Loss: 0.71297, Accuracy: 0.50208, Precision: 0.25104, Recall: 0.50000, F1: 0.33426, AUROC: 0.52145, AUPRC: 0.52902
Test results --- Loss: 0.71264, Accuracy: 0.50330, Precision: 0.25165, Recall: 0.50000 F1: 0.33480, AUROC: 0.55476, AUPRC: 0.55813
EarlyStopping counter: 4 out of 20
Updating learning rate to 0.0019876883405951376
Epoch: 6 cost time: 5.533727169036865
Epoch: 6, Steps: 27, | Train Loss: 0.70214
Validation results --- Loss: 0.69641, Accuracy: 0.49792, Precision: 0.24896, Recall: 0.50000, F1: 0.33241, AUROC: 0.52240, AUPRC: 0.52997
Test results --- Loss: 0.69602, Accuracy: 0.49670, Precision: 0.24835, Recall: 0.50000 F1: 0.33186, AUROC: 0.55117, AUPRC: 0.55975
EarlyStopping counter: 5 out of 20
Updating learning rate to 0.001982287250728689
Epoch: 7 cost time: 5.538732290267944
Epoch: 7, Steps: 27, | Train Loss: 0.69365
Validation results --- Loss: 0.69080, Accuracy: 0.50208, Precision: 0.25104, Recall: 0.50000, F1: 0.33426, AUROC: 0.57942, AUPRC: 0.58741
Test results --- Loss: 0.68957, Accuracy: 0.50330, Precision: 0.25165, Recall: 0.50000 F1: 0.33480, AUROC: 0.58016, AUPRC: 0.59539
EarlyStopping counter: 6 out of 20
Updating learning rate to 0.0019759167619387476
Epoch: 8 cost time: 5.551140308380127
Epoch: 8, Steps: 27, | Train Loss: 0.68337
Validation results --- Loss: 0.68283, Accuracy: 0.55156, Precision: 0.64855, Recall: 0.55323, F1: 0.46694, AUROC: 0.59459, AUPRC: 0.59542
Test results --- Loss: 0.66848, Accuracy: 0.57765, Precision: 0.65562, Recall: 0.57996 F1: 0.52045, AUROC: 0.66468, AUPRC: 0.66388
Metric score decreased (-0.334258 --> -0.466938).  Saving model ...

Updating learning rate to 0.001968583161128631
Epoch: 9 cost time: 5.533287048339844
Epoch: 9, Steps: 27, | Train Loss: 0.67391
Validation results --- Loss: 0.69104, Accuracy: 0.55260, Precision: 0.67683, Recall: 0.55434, F1: 0.46003, AUROC: 0.61238, AUPRC: 0.61930
Test results --- Loss: 0.65716, Accuracy: 0.58821, Precision: 0.68820, Recall: 0.59059 F1: 0.52814, AUROC: 0.68699, AUPRC: 0.69418
EarlyStopping counter: 1 out of 20
Updating learning rate to 0.0019602936856769433
Epoch: 10 cost time: 5.540724754333496
Epoch: 10, Steps: 27, | Train Loss: 0.65489
Validation results --- Loss: 0.66450, Accuracy: 0.57708, Precision: 0.59400, Recall: 0.57618, F1: 0.55562, AUROC: 0.63084, AUPRC: 0.63526
Test results --- Loss: 0.63389, Accuracy: 0.62033, Precision: 0.63861, Recall: 0.61909 F1: 0.60596, AUROC: 0.70268, AUPRC: 0.71073
Metric score decreased (-0.466938 --> -0.555616).  Saving model ...

Updating learning rate to 0.0019510565162951536
Epoch: 11 cost time: 5.540834903717041
Epoch: 11, Steps: 27, | Train Loss: 0.63589
Validation results --- Loss: 0.67706, Accuracy: 0.57760, Precision: 0.63771, Recall: 0.57897, F1: 0.52790, AUROC: 0.63796, AUPRC: 0.64070
Test results --- Loss: 0.64566, Accuracy: 0.60625, Precision: 0.66156, Recall: 0.60815 F1: 0.57165, AUROC: 0.68907, AUPRC: 0.69278
EarlyStopping counter: 1 out of 20
Updating learning rate to 0.0019408807689542257
Epoch: 12 cost time: 5.528345108032227
Epoch: 12, Steps: 27, | Train Loss: 0.61296
Validation results --- Loss: 0.68079, Accuracy: 0.55417, Precision: 0.58712, Recall: 0.55286, F1: 0.50484, AUROC: 0.61166, AUPRC: 0.61566
Test results --- Loss: 0.64572, Accuracy: 0.60493, Precision: 0.64155, Recall: 0.60321 F1: 0.57544, AUROC: 0.68713, AUPRC: 0.69274
EarlyStopping counter: 2 out of 20
Updating learning rate to 0.0019297764858882513
Epoch: 13 cost time: 5.531177043914795
Epoch: 13, Steps: 27, | Train Loss: 0.60169
Validation results --- Loss: 0.67954, Accuracy: 0.57812, Precision: 0.57814, Recall: 0.57814, F1: 0.57812, AUROC: 0.62519, AUPRC: 0.62207
Test results --- Loss: 0.63470, Accuracy: 0.63220, Precision: 0.63520, Recall: 0.63168 F1: 0.62959, AUROC: 0.69314, AUPRC: 0.69484
Metric score decreased (-0.555616 --> -0.578125).  Saving model ...

Updating learning rate to 0.001917754625683981
Epoch: 14 cost time: 5.534756660461426
Epoch: 14, Steps: 27, | Train Loss: 0.57988
Validation results --- Loss: 0.68812, Accuracy: 0.57604, Precision: 0.58157, Recall: 0.57656, F1: 0.56965, AUROC: 0.62442, AUPRC: 0.62595
Test results --- Loss: 0.63796, Accuracy: 0.61329, Precision: 0.61610, Recall: 0.61376 F1: 0.61150, AUROC: 0.68389, AUPRC: 0.68955
EarlyStopping counter: 1 out of 20
Updating learning rate to 0.0019048270524660196
Epoch: 15 cost time: 5.530655384063721
Epoch: 15, Steps: 27, | Train Loss: 0.56179
Validation results --- Loss: 0.68900, Accuracy: 0.58490, Precision: 0.58549, Recall: 0.58505, F1: 0.58442, AUROC: 0.63098, AUPRC: 0.63254
Test results --- Loss: 0.64285, Accuracy: 0.62736, Precision: 0.62757, Recall: 0.62747 F1: 0.62732, AUROC: 0.68583, AUPRC: 0.69276
Metric score decreased (-0.578125 --> -0.584420).  Saving model ...

Updating learning rate to 0.0018910065241883678
Epoch: 16 cost time: 5.541174650192261
Epoch: 16, Steps: 27, | Train Loss: 0.54045
Validation results --- Loss: 0.74702, Accuracy: 0.57031, Precision: 0.58604, Recall: 0.57118, F1: 0.55132, AUROC: 0.62438, AUPRC: 0.62469
Test results --- Loss: 0.67357, Accuracy: 0.61417, Precision: 0.62388, Recall: 0.61505 F1: 0.60751, AUROC: 0.68157, AUPRC: 0.68631
EarlyStopping counter: 1 out of 20
Updating learning rate to 0.0018763066800438636
Epoch: 17 cost time: 5.52298641204834
Epoch: 17, Steps: 27, | Train Loss: 0.51655
Validation results --- Loss: 0.81023, Accuracy: 0.56406, Precision: 0.57327, Recall: 0.56477, F1: 0.55137, AUROC: 0.60586, AUPRC: 0.60484
Test results --- Loss: 0.73238, Accuracy: 0.59965, Precision: 0.61003, Recall: 0.60062 F1: 0.59129, AUROC: 0.66848, AUPRC: 0.67340
EarlyStopping counter: 2 out of 20
Updating learning rate to 0.0018607420270039437
Epoch: 18 cost time: 5.523386716842651
Epoch: 18, Steps: 27, | Train Loss: 0.50940
Validation results --- Loss: 0.74899, Accuracy: 0.56302, Precision: 0.56307, Recall: 0.56292, F1: 0.56271, AUROC: 0.60587, AUPRC: 0.60578
Test results --- Loss: 0.70296, Accuracy: 0.60229, Precision: 0.60260, Recall: 0.60205 F1: 0.60165, AUROC: 0.65757, AUPRC: 0.66103
EarlyStopping counter: 3 out of 20
Updating learning rate to 0.001844327925502015
Epoch: 19 cost time: 5.537837505340576
Epoch: 19, Steps: 27, | Train Loss: 0.48162
Validation results --- Loss: 0.81575, Accuracy: 0.56667, Precision: 0.57472, Recall: 0.56732, F1: 0.55597, AUROC: 0.61003, AUPRC: 0.60651
Test results --- Loss: 0.72622, Accuracy: 0.60537, Precision: 0.61186, Recall: 0.60612 F1: 0.60053, AUROC: 0.66667, AUPRC: 0.66635
EarlyStopping counter: 4 out of 20
Updating learning rate to 0.0018270805742745617
Epoch: 20 cost time: 5.542072534561157
Epoch: 20, Steps: 27, | Train Loss: 0.46319
Validation results --- Loss: 0.85256, Accuracy: 0.56510, Precision: 0.59514, Recall: 0.56625, F1: 0.52996, AUROC: 0.60435, AUPRC: 0.60535
Test results --- Loss: 0.76132, Accuracy: 0.59833, Precision: 0.62270, Recall: 0.59976 F1: 0.57925, AUROC: 0.66614, AUPRC: 0.66878
EarlyStopping counter: 5 out of 20
Updating learning rate to 0.0018090169943749475
Epoch: 21 cost time: 5.544269800186157
Epoch: 21, Steps: 27, | Train Loss: 0.43448
Validation results --- Loss: 0.92408, Accuracy: 0.56406, Precision: 0.57083, Recall: 0.56468, F1: 0.55466, AUROC: 0.59880, AUPRC: 0.59434
Test results --- Loss: 0.82658, Accuracy: 0.59965, Precision: 0.60413, Recall: 0.60029 F1: 0.59617, AUROC: 0.66132, AUPRC: 0.66009
EarlyStopping counter: 6 out of 20
Updating learning rate to 0.0017901550123756904
Epoch: 22 cost time: 5.561429023742676
Epoch: 22, Steps: 27, | Train Loss: 0.41687
Validation results --- Loss: 0.87236, Accuracy: 0.55573, Precision: 0.55739, Recall: 0.55605, F1: 0.55325, AUROC: 0.59643, AUPRC: 0.59103
Test results --- Loss: 0.79910, Accuracy: 0.58117, Precision: 0.58146, Recall: 0.58131 F1: 0.58103, AUROC: 0.64476, AUPRC: 0.64564
EarlyStopping counter: 7 out of 20
Updating learning rate to 0.0017705132427757893
Epoch: 23 cost time: 5.541775941848755
Epoch: 23, Steps: 27, | Train Loss: 0.39136
Validation results --- Loss: 0.90873, Accuracy: 0.55260, Precision: 0.55749, Recall: 0.55318, F1: 0.54431, AUROC: 0.57834, AUPRC: 0.57002
Test results --- Loss: 0.84149, Accuracy: 0.58425, Precision: 0.58740, Recall: 0.58482 F1: 0.58139, AUROC: 0.63703, AUPRC: 0.62970
EarlyStopping counter: 8 out of 20
Updating learning rate to 0.0017501110696304595
Epoch: 24 cost time: 5.555707931518555
Epoch: 24, Steps: 27, | Train Loss: 0.36532
Validation results --- Loss: 0.98108, Accuracy: 0.55781, Precision: 0.56417, Recall: 0.55844, F1: 0.54799, AUROC: 0.58470, AUPRC: 0.57264
Test results --- Loss: 0.89052, Accuracy: 0.57105, Precision: 0.57266, Recall: 0.57148 F1: 0.56946, AUROC: 0.61984, AUPRC: 0.61616
EarlyStopping counter: 9 out of 20
Updating learning rate to 0.0017289686274214115
Epoch: 25 cost time: 5.552058219909668
Epoch: 25, Steps: 27, | Train Loss: 0.34168
Validation results --- Loss: 1.01322, Accuracy: 0.57344, Precision: 0.57476, Recall: 0.57369, F1: 0.57201, AUROC: 0.59647, AUPRC: 0.58446
Test results --- Loss: 0.95111, Accuracy: 0.59437, Precision: 0.59436, Recall: 0.59436 F1: 0.59436, AUROC: 0.64218, AUPRC: 0.63808
EarlyStopping counter: 10 out of 20
Updating learning rate to 0.0017071067811865474
Epoch: 26 cost time: 5.540493965148926
Epoch: 26, Steps: 27, | Train Loss: 0.36593
Validation results --- Loss: 0.97382, Accuracy: 0.56563, Precision: 0.57536, Recall: 0.56635, F1: 0.55257, AUROC: 0.59367, AUPRC: 0.58170
Test results --- Loss: 0.89947, Accuracy: 0.58029, Precision: 0.58457, Recall: 0.58097 F1: 0.57606, AUROC: 0.63042, AUPRC: 0.62069
EarlyStopping counter: 11 out of 20
Updating learning rate to 0.0016845471059286888
Epoch: 27 cost time: 5.556502103805542
Epoch: 27, Steps: 27, | Train Loss: 0.31324
Validation results --- Loss: 1.14387, Accuracy: 0.54271, Precision: 0.54362, Recall: 0.54297, F1: 0.54109, AUROC: 0.55454, AUPRC: 0.54247
Test results --- Loss: 1.05557, Accuracy: 0.56841, Precision: 0.56883, Recall: 0.56860 F1: 0.56813, AUROC: 0.60792, AUPRC: 0.60033
EarlyStopping counter: 12 out of 20
Updating learning rate to 0.0016613118653236519
Epoch: 28 cost time: 5.574603796005249
Epoch: 28, Steps: 27, | Train Loss: 0.29737
Validation results --- Loss: 1.11922, Accuracy: 0.56615, Precision: 0.56619, Recall: 0.56605, F1: 0.56589, AUROC: 0.59928, AUPRC: 0.59095
Test results --- Loss: 1.10034, Accuracy: 0.58953, Precision: 0.59208, Recall: 0.58892 F1: 0.58572, AUROC: 0.63777, AUPRC: 0.63252
EarlyStopping counter: 13 out of 20
Updating learning rate to 0.0016374239897486897
Epoch: 29 cost time: 5.561236143112183
Epoch: 29, Steps: 27, | Train Loss: 0.30072
Validation results --- Loss: 1.14295, Accuracy: 0.57083, Precision: 0.57480, Recall: 0.57129, F1: 0.56593, AUROC: 0.59968, AUPRC: 0.58737
Test results --- Loss: 1.08052, Accuracy: 0.59041, Precision: 0.59395, Recall: 0.59100 F1: 0.58740, AUROC: 0.64449, AUPRC: 0.64061
EarlyStopping counter: 14 out of 20
Updating learning rate to 0.0016129070536529766
Epoch: 30 cost time: 5.541576862335205
Epoch: 30, Steps: 27, | Train Loss: 0.25652
Validation results --- Loss: 1.26510, Accuracy: 0.56771, Precision: 0.56857, Recall: 0.56791, F1: 0.56676, AUROC: 0.58945, AUPRC: 0.57958
Test results --- Loss: 1.20419, Accuracy: 0.60141, Precision: 0.60138, Recall: 0.60137 F1: 0.60137, AUROC: 0.63838, AUPRC: 0.63199
EarlyStopping counter: 15 out of 20
Updating learning rate to 0.0015877852522924731
Epoch: 31 cost time: 5.529453277587891
Epoch: 31, Steps: 27, | Train Loss: 0.25180
Validation results --- Loss: 1.28621, Accuracy: 0.55208, Precision: 0.55222, Recall: 0.55216, F1: 0.55197, AUROC: 0.57766, AUPRC: 0.56580
Test results --- Loss: 1.22034, Accuracy: 0.58425, Precision: 0.58428, Recall: 0.58410 F1: 0.58396, AUROC: 0.62146, AUPRC: 0.61251
EarlyStopping counter: 16 out of 20
Updating learning rate to 0.0015620833778521306
Epoch: 32 cost time: 5.549326419830322
Epoch: 32, Steps: 27, | Train Loss: 0.21591
Validation results --- Loss: 1.39891, Accuracy: 0.55625, Precision: 0.55624, Recall: 0.55624, F1: 0.55624, AUROC: 0.57720, AUPRC: 0.56582
Test results --- Loss: 1.31526, Accuracy: 0.59525, Precision: 0.59569, Recall: 0.59496 F1: 0.59435, AUROC: 0.63558, AUPRC: 0.62657
EarlyStopping counter: 17 out of 20
Updating learning rate to 0.0015358267949789966
Epoch: 33 cost time: 5.546916961669922
Epoch: 33, Steps: 27, | Train Loss: 0.19862
Validation results --- Loss: 1.45717, Accuracy: 0.54792, Precision: 0.55011, Recall: 0.54831, F1: 0.54400, AUROC: 0.56870, AUPRC: 0.55908
Test results --- Loss: 1.33461, Accuracy: 0.58909, Precision: 0.59050, Recall: 0.58945 F1: 0.58803, AUROC: 0.62799, AUPRC: 0.61999
EarlyStopping counter: 18 out of 20
Updating learning rate to 0.0015090414157503714
Epoch: 34 cost time: 5.524414300918579
Epoch: 34, Steps: 27, | Train Loss: 0.18375
Validation results --- Loss: 1.54461, Accuracy: 0.54896, Precision: 0.54917, Recall: 0.54906, F1: 0.54874, AUROC: 0.57078, AUPRC: 0.55892
Test results --- Loss: 1.42962, Accuracy: 0.58029, Precision: 0.58079, Recall: 0.57996 F1: 0.57906, AUROC: 0.62471, AUPRC: 0.61557
EarlyStopping counter: 19 out of 20
Updating learning rate to 0.0014817536741017151
Epoch: 35 cost time: 5.537339687347412
Epoch: 35, Steps: 27, | Train Loss: 0.18050
Validation results --- Loss: 1.53956, Accuracy: 0.56094, Precision: 0.56201, Recall: 0.56118, F1: 0.55957, AUROC: 0.59582, AUPRC: 0.58763
Test results --- Loss: 1.50515, Accuracy: 0.59613, Precision: 0.59610, Recall: 0.59606 F1: 0.59605, AUROC: 0.63488, AUPRC: 0.62971
EarlyStopping counter: 20 out of 20
Early stopping
>>>>>>>testing : eeg_mixer_v4_outAttentionPoolingFusion_SHU_seed_42_dm_128_dp_0.1_tl_4_bs_128_lr0.002_aug_none_pl_80_cb32_kb16_tb16_pe128_ps20_ca0_cp1_gitbb97162_20260503_181706<<<<<<<<<<<<<<<<<<<<<<<<<<<<<<<<<
Validation results --- Loss: 0.68900, Accuracy: 0.58490, Precision: 0.58549, Recall: 0.58505, F1: 0.58442, AUROC: 0.63098, AUPRC: 0.63254
Test results --- Loss: 0.64285, Accuracy: 0.62736, Precision: 0.62757, Recall: 0.62747, F1: 0.62732, AUROC: 0.68583, AUPRC: 0.69276

Validation results --- Loss: 0.68900, Accuracy: 0.58490, Precision: 0.58549, Recall: 0.58505, F1: 0.58442, AUROC: 0.63098, AUPRC: 0.63254
Test results --- Loss: 0.64285, Accuracy: 0.62736, Precision: 0.62757, Recall: 0.62747, F1: 0.62732, AUROC: 0.68583, AUPRC: 0.69276

[result] Saved experiment record to: results/runs/3635087_SHU_eeg_mixer_v4_outAttentionPoolingFusion_seed42.yaml
Use GPU (single): visible=0 -> cuda:0
================================================================================
[Model] eeg_mixer_v4_outAttentionPoolingFusion
[Model Params] Total: 301,722 (0.302 M)
[Model Params] Trainable: 301,722 (0.302 M)
[Model Params] Non-trainable: 0 (0.000 M)
[Model Size] Parameters: 1.15 MB
[Model Size] Buffers: 0.00 MB
[Model Size] Total estimated: 1.15 MB
================================================================================
>>>>>>>start training : eeg_mixer_v4_outAttentionPoolingFusion_SHU_seed_43_dm_128_dp_0.1_tl_4_bs_128_lr0.002_aug_none_pl_80_cb32_kb16_tb16_pe128_ps20_ca0_cp1_gitbb97162_20260503_182243>>>>>>>>>>>>>>>>>>>>>>>>>>
(3378, 800, 32)
(3378,)
(1920, 800, 32)
(1920,)
(2273, 800, 32)
(2273,)
Epoch: 1 cost time: 5.5833580493927
Epoch: 1, Steps: 27, | Train Loss: 1.07933
Validation results --- Loss: 0.69432, Accuracy: 0.50208, Precision: 0.25104, Recall: 0.50000, F1: 0.33426, AUROC: 0.50989, AUPRC: 0.51376
Test results --- Loss: 0.69407, Accuracy: 0.50330, Precision: 0.25165, Recall: 0.50000 F1: 0.33480, AUROC: 0.53319, AUPRC: 0.52898
Metric score decreased (inf --> -0.334258).  Saving model ...

Updating learning rate to 0.0019995065603657315
Epoch: 2 cost time: 5.529825925827026
Epoch: 2, Steps: 27, | Train Loss: 0.69858
Validation results --- Loss: 0.69886, Accuracy: 0.50208, Precision: 0.25104, Recall: 0.50000, F1: 0.33426, AUROC: 0.51659, AUPRC: 0.51918
Test results --- Loss: 0.69849, Accuracy: 0.50330, Precision: 0.25165, Recall: 0.50000 F1: 0.33480, AUROC: 0.53690, AUPRC: 0.53365
EarlyStopping counter: 1 out of 20
Updating learning rate to 0.0019980267284282717
Epoch: 3 cost time: 5.529001474380493
Epoch: 3, Steps: 27, | Train Loss: 0.69508
Validation results --- Loss: 0.69481, Accuracy: 0.49792, Precision: 0.24896, Recall: 0.50000, F1: 0.33241, AUROC: 0.52018, AUPRC: 0.51971
Test results --- Loss: 0.69472, Accuracy: 0.49670, Precision: 0.24835, Recall: 0.50000 F1: 0.33186, AUROC: 0.53990, AUPRC: 0.53539
EarlyStopping counter: 2 out of 20
Updating learning rate to 0.00199556196460308
Epoch: 4 cost time: 5.543344020843506
Epoch: 4, Steps: 27, | Train Loss: 0.69577
Validation results --- Loss: 0.69310, Accuracy: 0.50104, Precision: 0.37578, Recall: 0.49897, F1: 0.33472, AUROC: 0.52188, AUPRC: 0.52071
Test results --- Loss: 0.69274, Accuracy: 0.50286, Precision: 0.41821, Recall: 0.49957 F1: 0.33539, AUROC: 0.54202, AUPRC: 0.53663
Metric score decreased (-0.334258 --> -0.334722).  Saving model ...

Updating learning rate to 0.001992114701314478
Epoch: 5 cost time: 5.533709526062012
Epoch: 5, Steps: 27, | Train Loss: 0.69291
Validation results --- Loss: 0.69300, Accuracy: 0.50938, Precision: 0.56302, Recall: 0.51126, F1: 0.38407, AUROC: 0.52657, AUPRC: 0.52397
Test results --- Loss: 0.69258, Accuracy: 0.50726, Precision: 0.57080, Recall: 0.51031 F1: 0.37584, AUROC: 0.54590, AUPRC: 0.53998
Metric score decreased (-0.334722 --> -0.384071).  Saving model ...

Updating learning rate to 0.0019876883405951376
Epoch: 6 cost time: 5.542816877365112
Epoch: 6, Steps: 27, | Train Loss: 0.69144
Validation results --- Loss: 0.69555, Accuracy: 0.50313, Precision: 0.62526, Recall: 0.50517, F1: 0.34823, AUROC: 0.53580, AUPRC: 0.53592
Test results --- Loss: 0.69416, Accuracy: 0.50154, Precision: 0.59438, Recall: 0.50476 F1: 0.34910, AUROC: 0.56534, AUPRC: 0.55802
EarlyStopping counter: 1 out of 20
Updating learning rate to 0.001982287250728689
Epoch: 7 cost time: 5.558187484741211
Epoch: 7, Steps: 27, | Train Loss: 0.67718
Validation results --- Loss: 0.68175, Accuracy: 0.54479, Precision: 0.54589, Recall: 0.54507, F1: 0.54289, AUROC: 0.56943, AUPRC: 0.57084
Test results --- Loss: 0.65813, Accuracy: 0.58997, Precision: 0.59057, Recall: 0.59019 F1: 0.58961, AUROC: 0.62880, AUPRC: 0.62744
Metric score decreased (-0.384071 --> -0.542885).  Saving model ...

Updating learning rate to 0.0019759167619387476
Epoch: 8 cost time: 5.545645475387573
Epoch: 8, Steps: 27, | Train Loss: 0.66123
Validation results --- Loss: 0.68832, Accuracy: 0.55312, Precision: 0.59010, Recall: 0.55444, F1: 0.50476, AUROC: 0.57831, AUPRC: 0.58283
Test results --- Loss: 0.67823, Accuracy: 0.55257, Precision: 0.57825, Recall: 0.55440 F1: 0.51661, AUROC: 0.60848, AUPRC: 0.61210
EarlyStopping counter: 1 out of 20
Updating learning rate to 0.001968583161128631
Epoch: 9 cost time: 5.539343595504761
Epoch: 9, Steps: 27, | Train Loss: 0.64697
Validation results --- Loss: 0.69439, Accuracy: 0.55885, Precision: 0.56661, Recall: 0.55953, F1: 0.54712, AUROC: 0.58801, AUPRC: 0.58474
Test results --- Loss: 0.66133, Accuracy: 0.59085, Precision: 0.59617, Recall: 0.59157 F1: 0.58620, AUROC: 0.64182, AUPRC: 0.64082
Metric score decreased (-0.542885 --> -0.547124).  Saving model ...

Updating learning rate to 0.0019602936856769433
Epoch: 10 cost time: 5.55108380317688
Epoch: 10, Steps: 27, | Train Loss: 0.63261
Validation results --- Loss: 0.70853, Accuracy: 0.55312, Precision: 0.55960, Recall: 0.55378, F1: 0.54225, AUROC: 0.57596, AUPRC: 0.57208
Test results --- Loss: 0.68082, Accuracy: 0.58293, Precision: 0.58762, Recall: 0.58364 F1: 0.57842, AUROC: 0.63662, AUPRC: 0.63044
EarlyStopping counter: 1 out of 20
Updating learning rate to 0.0019510565162951536
Epoch: 11 cost time: 5.527711391448975
Epoch: 11, Steps: 27, | Train Loss: 0.59321
Validation results --- Loss: 0.72182, Accuracy: 0.55312, Precision: 0.55593, Recall: 0.55356, F1: 0.54852, AUROC: 0.59298, AUPRC: 0.58646
Test results --- Loss: 0.68927, Accuracy: 0.59525, Precision: 0.59864, Recall: 0.59581 F1: 0.59255, AUROC: 0.64524, AUPRC: 0.64374
Metric score decreased (-0.547124 --> -0.548516).  Saving model ...

Updating learning rate to 0.0019408807689542257
Epoch: 12 cost time: 5.5286407470703125
Epoch: 12, Steps: 27, | Train Loss: 0.59894
Validation results --- Loss: 0.74025, Accuracy: 0.53906, Precision: 0.55085, Recall: 0.54002, F1: 0.51364, AUROC: 0.57155, AUPRC: 0.57460
Test results --- Loss: 0.71250, Accuracy: 0.58513, Precision: 0.59490, Recall: 0.58614 F1: 0.57575, AUROC: 0.63202, AUPRC: 0.63141
EarlyStopping counter: 1 out of 20
Updating learning rate to 0.0019297764858882513
Epoch: 13 cost time: 5.569606065750122
Epoch: 13, Steps: 27, | Train Loss: 0.53875
Validation results --- Loss: 0.82386, Accuracy: 0.54635, Precision: 0.55399, Recall: 0.54710, F1: 0.53176, AUROC: 0.57065, AUPRC: 0.56285
Test results --- Loss: 0.77097, Accuracy: 0.58997, Precision: 0.59611, Recall: 0.59075 F1: 0.58449, AUROC: 0.63689, AUPRC: 0.63325
EarlyStopping counter: 2 out of 20
Updating learning rate to 0.001917754625683981
Epoch: 14 cost time: 5.554520130157471
Epoch: 14, Steps: 27, | Train Loss: 0.51598
Validation results --- Loss: 0.80043, Accuracy: 0.54063, Precision: 0.55432, Recall: 0.54163, F1: 0.51265, AUROC: 0.56392, AUPRC: 0.56228
Test results --- Loss: 0.75148, Accuracy: 0.57765, Precision: 0.58895, Recall: 0.57877 F1: 0.56570, AUROC: 0.61938, AUPRC: 0.61699
EarlyStopping counter: 3 out of 20
Updating learning rate to 0.0019048270524660196
Epoch: 15 cost time: 5.57041335105896
Epoch: 15, Steps: 27, | Train Loss: 0.50459
Validation results --- Loss: 0.76615, Accuracy: 0.55521, Precision: 0.55616, Recall: 0.55490, F1: 0.55255, AUROC: 0.59084, AUPRC: 0.58804
Test results --- Loss: 0.73406, Accuracy: 0.58557, Precision: 0.58984, Recall: 0.58479 F1: 0.57932, AUROC: 0.64673, AUPRC: 0.64455
Metric score decreased (-0.548516 --> -0.552550).  Saving model ...

Updating learning rate to 0.0018910065241883678
Epoch: 16 cost time: 5.546139240264893
Epoch: 16, Steps: 27, | Train Loss: 0.47887
Validation results --- Loss: 0.83831, Accuracy: 0.53906, Precision: 0.54451, Recall: 0.53828, F1: 0.52198, AUROC: 0.58267, AUPRC: 0.57765
Test results --- Loss: 0.81601, Accuracy: 0.57897, Precision: 0.58695, Recall: 0.57791 F1: 0.56725, AUROC: 0.63091, AUPRC: 0.62414
EarlyStopping counter: 1 out of 20
Updating learning rate to 0.0018763066800438636
Epoch: 17 cost time: 5.515828371047974
Epoch: 17, Steps: 27, | Train Loss: 0.42832
Validation results --- Loss: 0.86341, Accuracy: 0.55677, Precision: 0.55686, Recall: 0.55683, F1: 0.55672, AUROC: 0.57649, AUPRC: 0.56730
Test results --- Loss: 0.82475, Accuracy: 0.59701, Precision: 0.59756, Recall: 0.59721 F1: 0.59672, AUROC: 0.63249, AUPRC: 0.62660
Metric score decreased (-0.552550 --> -0.556718).  Saving model ...

Updating learning rate to 0.0018607420270039437
Epoch: 18 cost time: 5.529437780380249
Epoch: 18, Steps: 27, | Train Loss: 0.40345
Validation results --- Loss: 0.85591, Accuracy: 0.56719, Precision: 0.56736, Recall: 0.56705, F1: 0.56663, AUROC: 0.58763, AUPRC: 0.57804
Test results --- Loss: 0.86688, Accuracy: 0.58205, Precision: 0.58392, Recall: 0.58149 F1: 0.57876, AUROC: 0.62017, AUPRC: 0.61532
Metric score decreased (-0.556718 --> -0.566628).  Saving model ...

Updating learning rate to 0.001844327925502015
Epoch: 19 cost time: 5.513540029525757
Epoch: 19, Steps: 27, | Train Loss: 0.40964
Validation results --- Loss: 0.95217, Accuracy: 0.55260, Precision: 0.55504, Recall: 0.55213, F1: 0.54637, AUROC: 0.58483, AUPRC: 0.57384
Test results --- Loss: 0.92845, Accuracy: 0.58469, Precision: 0.58905, Recall: 0.58390 F1: 0.57824, AUROC: 0.63404, AUPRC: 0.62254
EarlyStopping counter: 1 out of 20
Updating learning rate to 0.0018270805742745617
Epoch: 20 cost time: 5.547888994216919
Epoch: 20, Steps: 27, | Train Loss: 0.35198
Validation results --- Loss: 1.18810, Accuracy: 0.55521, Precision: 0.55628, Recall: 0.55546, F1: 0.55369, AUROC: 0.58097, AUPRC: 0.56797
Test results --- Loss: 1.18294, Accuracy: 0.57545, Precision: 0.57658, Recall: 0.57579 F1: 0.57449, AUROC: 0.61571, AUPRC: 0.61090
EarlyStopping counter: 2 out of 20
Updating learning rate to 0.0018090169943749475
Epoch: 21 cost time: 5.570515394210815
Epoch: 21, Steps: 27, | Train Loss: 0.31335
Validation results --- Loss: 1.14846, Accuracy: 0.54479, Precision: 0.54686, Recall: 0.54431, F1: 0.53828, AUROC: 0.57603, AUPRC: 0.56643
Test results --- Loss: 1.17182, Accuracy: 0.56621, Precision: 0.56927, Recall: 0.56544 F1: 0.55977, AUROC: 0.61317, AUPRC: 0.60339
EarlyStopping counter: 3 out of 20
Updating learning rate to 0.0017901550123756904
Epoch: 22 cost time: 5.56528639793396
Epoch: 22, Steps: 27, | Train Loss: 0.30286
Validation results --- Loss: 1.11841, Accuracy: 0.56823, Precision: 0.56828, Recall: 0.56826, F1: 0.56821, AUROC: 0.57948, AUPRC: 0.56254
Test results --- Loss: 1.17808, Accuracy: 0.57061, Precision: 0.57063, Recall: 0.57063 F1: 0.57061, AUROC: 0.60070, AUPRC: 0.59484
Metric score decreased (-0.566628 --> -0.568215).  Saving model ...

Updating learning rate to 0.0017705132427757893
Epoch: 23 cost time: 5.584923028945923
Epoch: 23, Steps: 27, | Train Loss: 0.27663
Validation results --- Loss: 1.19852, Accuracy: 0.56042, Precision: 0.56063, Recall: 0.56025, F1: 0.55965, AUROC: 0.58042, AUPRC: 0.56793
Test results --- Loss: 1.25117, Accuracy: 0.57281, Precision: 0.57309, Recall: 0.57252 F1: 0.57184, AUROC: 0.60482, AUPRC: 0.59726
EarlyStopping counter: 1 out of 20
Updating learning rate to 0.0017501110696304595
Epoch: 24 cost time: 5.577035427093506
Epoch: 24, Steps: 27, | Train Loss: 0.25176
Validation results --- Loss: 1.42731, Accuracy: 0.56198, Precision: 0.56798, Recall: 0.56257, F1: 0.55334, AUROC: 0.58015, AUPRC: 0.57047
Test results --- Loss: 1.48674, Accuracy: 0.57633, Precision: 0.58510, Recall: 0.57733 F1: 0.56687, AUROC: 0.61708, AUPRC: 0.60906
EarlyStopping counter: 2 out of 20
Updating learning rate to 0.0017289686274214115
Epoch: 25 cost time: 5.548150062561035
Epoch: 25, Steps: 27, | Train Loss: 0.23583
Validation results --- Loss: 1.35129, Accuracy: 0.56719, Precision: 0.56744, Recall: 0.56703, F1: 0.56645, AUROC: 0.57992, AUPRC: 0.56693
Test results --- Loss: 1.41070, Accuracy: 0.56225, Precision: 0.56221, Recall: 0.56218 F1: 0.56215, AUROC: 0.60589, AUPRC: 0.59583
EarlyStopping counter: 3 out of 20
Updating learning rate to 0.0017071067811865474
Epoch: 26 cost time: 5.569083213806152
Epoch: 26, Steps: 27, | Train Loss: 0.20054
Validation results --- Loss: 1.59065, Accuracy: 0.55990, Precision: 0.55995, Recall: 0.55979, F1: 0.55956, AUROC: 0.57401, AUPRC: 0.56365
Test results --- Loss: 1.64785, Accuracy: 0.56709, Precision: 0.56707, Recall: 0.56696 F1: 0.56684, AUROC: 0.59104, AUPRC: 0.58254
EarlyStopping counter: 4 out of 20
Updating learning rate to 0.0016845471059286888
Epoch: 27 cost time: 5.556149959564209
Epoch: 27, Steps: 27, | Train Loss: 0.24820
Validation results --- Loss: 1.35020, Accuracy: 0.56250, Precision: 0.56459, Recall: 0.56284, F1: 0.55967, AUROC: 0.58139, AUPRC: 0.56539
Test results --- Loss: 1.42693, Accuracy: 0.56929, Precision: 0.57184, Recall: 0.56984 F1: 0.56651, AUROC: 0.60010, AUPRC: 0.58830
EarlyStopping counter: 5 out of 20
Updating learning rate to 0.0016613118653236519
Epoch: 28 cost time: 5.556665420532227
Epoch: 28, Steps: 27, | Train Loss: 0.20183
Validation results --- Loss: 1.53336, Accuracy: 0.56146, Precision: 0.56146, Recall: 0.56146, F1: 0.56146, AUROC: 0.57359, AUPRC: 0.56391
Test results --- Loss: 1.49674, Accuracy: 0.56533, Precision: 0.56533, Recall: 0.56517 F1: 0.56500, AUROC: 0.60516, AUPRC: 0.59772
EarlyStopping counter: 6 out of 20
Updating learning rate to 0.0016374239897486897
Epoch: 29 cost time: 5.534863710403442
Epoch: 29, Steps: 27, | Train Loss: 0.16594
Validation results --- Loss: 1.69570, Accuracy: 0.56042, Precision: 0.56139, Recall: 0.56012, F1: 0.55800, AUROC: 0.57087, AUPRC: 0.55804
Test results --- Loss: 1.70563, Accuracy: 0.57017, Precision: 0.57035, Recall: 0.56991 F1: 0.56937, AUROC: 0.60185, AUPRC: 0.59343
EarlyStopping counter: 7 out of 20
Updating learning rate to 0.0016129070536529766
Epoch: 30 cost time: 5.546429395675659
Epoch: 30, Steps: 27, | Train Loss: 0.14971
Validation results --- Loss: 1.71438, Accuracy: 0.55365, Precision: 0.55369, Recall: 0.55353, F1: 0.55325, AUROC: 0.57560, AUPRC: 0.56335
Test results --- Loss: 1.76046, Accuracy: 0.55565, Precision: 0.55591, Recall: 0.55531 F1: 0.55431, AUROC: 0.59722, AUPRC: 0.59032
EarlyStopping counter: 8 out of 20
Updating learning rate to 0.0015877852522924731
Epoch: 31 cost time: 5.563049793243408
Epoch: 31, Steps: 27, | Train Loss: 0.13652
Validation results --- Loss: 2.02285, Accuracy: 0.55885, Precision: 0.56020, Recall: 0.55851, F1: 0.55557, AUROC: 0.56949, AUPRC: 0.55860
Test results --- Loss: 1.97552, Accuracy: 0.56269, Precision: 0.56454, Recall: 0.56205 F1: 0.55813, AUROC: 0.59926, AUPRC: 0.59217
EarlyStopping counter: 9 out of 20
Updating learning rate to 0.0015620833778521306
Epoch: 32 cost time: 5.551485300064087
Epoch: 32, Steps: 27, | Train Loss: 0.13408
Validation results --- Loss: 1.95762, Accuracy: 0.55365, Precision: 0.55378, Recall: 0.55372, F1: 0.55354, AUROC: 0.57228, AUPRC: 0.56413
Test results --- Loss: 1.93059, Accuracy: 0.56269, Precision: 0.56308, Recall: 0.56288 F1: 0.56242, AUROC: 0.59583, AUPRC: 0.58527
EarlyStopping counter: 10 out of 20
Updating learning rate to 0.0015358267949789966
Epoch: 33 cost time: 5.554900169372559
Epoch: 33, Steps: 27, | Train Loss: 0.10916
Validation results --- Loss: 2.13177, Accuracy: 0.56094, Precision: 0.56094, Recall: 0.56087, F1: 0.56077, AUROC: 0.56862, AUPRC: 0.55726
Test results --- Loss: 2.03873, Accuracy: 0.56533, Precision: 0.56529, Recall: 0.56524 F1: 0.56519, AUROC: 0.60061, AUPRC: 0.59474
EarlyStopping counter: 11 out of 20
Updating learning rate to 0.0015090414157503714
Epoch: 34 cost time: 5.530985116958618
Epoch: 34, Steps: 27, | Train Loss: 0.10045
Validation results --- Loss: 2.13832, Accuracy: 0.54063, Precision: 0.54145, Recall: 0.54027, F1: 0.53717, AUROC: 0.56932, AUPRC: 0.56189
Test results --- Loss: 2.19311, Accuracy: 0.56665, Precision: 0.56704, Recall: 0.56631 F1: 0.56532, AUROC: 0.59198, AUPRC: 0.58368
EarlyStopping counter: 12 out of 20
Updating learning rate to 0.0014817536741017151
Epoch: 35 cost time: 5.549570083618164
Epoch: 35, Steps: 27, | Train Loss: 0.09840
Validation results --- Loss: 2.12802, Accuracy: 0.56875, Precision: 0.56889, Recall: 0.56862, F1: 0.56827, AUROC: 0.58181, AUPRC: 0.57024
Test results --- Loss: 2.19180, Accuracy: 0.56665, Precision: 0.56680, Recall: 0.56640 F1: 0.56588, AUROC: 0.59691, AUPRC: 0.59019
Metric score decreased (-0.568215 --> -0.568270).  Saving model ...

Updating learning rate to 0.0014539904997395467
Epoch: 36 cost time: 5.517032861709595
Epoch: 36, Steps: 27, | Train Loss: 0.11318
Validation results --- Loss: 2.28660, Accuracy: 0.54844, Precision: 0.54910, Recall: 0.54864, F1: 0.54747, AUROC: 0.56535, AUPRC: 0.55593
Test results --- Loss: 2.21361, Accuracy: 0.55961, Precision: 0.56075, Recall: 0.55999 F1: 0.55838, AUROC: 0.58735, AUPRC: 0.58327
EarlyStopping counter: 1 out of 20
Updating learning rate to 0.0014257792915650727
Epoch: 37 cost time: 5.571430206298828
Epoch: 37, Steps: 27, | Train Loss: 0.09753
Validation results --- Loss: 2.33950, Accuracy: 0.54531, Precision: 0.54584, Recall: 0.54504, F1: 0.54319, AUROC: 0.55737, AUPRC: 0.54646
Test results --- Loss: 2.16164, Accuracy: 0.56973, Precision: 0.57034, Recall: 0.56934 F1: 0.56802, AUROC: 0.59999, AUPRC: 0.58890
EarlyStopping counter: 2 out of 20
Updating learning rate to 0.0013971478906347806
Epoch: 38 cost time: 5.546579599380493
Epoch: 38, Steps: 27, | Train Loss: 0.09595
Validation results --- Loss: 2.25040, Accuracy: 0.55990, Precision: 0.56036, Recall: 0.56005, F1: 0.55939, AUROC: 0.56992, AUPRC: 0.55879
Test results --- Loss: 2.11691, Accuracy: 0.58293, Precision: 0.58364, Recall: 0.58318 F1: 0.58245, AUROC: 0.60438, AUPRC: 0.59554
EarlyStopping counter: 3 out of 20
Updating learning rate to 0.0013681245526846783
Epoch: 39 cost time: 5.543066024780273
Epoch: 39, Steps: 27, | Train Loss: 0.06364
Validation results --- Loss: 2.29757, Accuracy: 0.55260, Precision: 0.55297, Recall: 0.55239, F1: 0.55126, AUROC: 0.57723, AUPRC: 0.56911
Test results --- Loss: 2.21424, Accuracy: 0.57325, Precision: 0.57345, Recall: 0.57299 F1: 0.57247, AUROC: 0.60500, AUPRC: 0.59786
EarlyStopping counter: 4 out of 20
Updating learning rate to 0.0013387379202452916
Epoch: 40 cost time: 5.547884464263916
Epoch: 40, Steps: 27, | Train Loss: 0.07231
Validation results --- Loss: 2.46993, Accuracy: 0.56042, Precision: 0.56072, Recall: 0.56023, F1: 0.55945, AUROC: 0.57315, AUPRC: 0.56409
Test results --- Loss: 2.38935, Accuracy: 0.56225, Precision: 0.56318, Recall: 0.56176 F1: 0.55955, AUROC: 0.59770, AUPRC: 0.58627
EarlyStopping counter: 5 out of 20
Updating learning rate to 0.0013090169943749475
Epoch: 41 cost time: 5.555689096450806
Epoch: 41, Steps: 27, | Train Loss: 0.06127
Validation results --- Loss: 2.44953, Accuracy: 0.56146, Precision: 0.56144, Recall: 0.56143, F1: 0.56143, AUROC: 0.57684, AUPRC: 0.56760
Test results --- Loss: 2.40649, Accuracy: 0.56577, Precision: 0.56576, Recall: 0.56576 F1: 0.56576, AUROC: 0.59591, AUPRC: 0.59084
EarlyStopping counter: 6 out of 20
Updating learning rate to 0.0012789911060392294
Epoch: 42 cost time: 5.573711156845093
Epoch: 42, Steps: 27, | Train Loss: 0.05601
Validation results --- Loss: 2.60450, Accuracy: 0.54583, Precision: 0.54604, Recall: 0.54564, F1: 0.54474, AUROC: 0.56677, AUPRC: 0.55761
Test results --- Loss: 2.51201, Accuracy: 0.55829, Precision: 0.55890, Recall: 0.55786 F1: 0.55612, AUROC: 0.59437, AUPRC: 0.58566
EarlyStopping counter: 7 out of 20
Updating learning rate to 0.0012486898871648551
Epoch: 43 cost time: 5.5634706020355225
Epoch: 43, Steps: 27, | Train Loss: 0.06133
Validation results --- Loss: 2.61613, Accuracy: 0.56406, Precision: 0.56632, Recall: 0.56364, F1: 0.55942, AUROC: 0.57644, AUPRC: 0.56446
Test results --- Loss: 2.47476, Accuracy: 0.57985, Precision: 0.58048, Recall: 0.57949 F1: 0.57839, AUROC: 0.60817, AUPRC: 0.60220
EarlyStopping counter: 8 out of 20
Updating learning rate to 0.0012181432413965428
Epoch: 44 cost time: 5.553436517715454
Epoch: 44, Steps: 27, | Train Loss: 0.05032
Validation results --- Loss: 2.71928, Accuracy: 0.54531, Precision: 0.54545, Recall: 0.54514, F1: 0.54446, AUROC: 0.56815, AUPRC: 0.55602
Test results --- Loss: 2.54166, Accuracy: 0.56885, Precision: 0.56905, Recall: 0.56858 F1: 0.56800, AUROC: 0.60265, AUPRC: 0.59574
EarlyStopping counter: 9 out of 20
Updating learning rate to 0.0011873813145857248
Epoch: 45 cost time: 5.574051856994629
Epoch: 45, Steps: 27, | Train Loss: 0.03971
Validation results --- Loss: 2.73345, Accuracy: 0.55833, Precision: 0.55832, Recall: 0.55830, F1: 0.55829, AUROC: 0.56850, AUPRC: 0.55480
Test results --- Loss: 2.59111, Accuracy: 0.57237, Precision: 0.57233, Recall: 0.57230 F1: 0.57228, AUROC: 0.60331, AUPRC: 0.60046
EarlyStopping counter: 10 out of 20
Updating learning rate to 0.001156434465040231
Epoch: 46 cost time: 5.5472447872161865
Epoch: 46, Steps: 27, | Train Loss: 0.03392
Validation results --- Loss: 2.90447, Accuracy: 0.55833, Precision: 0.55908, Recall: 0.55806, F1: 0.55630, AUROC: 0.56811, AUPRC: 0.55423
Test results --- Loss: 2.70855, Accuracy: 0.56357, Precision: 0.56370, Recall: 0.56332 F1: 0.56281, AUROC: 0.59736, AUPRC: 0.59267
EarlyStopping counter: 11 out of 20
Updating learning rate to 0.0011253332335643042
Epoch: 47 cost time: 5.574774980545044
Epoch: 47, Steps: 27, | Train Loss: 0.04264
Validation results --- Loss: 2.91067, Accuracy: 0.54948, Precision: 0.54957, Recall: 0.54934, F1: 0.54890, AUROC: 0.57319, AUPRC: 0.56213
Test results --- Loss: 2.69904, Accuracy: 0.57237, Precision: 0.57233, Recall: 0.57229 F1: 0.57227, AUROC: 0.60695, AUPRC: 0.60142
EarlyStopping counter: 12 out of 20
Updating learning rate to 0.0010941083133185145
Epoch: 48 cost time: 5.554063081741333
Epoch: 48, Steps: 27, | Train Loss: 0.03305
Validation results --- Loss: 2.99376, Accuracy: 0.56354, Precision: 0.56369, Recall: 0.56340, F1: 0.56299, AUROC: 0.56774, AUPRC: 0.55738
Test results --- Loss: 2.88302, Accuracy: 0.56797, Precision: 0.56794, Recall: 0.56792 F1: 0.56791, AUROC: 0.59381, AUPRC: 0.58731
EarlyStopping counter: 13 out of 20
Updating learning rate to 0.0010627905195293135
Epoch: 49 cost time: 5.5555150508880615
Epoch: 49, Steps: 27, | Train Loss: 0.03306
Validation results --- Loss: 3.01326, Accuracy: 0.55521, Precision: 0.55661, Recall: 0.55484, F1: 0.55153, AUROC: 0.56970, AUPRC: 0.56010
Test results --- Loss: 2.88525, Accuracy: 0.56313, Precision: 0.56348, Recall: 0.56279 F1: 0.56179, AUROC: 0.59773, AUPRC: 0.59029
EarlyStopping counter: 14 out of 20
Updating learning rate to 0.0010314107590781282
Epoch: 50 cost time: 5.552706480026245
Epoch: 50, Steps: 27, | Train Loss: 0.04759
Validation results --- Loss: 3.02224, Accuracy: 0.55052, Precision: 0.55400, Recall: 0.54995, F1: 0.54166, AUROC: 0.57715, AUPRC: 0.56803
Test results --- Loss: 2.81854, Accuracy: 0.55741, Precision: 0.55935, Recall: 0.55672 F1: 0.55212, AUROC: 0.60303, AUPRC: 0.59593
EarlyStopping counter: 15 out of 20
Updating learning rate to 0.001
Epoch: 51 cost time: 5.5366950035095215
Epoch: 51, Steps: 27, | Train Loss: 0.04845
Validation results --- Loss: 2.85840, Accuracy: 0.55677, Precision: 0.55798, Recall: 0.55643, F1: 0.55363, AUROC: 0.57293, AUPRC: 0.56529
Test results --- Loss: 2.76935, Accuracy: 0.56137, Precision: 0.56137, Recall: 0.56120 F1: 0.56098, AUROC: 0.59211, AUPRC: 0.58476
EarlyStopping counter: 16 out of 20
Updating learning rate to 0.0009685892409218717
Epoch: 52 cost time: 5.544846773147583
Epoch: 52, Steps: 27, | Train Loss: 0.03484
Validation results --- Loss: 2.92205, Accuracy: 0.55156, Precision: 0.55165, Recall: 0.55143, F1: 0.55102, AUROC: 0.57547, AUPRC: 0.56961
Test results --- Loss: 2.75503, Accuracy: 0.56753, Precision: 0.56756, Recall: 0.56756 F1: 0.56753, AUROC: 0.59952, AUPRC: 0.59149
EarlyStopping counter: 17 out of 20
Updating learning rate to 0.0009372094804706866
Epoch: 53 cost time: 5.543743848800659
Epoch: 53, Steps: 27, | Train Loss: 0.02605
Validation results --- Loss: 3.05396, Accuracy: 0.55365, Precision: 0.55446, Recall: 0.55335, F1: 0.55123, AUROC: 0.57369, AUPRC: 0.56276
Test results --- Loss: 2.86597, Accuracy: 0.57017, Precision: 0.57060, Recall: 0.56983 F1: 0.56885, AUROC: 0.60327, AUPRC: 0.59545
EarlyStopping counter: 18 out of 20
Updating learning rate to 0.0009058916866814857
Epoch: 54 cost time: 5.55384635925293
Epoch: 54, Steps: 27, | Train Loss: 0.02092
Validation results --- Loss: 3.06405, Accuracy: 0.56458, Precision: 0.56464, Recall: 0.56448, F1: 0.56426, AUROC: 0.57774, AUPRC: 0.56453
Test results --- Loss: 2.90361, Accuracy: 0.57545, Precision: 0.57542, Recall: 0.57542 F1: 0.57542, AUROC: 0.60110, AUPRC: 0.59342
EarlyStopping counter: 19 out of 20
Updating learning rate to 0.0008746667664356957
Epoch: 55 cost time: 5.544204473495483
Epoch: 55, Steps: 27, | Train Loss: 0.01987
Validation results --- Loss: 3.04072, Accuracy: 0.55521, Precision: 0.55568, Recall: 0.55497, F1: 0.55369, AUROC: 0.57403, AUPRC: 0.56234
Test results --- Loss: 2.91927, Accuracy: 0.56841, Precision: 0.56850, Recall: 0.56819 F1: 0.56782, AUROC: 0.59923, AUPRC: 0.59324
EarlyStopping counter: 20 out of 20
Early stopping
>>>>>>>testing : eeg_mixer_v4_outAttentionPoolingFusion_SHU_seed_43_dm_128_dp_0.1_tl_4_bs_128_lr0.002_aug_none_pl_80_cb32_kb16_tb16_pe128_ps20_ca0_cp1_gitbb97162_20260503_182243<<<<<<<<<<<<<<<<<<<<<<<<<<<<<<<<<
Validation results --- Loss: 2.12802, Accuracy: 0.56875, Precision: 0.56889, Recall: 0.56862, F1: 0.56827, AUROC: 0.58181, AUPRC: 0.57024
Test results --- Loss: 2.19180, Accuracy: 0.56665, Precision: 0.56680, Recall: 0.56640, F1: 0.56588, AUROC: 0.59691, AUPRC: 0.59019

Validation results --- Loss: 2.12802, Accuracy: 0.56875, Precision: 0.56889, Recall: 0.56862, F1: 0.56827, AUROC: 0.58181, AUPRC: 0.57024
Test results --- Loss: 2.19180, Accuracy: 0.56665, Precision: 0.56680, Recall: 0.56640, F1: 0.56588, AUROC: 0.59691, AUPRC: 0.59019

[result] Saved experiment record to: results/runs/3635087_SHU_eeg_mixer_v4_outAttentionPoolingFusion_seed43.yaml
Use GPU (single): visible=0 -> cuda:0
================================================================================
[Model] eeg_mixer_v4_outAttentionPoolingFusion
[Model Params] Total: 301,722 (0.302 M)
[Model Params] Trainable: 301,722 (0.302 M)
[Model Params] Non-trainable: 0 (0.000 M)
[Model Size] Parameters: 1.15 MB
[Model Size] Buffers: 0.00 MB
[Model Size] Total estimated: 1.15 MB
================================================================================
>>>>>>>start training : eeg_mixer_v4_outAttentionPoolingFusion_SHU_seed_44_dm_128_dp_0.1_tl_4_bs_128_lr0.002_aug_none_pl_80_cb32_kb16_tb16_pe128_ps20_ca0_cp1_gitbb97162_20260503_183049>>>>>>>>>>>>>>>>>>>>>>>>>>
(3378, 800, 32)
(3378,)
(1920, 800, 32)
(1920,)
(2273, 800, 32)
(2273,)
Epoch: 1 cost time: 5.557249546051025
Epoch: 1, Steps: 27, | Train Loss: 1.10326
Validation results --- Loss: 0.69647, Accuracy: 0.50208, Precision: 0.25104, Recall: 0.50000, F1: 0.33426, AUROC: 0.52544, AUPRC: 0.52129
Test results --- Loss: 0.69626, Accuracy: 0.50330, Precision: 0.25165, Recall: 0.50000 F1: 0.33480, AUROC: 0.51610, AUPRC: 0.51171
Metric score decreased (inf --> -0.334258).  Saving model ...

Updating learning rate to 0.0019995065603657315
Epoch: 2 cost time: 5.549217700958252
Epoch: 2, Steps: 27, | Train Loss: 0.69571
Validation results --- Loss: 0.69443, Accuracy: 0.50208, Precision: 0.25104, Recall: 0.50000, F1: 0.33426, AUROC: 0.52973, AUPRC: 0.52529
Test results --- Loss: 0.69423, Accuracy: 0.50330, Precision: 0.25165, Recall: 0.50000 F1: 0.33480, AUROC: 0.52770, AUPRC: 0.52294
EarlyStopping counter: 1 out of 20
Updating learning rate to 0.0019980267284282717
Epoch: 3 cost time: 5.523267984390259
Epoch: 3, Steps: 27, | Train Loss: 0.69548
Validation results --- Loss: 0.69650, Accuracy: 0.50208, Precision: 0.25104, Recall: 0.50000, F1: 0.33426, AUROC: 0.53611, AUPRC: 0.53079
Test results --- Loss: 0.69600, Accuracy: 0.50330, Precision: 0.25165, Recall: 0.50000 F1: 0.33480, AUROC: 0.54166, AUPRC: 0.53508
EarlyStopping counter: 2 out of 20
Updating learning rate to 0.00199556196460308
Epoch: 4 cost time: 5.535062074661255
Epoch: 4, Steps: 27, | Train Loss: 0.69516
Validation results --- Loss: 0.69233, Accuracy: 0.52656, Precision: 0.53013, Recall: 0.52721, F1: 0.51512, AUROC: 0.54128, AUPRC: 0.53430
Test results --- Loss: 0.69214, Accuracy: 0.52178, Precision: 0.52999, Recall: 0.52333 F1: 0.49450, AUROC: 0.55007, AUPRC: 0.54263
Metric score decreased (-0.334258 --> -0.515116).  Saving model ...

Updating learning rate to 0.001992114701314478
Epoch: 5 cost time: 5.543375492095947
Epoch: 5, Steps: 27, | Train Loss: 0.69475
Validation results --- Loss: 0.69352, Accuracy: 0.50156, Precision: 0.25091, Recall: 0.49948, F1: 0.33403, AUROC: 0.54680, AUPRC: 0.53836
Test results --- Loss: 0.69273, Accuracy: 0.50330, Precision: 0.50165, Recall: 0.50001 F1: 0.33558, AUROC: 0.55867, AUPRC: 0.54986
EarlyStopping counter: 1 out of 20
Updating learning rate to 0.0019876883405951376
Epoch: 6 cost time: 5.523653507232666
Epoch: 6, Steps: 27, | Train Loss: 0.69115
Validation results --- Loss: 0.69143, Accuracy: 0.53542, Precision: 0.55845, Recall: 0.53407, F1: 0.48055, AUROC: 0.55095, AUPRC: 0.54142
Test results --- Loss: 0.69034, Accuracy: 0.54245, Precision: 0.56025, Recall: 0.54057 F1: 0.50074, AUROC: 0.56786, AUPRC: 0.55844
EarlyStopping counter: 2 out of 20
Updating learning rate to 0.001982287250728689
Epoch: 7 cost time: 5.519532203674316
Epoch: 7, Steps: 27, | Train Loss: 0.68562
Validation results --- Loss: 0.68853, Accuracy: 0.53958, Precision: 0.54380, Recall: 0.54018, F1: 0.53015, AUROC: 0.57103, AUPRC: 0.55658
Test results --- Loss: 0.68548, Accuracy: 0.54685, Precision: 0.55674, Recall: 0.54814 F1: 0.52963, AUROC: 0.59906, AUPRC: 0.58985
Metric score decreased (-0.515116 --> -0.530154).  Saving model ...

Updating learning rate to 0.0019759167619387476
Epoch: 8 cost time: 5.5602428913116455
Epoch: 8, Steps: 27, | Train Loss: 0.66720
Validation results --- Loss: 0.71102, Accuracy: 0.52760, Precision: 0.59232, Recall: 0.52933, F1: 0.43162, AUROC: 0.58080, AUPRC: 0.57854
Test results --- Loss: 0.68741, Accuracy: 0.55697, Precision: 0.67412, Recall: 0.55965 F1: 0.47152, AUROC: 0.64451, AUPRC: 0.65476
EarlyStopping counter: 1 out of 20
Updating learning rate to 0.001968583161128631
Epoch: 9 cost time: 5.524517297744751
Epoch: 9, Steps: 27, | Train Loss: 0.64297
Validation results --- Loss: 0.69131, Accuracy: 0.54167, Precision: 0.55437, Recall: 0.54264, F1: 0.51602, AUROC: 0.57216, AUPRC: 0.58548
Test results --- Loss: 0.65327, Accuracy: 0.59833, Precision: 0.61914, Recall: 0.59967 F1: 0.58179, AUROC: 0.66697, AUPRC: 0.67151
EarlyStopping counter: 2 out of 20
Updating learning rate to 0.0019602936856769433
Epoch: 10 cost time: 5.553130388259888
Epoch: 10, Steps: 27, | Train Loss: 0.61909
Validation results --- Loss: 0.73508, Accuracy: 0.55260, Precision: 0.59844, Recall: 0.55400, F1: 0.49648, AUROC: 0.57962, AUPRC: 0.59175
Test results --- Loss: 0.68875, Accuracy: 0.58777, Precision: 0.65531, Recall: 0.58991 F1: 0.54036, AUROC: 0.66919, AUPRC: 0.68198
EarlyStopping counter: 3 out of 20
Updating learning rate to 0.0019510565162951536
Epoch: 11 cost time: 5.528897523880005
Epoch: 11, Steps: 27, | Train Loss: 0.58998
Validation results --- Loss: 0.71603, Accuracy: 0.54792, Precision: 0.54810, Recall: 0.54774, F1: 0.54696, AUROC: 0.58316, AUPRC: 0.58937
Test results --- Loss: 0.67159, Accuracy: 0.58249, Precision: 0.58300, Recall: 0.58270 F1: 0.58218, AUROC: 0.64552, AUPRC: 0.65392
Metric score decreased (-0.530154 --> -0.546965).  Saving model ...

Updating learning rate to 0.0019408807689542257
Epoch: 12 cost time: 5.542459964752197
Epoch: 12, Steps: 27, | Train Loss: 0.57504
Validation results --- Loss: 0.74662, Accuracy: 0.54271, Precision: 0.55369, Recall: 0.54361, F1: 0.52064, AUROC: 0.57388, AUPRC: 0.58141
Test results --- Loss: 0.70048, Accuracy: 0.57765, Precision: 0.60284, Recall: 0.57923 F1: 0.55268, AUROC: 0.65327, AUPRC: 0.66413
EarlyStopping counter: 1 out of 20
Updating learning rate to 0.0019297764858882513
Epoch: 13 cost time: 5.574126243591309
Epoch: 13, Steps: 27, | Train Loss: 0.52967
Validation results --- Loss: 0.79929, Accuracy: 0.53958, Precision: 0.54884, Recall: 0.54045, F1: 0.51934, AUROC: 0.56333, AUPRC: 0.56694
Test results --- Loss: 0.77397, Accuracy: 0.57765, Precision: 0.59304, Recall: 0.57894 F1: 0.56159, AUROC: 0.62630, AUPRC: 0.62595
EarlyStopping counter: 2 out of 20
Updating learning rate to 0.001917754625683981
Epoch: 14 cost time: 5.545279502868652
Epoch: 14, Steps: 27, | Train Loss: 0.53086
Validation results --- Loss: 0.81731, Accuracy: 0.52969, Precision: 0.54283, Recall: 0.53079, F1: 0.49473, AUROC: 0.55723, AUPRC: 0.56541
Test results --- Loss: 0.75969, Accuracy: 0.57765, Precision: 0.60628, Recall: 0.57932 F1: 0.54984, AUROC: 0.65220, AUPRC: 0.65526
EarlyStopping counter: 3 out of 20
Updating learning rate to 0.0019048270524660196
Epoch: 15 cost time: 5.545024871826172
Epoch: 15, Steps: 27, | Train Loss: 0.48564
Validation results --- Loss: 0.80699, Accuracy: 0.52760, Precision: 0.52923, Recall: 0.52803, F1: 0.52288, AUROC: 0.55516, AUPRC: 0.56204
Test results --- Loss: 0.76263, Accuracy: 0.58249, Precision: 0.58655, Recall: 0.58315 F1: 0.57861, AUROC: 0.63420, AUPRC: 0.63207
EarlyStopping counter: 4 out of 20
Updating learning rate to 0.0018910065241883678
Epoch: 16 cost time: 5.5550196170806885
Epoch: 16, Steps: 27, | Train Loss: 0.45914
Validation results --- Loss: 0.92555, Accuracy: 0.54583, Precision: 0.55062, Recall: 0.54643, F1: 0.53653, AUROC: 0.57405, AUPRC: 0.58035
Test results --- Loss: 0.88119, Accuracy: 0.58909, Precision: 0.59933, Recall: 0.59010 F1: 0.57974, AUROC: 0.64493, AUPRC: 0.64027
EarlyStopping counter: 5 out of 20
Updating learning rate to 0.0018763066800438636
Epoch: 17 cost time: 5.5650575160980225
Epoch: 17, Steps: 27, | Train Loss: 0.42080
Validation results --- Loss: 0.92340, Accuracy: 0.54740, Precision: 0.54862, Recall: 0.54769, F1: 0.54534, AUROC: 0.55733, AUPRC: 0.55982
Test results --- Loss: 0.90678, Accuracy: 0.58337, Precision: 0.58761, Recall: 0.58404 F1: 0.57936, AUROC: 0.62258, AUPRC: 0.60939
EarlyStopping counter: 6 out of 20
Updating learning rate to 0.0018607420270039437
Epoch: 18 cost time: 5.557237148284912
Epoch: 18, Steps: 27, | Train Loss: 0.38922
Validation results --- Loss: 0.88257, Accuracy: 0.53438, Precision: 0.53444, Recall: 0.53442, F1: 0.53433, AUROC: 0.54869, AUPRC: 0.55026
Test results --- Loss: 0.83500, Accuracy: 0.59041, Precision: 0.59127, Recall: 0.59068 F1: 0.58985, AUROC: 0.62287, AUPRC: 0.60961
EarlyStopping counter: 7 out of 20
Updating learning rate to 0.001844327925502015
Epoch: 19 cost time: 5.547530174255371
Epoch: 19, Steps: 27, | Train Loss: 0.35258
Validation results --- Loss: 1.04291, Accuracy: 0.54531, Precision: 0.54599, Recall: 0.54552, F1: 0.54424, AUROC: 0.56049, AUPRC: 0.56068
Test results --- Loss: 1.01840, Accuracy: 0.58469, Precision: 0.58651, Recall: 0.58511 F1: 0.58318, AUROC: 0.62229, AUPRC: 0.61336
EarlyStopping counter: 8 out of 20
Updating learning rate to 0.0018270805742745617
Epoch: 20 cost time: 5.533664703369141
Epoch: 20, Steps: 27, | Train Loss: 0.35065
Validation results --- Loss: 1.08586, Accuracy: 0.54479, Precision: 0.54645, Recall: 0.54435, F1: 0.53939, AUROC: 0.56511, AUPRC: 0.56178
Test results --- Loss: 1.05372, Accuracy: 0.58733, Precision: 0.58801, Recall: 0.58697 F1: 0.58595, AUROC: 0.61512, AUPRC: 0.60634
EarlyStopping counter: 9 out of 20
Updating learning rate to 0.0018090169943749475
Epoch: 21 cost time: 5.543411016464233
Epoch: 21, Steps: 27, | Train Loss: 0.32521
Validation results --- Loss: 1.18867, Accuracy: 0.52969, Precision: 0.52989, Recall: 0.52980, F1: 0.52938, AUROC: 0.54837, AUPRC: 0.54706
Test results --- Loss: 1.14555, Accuracy: 0.59085, Precision: 0.59236, Recall: 0.59122 F1: 0.58972, AUROC: 0.62103, AUPRC: 0.60836
EarlyStopping counter: 10 out of 20
Updating learning rate to 0.0017901550123756904
Epoch: 22 cost time: 5.56061053276062
Epoch: 22, Steps: 27, | Train Loss: 0.28379
Validation results --- Loss: 1.32983, Accuracy: 0.53542, Precision: 0.53559, Recall: 0.53520, F1: 0.53405, AUROC: 0.55762, AUPRC: 0.55276
Test results --- Loss: 1.28973, Accuracy: 0.58029, Precision: 0.58029, Recall: 0.58016 F1: 0.58004, AUROC: 0.61948, AUPRC: 0.60368
EarlyStopping counter: 11 out of 20
Updating learning rate to 0.0017705132427757893
Epoch: 23 cost time: 5.5304765701293945
Epoch: 23, Steps: 27, | Train Loss: 0.25416
Validation results --- Loss: 1.47915, Accuracy: 0.54531, Precision: 0.54531, Recall: 0.54522, F1: 0.54502, AUROC: 0.55986, AUPRC: 0.55372
Test results --- Loss: 1.47970, Accuracy: 0.57061, Precision: 0.57065, Recall: 0.57065 F1: 0.57061, AUROC: 0.60720, AUPRC: 0.59176
EarlyStopping counter: 12 out of 20
Updating learning rate to 0.0017501110696304595
Epoch: 24 cost time: 5.541496515274048
Epoch: 24, Steps: 27, | Train Loss: 0.26335
Validation results --- Loss: 1.40436, Accuracy: 0.54635, Precision: 0.54723, Recall: 0.54660, F1: 0.54494, AUROC: 0.55836, AUPRC: 0.54977
Test results --- Loss: 1.43372, Accuracy: 0.56709, Precision: 0.56827, Recall: 0.56746 F1: 0.56594, AUROC: 0.58971, AUPRC: 0.57587
EarlyStopping counter: 13 out of 20
Updating learning rate to 0.0017289686274214115
Epoch: 25 cost time: 5.57009744644165
Epoch: 25, Steps: 27, | Train Loss: 0.22979
Validation results --- Loss: 1.49724, Accuracy: 0.54844, Precision: 0.54949, Recall: 0.54870, F1: 0.54675, AUROC: 0.56597, AUPRC: 0.55638
Test results --- Loss: 1.51973, Accuracy: 0.58205, Precision: 0.58455, Recall: 0.58256 F1: 0.57978, AUROC: 0.61275, AUPRC: 0.59616
EarlyStopping counter: 14 out of 20
Updating learning rate to 0.0017071067811865474
Epoch: 26 cost time: 5.551279306411743
Epoch: 26, Steps: 27, | Train Loss: 0.21516
Validation results --- Loss: 1.49853, Accuracy: 0.54688, Precision: 0.54686, Recall: 0.54685, F1: 0.54684, AUROC: 0.55551, AUPRC: 0.54642
Test results --- Loss: 1.43976, Accuracy: 0.58117, Precision: 0.58146, Recall: 0.58131 F1: 0.58103, AUROC: 0.62198, AUPRC: 0.60693
EarlyStopping counter: 15 out of 20
Updating learning rate to 0.0016845471059286888
Epoch: 27 cost time: 5.556494951248169
Epoch: 27, Steps: 27, | Train Loss: 0.19156
Validation results --- Loss: 1.59996, Accuracy: 0.55052, Precision: 0.55108, Recall: 0.55070, F1: 0.54976, AUROC: 0.55622, AUPRC: 0.55203
Test results --- Loss: 1.57396, Accuracy: 0.58513, Precision: 0.58532, Recall: 0.58524 F1: 0.58507, AUROC: 0.61543, AUPRC: 0.60027
Metric score decreased (-0.546965 --> -0.549759).  Saving model ...

Updating learning rate to 0.0016613118653236519
Epoch: 28 cost time: 5.55997633934021
Epoch: 28, Steps: 27, | Train Loss: 0.16205
Validation results --- Loss: 1.79508, Accuracy: 0.54740, Precision: 0.54998, Recall: 0.54783, F1: 0.54268, AUROC: 0.55383, AUPRC: 0.55127
Test results --- Loss: 1.79518, Accuracy: 0.57809, Precision: 0.58078, Recall: 0.57863 F1: 0.57549, AUROC: 0.60864, AUPRC: 0.59693
EarlyStopping counter: 1 out of 20
Updating learning rate to 0.0016374239897486897
Epoch: 29 cost time: 5.55049991607666
Epoch: 29, Steps: 27, | Train Loss: 0.19375
Validation results --- Loss: 1.65682, Accuracy: 0.53698, Precision: 0.53695, Recall: 0.53690, F1: 0.53679, AUROC: 0.54963, AUPRC: 0.54347
Test results --- Loss: 1.61690, Accuracy: 0.57853, Precision: 0.57852, Recall: 0.57841 F1: 0.57832, AUROC: 0.61626, AUPRC: 0.59714
EarlyStopping counter: 2 out of 20
Updating learning rate to 0.0016129070536529766
Epoch: 30 cost time: 5.555301904678345
Epoch: 30, Steps: 27, | Train Loss: 0.16243
Validation results --- Loss: 1.72474, Accuracy: 0.54948, Precision: 0.55006, Recall: 0.54966, F1: 0.54868, AUROC: 0.55921, AUPRC: 0.55840
Test results --- Loss: 1.70440, Accuracy: 0.58821, Precision: 0.58866, Recall: 0.58839 F1: 0.58797, AUROC: 0.60941, AUPRC: 0.59465
EarlyStopping counter: 3 out of 20
Updating learning rate to 0.0015877852522924731
Epoch: 31 cost time: 5.561700344085693
Epoch: 31, Steps: 27, | Train Loss: 0.13700
Validation results --- Loss: 1.81051, Accuracy: 0.54375, Precision: 0.54422, Recall: 0.54348, F1: 0.54171, AUROC: 0.56173, AUPRC: 0.55547
Test results --- Loss: 1.79002, Accuracy: 0.58601, Precision: 0.58628, Recall: 0.58576 F1: 0.58527, AUROC: 0.61737, AUPRC: 0.60039
EarlyStopping counter: 4 out of 20
Updating learning rate to 0.0015620833778521306
Epoch: 32 cost time: 5.542534589767456
Epoch: 32, Steps: 27, | Train Loss: 0.12736
Validation results --- Loss: 2.07399, Accuracy: 0.55833, Precision: 0.55887, Recall: 0.55810, F1: 0.55677, AUROC: 0.56687, AUPRC: 0.56013
Test results --- Loss: 1.97159, Accuracy: 0.58909, Precision: 0.58911, Recall: 0.58896 F1: 0.58885, AUROC: 0.62088, AUPRC: 0.60532
Metric score decreased (-0.549759 --> -0.556771).  Saving model ...

Updating learning rate to 0.0015358267949789966
Epoch: 33 cost time: 5.533329963684082
Epoch: 33, Steps: 27, | Train Loss: 0.11568
Validation results --- Loss: 1.99537, Accuracy: 0.55156, Precision: 0.55185, Recall: 0.55136, F1: 0.55041, AUROC: 0.57157, AUPRC: 0.56586
Test results --- Loss: 1.98559, Accuracy: 0.57677, Precision: 0.57674, Recall: 0.57668 F1: 0.57663, AUROC: 0.61090, AUPRC: 0.59555
EarlyStopping counter: 1 out of 20
Updating learning rate to 0.0015090414157503714
Epoch: 34 cost time: 5.57767391204834
Epoch: 34, Steps: 27, | Train Loss: 0.11252
Validation results --- Loss: 2.21059, Accuracy: 0.54115, Precision: 0.54168, Recall: 0.54134, F1: 0.54029, AUROC: 0.56049, AUPRC: 0.55480
Test results --- Loss: 2.08058, Accuracy: 0.57633, Precision: 0.57724, Recall: 0.57663 F1: 0.57561, AUROC: 0.61945, AUPRC: 0.60274
EarlyStopping counter: 2 out of 20
Updating learning rate to 0.0014817536741017151
Epoch: 35 cost time: 5.543627500534058
Epoch: 35, Steps: 27, | Train Loss: 0.09478
Validation results --- Loss: 2.27956, Accuracy: 0.55677, Precision: 0.55683, Recall: 0.55681, F1: 0.55675, AUROC: 0.56741, AUPRC: 0.55949
Test results --- Loss: 2.13628, Accuracy: 0.58909, Precision: 0.58908, Recall: 0.58908 F1: 0.58908, AUROC: 0.62347, AUPRC: 0.60591
EarlyStopping counter: 3 out of 20
Updating learning rate to 0.0014539904997395467
Epoch: 36 cost time: 5.56624960899353
Epoch: 36, Steps: 27, | Train Loss: 0.09773
Validation results --- Loss: 2.35307, Accuracy: 0.54010, Precision: 0.54188, Recall: 0.53962, F1: 0.53358, AUROC: 0.56394, AUPRC: 0.55928
Test results --- Loss: 2.24159, Accuracy: 0.59437, Precision: 0.59730, Recall: 0.59374 F1: 0.59035, AUROC: 0.61691, AUPRC: 0.59760
EarlyStopping counter: 4 out of 20
Updating learning rate to 0.0014257792915650727
Epoch: 37 cost time: 5.564978361129761
Epoch: 37, Steps: 27, | Train Loss: 0.10660
Validation results --- Loss: 2.22920, Accuracy: 0.55417, Precision: 0.55440, Recall: 0.55399, F1: 0.55323, AUROC: 0.56627, AUPRC: 0.56424
Test results --- Loss: 2.12939, Accuracy: 0.58381, Precision: 0.58379, Recall: 0.58370 F1: 0.58365, AUROC: 0.61772, AUPRC: 0.60194
EarlyStopping counter: 5 out of 20
Updating learning rate to 0.0013971478906347806
Epoch: 38 cost time: 5.554232358932495
Epoch: 38, Steps: 27, | Train Loss: 0.09204
Validation results --- Loss: 2.31097, Accuracy: 0.54635, Precision: 0.54749, Recall: 0.54663, F1: 0.54442, AUROC: 0.55745, AUPRC: 0.55579
Test results --- Loss: 2.22221, Accuracy: 0.57941, Precision: 0.58078, Recall: 0.57978 F1: 0.57825, AUROC: 0.61130, AUPRC: 0.59594
EarlyStopping counter: 6 out of 20
Updating learning rate to 0.0013681245526846783
Epoch: 39 cost time: 5.534634351730347
Epoch: 39, Steps: 27, | Train Loss: 0.09578
Validation results --- Loss: 2.20836, Accuracy: 0.53958, Precision: 0.53971, Recall: 0.53940, F1: 0.53861, AUROC: 0.55992, AUPRC: 0.55887
Test results --- Loss: 2.19423, Accuracy: 0.57281, Precision: 0.57278, Recall: 0.57277 F1: 0.57277, AUROC: 0.59984, AUPRC: 0.58148
EarlyStopping counter: 7 out of 20
Updating learning rate to 0.0013387379202452916
Epoch: 40 cost time: 5.551804304122925
Epoch: 40, Steps: 27, | Train Loss: 0.09916
Validation results --- Loss: 2.25694, Accuracy: 0.56146, Precision: 0.56209, Recall: 0.56164, F1: 0.56073, AUROC: 0.56504, AUPRC: 0.55878
Test results --- Loss: 2.20762, Accuracy: 0.57897, Precision: 0.58013, Recall: 0.57931 F1: 0.57802, AUROC: 0.61133, AUPRC: 0.59467
Metric score decreased (-0.556771 --> -0.560733).  Saving model ...

Updating learning rate to 0.0013090169943749475
Epoch: 41 cost time: 5.556253433227539
Epoch: 41, Steps: 27, | Train Loss: 0.05627
Validation results --- Loss: 2.42707, Accuracy: 0.55990, Precision: 0.56025, Recall: 0.56002, F1: 0.55953, AUROC: 0.56939, AUPRC: 0.56660
Test results --- Loss: 2.28712, Accuracy: 0.57369, Precision: 0.57467, Recall: 0.57401 F1: 0.57286, AUROC: 0.61562, AUPRC: 0.60006
EarlyStopping counter: 1 out of 20
Updating learning rate to 0.0012789911060392294
Epoch: 42 cost time: 5.561031818389893
Epoch: 42, Steps: 27, | Train Loss: 0.05252
Validation results --- Loss: 2.58693, Accuracy: 0.55000, Precision: 0.55213, Recall: 0.55038, F1: 0.54636, AUROC: 0.56403, AUPRC: 0.55839
Test results --- Loss: 2.51827, Accuracy: 0.58161, Precision: 0.58650, Recall: 0.58234 F1: 0.57681, AUROC: 0.61661, AUPRC: 0.59725
EarlyStopping counter: 2 out of 20
Updating learning rate to 0.0012486898871648551
Epoch: 43 cost time: 5.572871685028076
Epoch: 43, Steps: 27, | Train Loss: 0.03711
Validation results --- Loss: 2.68562, Accuracy: 0.55052, Precision: 0.55068, Recall: 0.55035, F1: 0.54972, AUROC: 0.56647, AUPRC: 0.56356
Test results --- Loss: 2.52801, Accuracy: 0.57501, Precision: 0.57507, Recall: 0.57506 F1: 0.57501, AUROC: 0.61499, AUPRC: 0.59940
EarlyStopping counter: 3 out of 20
Updating learning rate to 0.0012181432413965428
Epoch: 44 cost time: 5.55665922164917
Epoch: 44, Steps: 27, | Train Loss: 0.03181
Validation results --- Loss: 2.77311, Accuracy: 0.56406, Precision: 0.56413, Recall: 0.56410, F1: 0.56404, AUROC: 0.57218, AUPRC: 0.56403
Test results --- Loss: 2.69802, Accuracy: 0.57721, Precision: 0.57795, Recall: 0.57747 F1: 0.57666, AUROC: 0.61103, AUPRC: 0.59554
Metric score decreased (-0.560733 --> -0.564036).  Saving model ...

Updating learning rate to 0.0011873813145857248
Epoch: 45 cost time: 5.55753755569458
Epoch: 45, Steps: 27, | Train Loss: 0.05082
Validation results --- Loss: 2.80021, Accuracy: 0.55521, Precision: 0.55552, Recall: 0.55533, F1: 0.55488, AUROC: 0.56763, AUPRC: 0.56350
Test results --- Loss: 2.79127, Accuracy: 0.58073, Precision: 0.58174, Recall: 0.58104 F1: 0.57995, AUROC: 0.61455, AUPRC: 0.59530
EarlyStopping counter: 1 out of 20
Updating learning rate to 0.001156434465040231
Epoch: 46 cost time: 5.549911260604858
Epoch: 46, Steps: 27, | Train Loss: 0.04516
Validation results --- Loss: 2.78061, Accuracy: 0.56458, Precision: 0.56464, Recall: 0.56448, F1: 0.56426, AUROC: 0.57077, AUPRC: 0.56465
Test results --- Loss: 2.70275, Accuracy: 0.59085, Precision: 0.59083, Recall: 0.59083 F1: 0.59083, AUROC: 0.61945, AUPRC: 0.59963
Metric score decreased (-0.564036 --> -0.564264).  Saving model ...

Updating learning rate to 0.0011253332335643042
Epoch: 47 cost time: 5.569617748260498
Epoch: 47, Steps: 27, | Train Loss: 0.03796
Validation results --- Loss: 2.81340, Accuracy: 0.56458, Precision: 0.56458, Recall: 0.56452, F1: 0.56446, AUROC: 0.57255, AUPRC: 0.56771
Test results --- Loss: 2.79554, Accuracy: 0.58205, Precision: 0.58213, Recall: 0.58211 F1: 0.58204, AUROC: 0.61064, AUPRC: 0.59332
Metric score decreased (-0.564264 --> -0.564462).  Saving model ...

Updating learning rate to 0.0010941083133185145
Epoch: 48 cost time: 5.533899307250977
Epoch: 48, Steps: 27, | Train Loss: 0.02852
Validation results --- Loss: 2.96209, Accuracy: 0.55156, Precision: 0.55188, Recall: 0.55135, F1: 0.55032, AUROC: 0.56535, AUPRC: 0.55854
Test results --- Loss: 2.83832, Accuracy: 0.57677, Precision: 0.57681, Recall: 0.57660 F1: 0.57640, AUROC: 0.61089, AUPRC: 0.59303
EarlyStopping counter: 1 out of 20
Updating learning rate to 0.0010627905195293135
Epoch: 49 cost time: 5.554633378982544
Epoch: 49, Steps: 27, | Train Loss: 0.03486
Validation results --- Loss: 2.96229, Accuracy: 0.55104, Precision: 0.55132, Recall: 0.55116, F1: 0.55074, AUROC: 0.56837, AUPRC: 0.56145
Test results --- Loss: 2.94923, Accuracy: 0.57985, Precision: 0.58089, Recall: 0.58017 F1: 0.57904, AUROC: 0.61008, AUPRC: 0.58952
EarlyStopping counter: 2 out of 20
Updating learning rate to 0.0010314107590781282
Epoch: 50 cost time: 5.570085763931274
Epoch: 50, Steps: 27, | Train Loss: 0.01843
Validation results --- Loss: 2.98809, Accuracy: 0.55208, Precision: 0.55214, Recall: 0.55196, F1: 0.55165, AUROC: 0.57020, AUPRC: 0.56417
Test results --- Loss: 2.88107, Accuracy: 0.57721, Precision: 0.57721, Recall: 0.57721 F1: 0.57721, AUROC: 0.61480, AUPRC: 0.59827
EarlyStopping counter: 3 out of 20
Updating learning rate to 0.001
Epoch: 51 cost time: 5.57248330116272
Epoch: 51, Steps: 27, | Train Loss: 0.01969
Validation results --- Loss: 3.06830, Accuracy: 0.54948, Precision: 0.54949, Recall: 0.54939, F1: 0.54921, AUROC: 0.56693, AUPRC: 0.56173
Test results --- Loss: 2.92807, Accuracy: 0.57677, Precision: 0.57686, Recall: 0.57683 F1: 0.57676, AUROC: 0.61510, AUPRC: 0.59834
EarlyStopping counter: 4 out of 20
Updating learning rate to 0.0009685892409218717
Epoch: 52 cost time: 5.56861686706543
Epoch: 52, Steps: 27, | Train Loss: 0.01973
Validation results --- Loss: 3.16502, Accuracy: 0.54479, Precision: 0.54555, Recall: 0.54502, F1: 0.54355, AUROC: 0.56187, AUPRC: 0.55856
Test results --- Loss: 3.05858, Accuracy: 0.57017, Precision: 0.57181, Recall: 0.57060 F1: 0.56853, AUROC: 0.61661, AUPRC: 0.59862
EarlyStopping counter: 5 out of 20
Updating learning rate to 0.0009372094804706866
Epoch: 53 cost time: 5.5699379444122314
Epoch: 53, Steps: 27, | Train Loss: 0.01766
Validation results --- Loss: 3.20970, Accuracy: 0.53854, Precision: 0.53863, Recall: 0.53837, F1: 0.53770, AUROC: 0.56446, AUPRC: 0.56149
Test results --- Loss: 3.09507, Accuracy: 0.57897, Precision: 0.57897, Recall: 0.57884 F1: 0.57873, AUROC: 0.60994, AUPRC: 0.59195
EarlyStopping counter: 6 out of 20
Updating learning rate to 0.0009058916866814857
Epoch: 54 cost time: 5.54384708404541
Epoch: 54, Steps: 27, | Train Loss: 0.01573
Validation results --- Loss: 3.28270, Accuracy: 0.55469, Precision: 0.55467, Recall: 0.55463, F1: 0.55457, AUROC: 0.56915, AUPRC: 0.56629
Test results --- Loss: 3.13345, Accuracy: 0.57809, Precision: 0.57840, Recall: 0.57824 F1: 0.57793, AUROC: 0.62014, AUPRC: 0.60337
EarlyStopping counter: 7 out of 20
Updating learning rate to 0.0008746667664356957
Epoch: 55 cost time: 5.566107273101807
Epoch: 55, Steps: 27, | Train Loss: 0.02909
Validation results --- Loss: 3.29609, Accuracy: 0.54479, Precision: 0.54486, Recall: 0.54465, F1: 0.54419, AUROC: 0.55859, AUPRC: 0.55422
Test results --- Loss: 3.07577, Accuracy: 0.58821, Precision: 0.58821, Recall: 0.58821 F1: 0.58820, AUROC: 0.61202, AUPRC: 0.59421
EarlyStopping counter: 8 out of 20
Updating learning rate to 0.000843565534959769
Epoch: 56 cost time: 5.549441576004028
Epoch: 56, Steps: 27, | Train Loss: 0.02891
Validation results --- Loss: 3.24877, Accuracy: 0.54635, Precision: 0.54660, Recall: 0.54647, F1: 0.54608, AUROC: 0.56659, AUPRC: 0.56243
Test results --- Loss: 3.11136, Accuracy: 0.58469, Precision: 0.58633, Recall: 0.58509 F1: 0.58335, AUROC: 0.61899, AUPRC: 0.60144
EarlyStopping counter: 9 out of 20
Updating learning rate to 0.0008126186854142752
Epoch: 57 cost time: 5.542757272720337
Epoch: 57, Steps: 27, | Train Loss: 0.02412
Validation results --- Loss: 3.24369, Accuracy: 0.54792, Precision: 0.54796, Recall: 0.54795, F1: 0.54790, AUROC: 0.56731, AUPRC: 0.56440
Test results --- Loss: 3.08373, Accuracy: 0.59217, Precision: 0.59307, Recall: 0.59244 F1: 0.59158, AUROC: 0.62339, AUPRC: 0.60496
EarlyStopping counter: 10 out of 20
Updating learning rate to 0.0007818567586034578
Epoch: 58 cost time: 5.532588958740234
Epoch: 58, Steps: 27, | Train Loss: 0.02109
Validation results --- Loss: 3.22835, Accuracy: 0.55417, Precision: 0.55415, Recall: 0.55411, F1: 0.55406, AUROC: 0.56615, AUPRC: 0.56323
Test results --- Loss: 3.14142, Accuracy: 0.59041, Precision: 0.59100, Recall: 0.59063 F1: 0.59006, AUROC: 0.61664, AUPRC: 0.59856
EarlyStopping counter: 11 out of 20
Updating learning rate to 0.0007513101128351453
Epoch: 59 cost time: 5.548741102218628
Epoch: 59, Steps: 27, | Train Loss: 0.01397
Validation results --- Loss: 3.27237, Accuracy: 0.54479, Precision: 0.54479, Recall: 0.54479, F1: 0.54479, AUROC: 0.56568, AUPRC: 0.56290
Test results --- Loss: 3.12797, Accuracy: 0.58293, Precision: 0.58372, Recall: 0.58320 F1: 0.58237, AUROC: 0.61890, AUPRC: 0.60098
EarlyStopping counter: 12 out of 20
Updating learning rate to 0.0007210088939607708
Epoch: 60 cost time: 5.53099799156189
Epoch: 60, Steps: 27, | Train Loss: 0.01373
Validation results --- Loss: 3.31329, Accuracy: 0.55260, Precision: 0.55264, Recall: 0.55263, F1: 0.55259, AUROC: 0.56665, AUPRC: 0.56389
Test results --- Loss: 3.16322, Accuracy: 0.59173, Precision: 0.59264, Recall: 0.59201 F1: 0.59113, AUROC: 0.62092, AUPRC: 0.60398
EarlyStopping counter: 13 out of 20
Updating learning rate to 0.0006909830056250527
Epoch: 61 cost time: 5.565001964569092
Epoch: 61, Steps: 27, | Train Loss: 0.02026
Validation results --- Loss: 3.34101, Accuracy: 0.55833, Precision: 0.55839, Recall: 0.55822, F1: 0.55796, AUROC: 0.57045, AUPRC: 0.56387
Test results --- Loss: 3.22607, Accuracy: 0.57853, Precision: 0.57862, Recall: 0.57859 F1: 0.57852, AUROC: 0.61664, AUPRC: 0.59894
EarlyStopping counter: 14 out of 20
Updating learning rate to 0.0006612620797547086
Epoch: 62 cost time: 5.538756370544434
Epoch: 62, Steps: 27, | Train Loss: 0.02131
Validation results --- Loss: 3.36330, Accuracy: 0.55677, Precision: 0.55717, Recall: 0.55691, F1: 0.55632, AUROC: 0.56546, AUPRC: 0.56127
Test results --- Loss: 3.22783, Accuracy: 0.58733, Precision: 0.58919, Recall: 0.58775 F1: 0.58582, AUROC: 0.62280, AUPRC: 0.60313
EarlyStopping counter: 15 out of 20
Updating learning rate to 0.0006318754473153221
Epoch: 63 cost time: 5.527799844741821
Epoch: 63, Steps: 27, | Train Loss: 0.01359
Validation results --- Loss: 3.40757, Accuracy: 0.54792, Precision: 0.54790, Recall: 0.54788, F1: 0.54787, AUROC: 0.56360, AUPRC: 0.55966
Test results --- Loss: 3.16854, Accuracy: 0.59261, Precision: 0.59274, Recall: 0.59269 F1: 0.59258, AUROC: 0.62590, AUPRC: 0.60704
EarlyStopping counter: 16 out of 20
Updating learning rate to 0.0006028521093652195
Epoch: 64 cost time: 5.552816390991211
Epoch: 64, Steps: 27, | Train Loss: 0.00974
Validation results --- Loss: 3.45922, Accuracy: 0.55104, Precision: 0.55103, Recall: 0.55102, F1: 0.55102, AUROC: 0.56509, AUPRC: 0.55982
Test results --- Loss: 3.19512, Accuracy: 0.58909, Precision: 0.58926, Recall: 0.58919 F1: 0.58904, AUROC: 0.62739, AUPRC: 0.60945
EarlyStopping counter: 17 out of 20
Updating learning rate to 0.0005742207084349273
Epoch: 65 cost time: 5.542083501815796
Epoch: 65, Steps: 27, | Train Loss: 0.00981
Validation results --- Loss: 3.50218, Accuracy: 0.55156, Precision: 0.55160, Recall: 0.55145, F1: 0.55117, AUROC: 0.56413, AUPRC: 0.55901
Test results --- Loss: 3.26417, Accuracy: 0.58997, Precision: 0.58997, Recall: 0.58997 F1: 0.58996, AUROC: 0.62258, AUPRC: 0.60310
EarlyStopping counter: 18 out of 20
Updating learning rate to 0.0005460095002604533
Epoch: 66 cost time: 5.5455780029296875
Epoch: 66, Steps: 27, | Train Loss: 0.00928
Validation results --- Loss: 3.51325, Accuracy: 0.54375, Precision: 0.54373, Recall: 0.54369, F1: 0.54361, AUROC: 0.56336, AUPRC: 0.55923
Test results --- Loss: 3.29618, Accuracy: 0.59657, Precision: 0.59672, Recall: 0.59666 F1: 0.59653, AUROC: 0.62317, AUPRC: 0.60345
EarlyStopping counter: 19 out of 20
Updating learning rate to 0.0005182463258982846
Epoch: 67 cost time: 5.557254791259766
Epoch: 67, Steps: 27, | Train Loss: 0.00824
Validation results --- Loss: 3.55514, Accuracy: 0.54635, Precision: 0.54633, Recall: 0.54630, F1: 0.54624, AUROC: 0.56493, AUPRC: 0.56007
Test results --- Loss: 3.31447, Accuracy: 0.59173, Precision: 0.59183, Recall: 0.59180 F1: 0.59171, AUROC: 0.62701, AUPRC: 0.60875
EarlyStopping counter: 20 out of 20
Early stopping
>>>>>>>testing : eeg_mixer_v4_outAttentionPoolingFusion_SHU_seed_44_dm_128_dp_0.1_tl_4_bs_128_lr0.002_aug_none_pl_80_cb32_kb16_tb16_pe128_ps20_ca0_cp1_gitbb97162_20260503_183049<<<<<<<<<<<<<<<<<<<<<<<<<<<<<<<<<
Validation results --- Loss: 2.81340, Accuracy: 0.56458, Precision: 0.56458, Recall: 0.56452, F1: 0.56446, AUROC: 0.57255, AUPRC: 0.56771
Test results --- Loss: 2.79554, Accuracy: 0.58205, Precision: 0.58213, Recall: 0.58211, F1: 0.58204, AUROC: 0.61064, AUPRC: 0.59332

Validation results --- Loss: 2.81340, Accuracy: 0.56458, Precision: 0.56458, Recall: 0.56452, F1: 0.56446, AUROC: 0.57255, AUPRC: 0.56771
Test results --- Loss: 2.79554, Accuracy: 0.58205, Precision: 0.58213, Recall: 0.58211, F1: 0.58204, AUROC: 0.61064, AUPRC: 0.59332

[result] Saved experiment record to: results/runs/3635087_SHU_eeg_mixer_v4_outAttentionPoolingFusion_seed44.yaml
Use GPU (single): visible=0 -> cuda:0
================================================================================
[Model] eeg_mixer_v4_outAttentionPoolingFusion
[Model Params] Total: 301,722 (0.302 M)
[Model Params] Trainable: 301,722 (0.302 M)
[Model Params] Non-trainable: 0 (0.000 M)
[Model Size] Parameters: 1.15 MB
[Model Size] Buffers: 0.00 MB
[Model Size] Total estimated: 1.15 MB
================================================================================
>>>>>>>start training : eeg_mixer_v4_outAttentionPoolingFusion_SHU_seed_45_dm_128_dp_0.1_tl_4_bs_128_lr0.002_aug_none_pl_80_cb32_kb16_tb16_pe128_ps20_ca0_cp1_gitbb97162_20260503_184038>>>>>>>>>>>>>>>>>>>>>>>>>>
(3378, 800, 32)
(3378,)
(1920, 800, 32)
(1920,)
(2273, 800, 32)
(2273,)
Epoch: 1 cost time: 5.588675022125244
Epoch: 1, Steps: 27, | Train Loss: 0.92035
Validation results --- Loss: 0.69355, Accuracy: 0.49792, Precision: 0.24896, Recall: 0.50000, F1: 0.33241, AUROC: 0.52004, AUPRC: 0.51606
Test results --- Loss: 0.69356, Accuracy: 0.49670, Precision: 0.24835, Recall: 0.50000 F1: 0.33186, AUROC: 0.52226, AUPRC: 0.52480
Metric score decreased (inf --> -0.332406).  Saving model ...

Updating learning rate to 0.0019995065603657315
Epoch: 2 cost time: 5.567922115325928
Epoch: 2, Steps: 27, | Train Loss: 0.69390
Validation results --- Loss: 0.69644, Accuracy: 0.49792, Precision: 0.24896, Recall: 0.50000, F1: 0.33241, AUROC: 0.52924, AUPRC: 0.52752
Test results --- Loss: 0.69599, Accuracy: 0.49670, Precision: 0.24835, Recall: 0.50000 F1: 0.33186, AUROC: 0.57300, AUPRC: 0.56515
EarlyStopping counter: 1 out of 20
Updating learning rate to 0.0019980267284282717
Epoch: 3 cost time: 5.530718088150024
Epoch: 3, Steps: 27, | Train Loss: 0.69191
Validation results --- Loss: 0.69358, Accuracy: 0.50885, Precision: 0.62382, Recall: 0.51084, F1: 0.36535, AUROC: 0.54890, AUPRC: 0.54625
Test results --- Loss: 0.68949, Accuracy: 0.51210, Precision: 0.66135, Recall: 0.51524 F1: 0.37186, AUROC: 0.62509, AUPRC: 0.61493
Metric score decreased (-0.332406 --> -0.365346).  Saving model ...

Updating learning rate to 0.00199556196460308
Epoch: 4 cost time: 5.547534465789795
Epoch: 4, Steps: 27, | Train Loss: 0.68324
Validation results --- Loss: 0.68581, Accuracy: 0.54792, Precision: 0.55584, Recall: 0.54709, F1: 0.52908, AUROC: 0.57261, AUPRC: 0.57042
Test results --- Loss: 0.65715, Accuracy: 0.60757, Precision: 0.61424, Recall: 0.60673 F1: 0.60066, AUROC: 0.66479, AUPRC: 0.66499
Metric score decreased (-0.365346 --> -0.529080).  Saving model ...

Updating learning rate to 0.001992114701314478
Epoch: 5 cost time: 5.534417152404785
Epoch: 5, Steps: 27, | Train Loss: 0.65248
Validation results --- Loss: 0.68108, Accuracy: 0.56094, Precision: 0.56415, Recall: 0.56044, F1: 0.55426, AUROC: 0.60035, AUPRC: 0.59637
Test results --- Loss: 0.61800, Accuracy: 0.63220, Precision: 0.63657, Recall: 0.63158 F1: 0.62856, AUROC: 0.70377, AUPRC: 0.71483
Metric score decreased (-0.529080 --> -0.554260).  Saving model ...

Updating learning rate to 0.0019876883405951376
Epoch: 6 cost time: 5.553574800491333
Epoch: 6, Steps: 27, | Train Loss: 0.61740
Validation results --- Loss: 0.70709, Accuracy: 0.57396, Precision: 0.57499, Recall: 0.57418, F1: 0.57289, AUROC: 0.59637, AUPRC: 0.59385
Test results --- Loss: 0.62832, Accuracy: 0.62604, Precision: 0.63026, Recall: 0.62660 F1: 0.62361, AUROC: 0.70065, AUPRC: 0.70857
Metric score decreased (-0.554260 --> -0.572891).  Saving model ...

Updating learning rate to 0.001982287250728689
Epoch: 7 cost time: 5.556745529174805
Epoch: 7, Steps: 27, | Train Loss: 0.59848
Validation results --- Loss: 0.72562, Accuracy: 0.53958, Precision: 0.54782, Recall: 0.54040, F1: 0.52142, AUROC: 0.57359, AUPRC: 0.58165
Test results --- Loss: 0.63779, Accuracy: 0.62033, Precision: 0.64093, Recall: 0.62155 F1: 0.60730, AUROC: 0.70012, AUPRC: 0.70826
EarlyStopping counter: 1 out of 20
Updating learning rate to 0.0019759167619387476
Epoch: 8 cost time: 5.540381669998169
Epoch: 8, Steps: 27, | Train Loss: 0.57800
Validation results --- Loss: 0.75196, Accuracy: 0.55000, Precision: 0.55376, Recall: 0.55051, F1: 0.54333, AUROC: 0.58577, AUPRC: 0.59088
Test results --- Loss: 0.64795, Accuracy: 0.62385, Precision: 0.63445, Recall: 0.62474 F1: 0.61727, AUROC: 0.70690, AUPRC: 0.71329
EarlyStopping counter: 2 out of 20
Updating learning rate to 0.001968583161128631
Epoch: 9 cost time: 5.536242246627808
Epoch: 9, Steps: 27, | Train Loss: 0.54556
Validation results --- Loss: 0.78159, Accuracy: 0.54115, Precision: 0.54176, Recall: 0.54084, F1: 0.53844, AUROC: 0.57514, AUPRC: 0.57914
Test results --- Loss: 0.64727, Accuracy: 0.63044, Precision: 0.63045, Recall: 0.63036 F1: 0.63035, AUROC: 0.69639, AUPRC: 0.70422
EarlyStopping counter: 3 out of 20
Updating learning rate to 0.0019602936856769433
Epoch: 10 cost time: 5.560728549957275
Epoch: 10, Steps: 27, | Train Loss: 0.51979
Validation results --- Loss: 0.84196, Accuracy: 0.55312, Precision: 0.56070, Recall: 0.55235, F1: 0.53684, AUROC: 0.56858, AUPRC: 0.57718
Test results --- Loss: 0.70055, Accuracy: 0.63088, Precision: 0.63952, Recall: 0.63003 F1: 0.62416, AUROC: 0.69234, AUPRC: 0.69964
EarlyStopping counter: 4 out of 20
Updating learning rate to 0.0019510565162951536
Epoch: 11 cost time: 5.5654826164245605
Epoch: 11, Steps: 27, | Train Loss: 0.49787
Validation results --- Loss: 0.98407, Accuracy: 0.52760, Precision: 0.53688, Recall: 0.52859, F1: 0.50002, AUROC: 0.55722, AUPRC: 0.56209
Test results --- Loss: 0.82469, Accuracy: 0.61153, Precision: 0.64259, Recall: 0.61303 F1: 0.59093, AUROC: 0.68094, AUPRC: 0.68310
EarlyStopping counter: 5 out of 20
Updating learning rate to 0.0019408807689542257
Epoch: 12 cost time: 5.526966571807861
Epoch: 12, Steps: 27, | Train Loss: 0.49738
Validation results --- Loss: 0.74593, Accuracy: 0.53490, Precision: 0.53606, Recall: 0.53522, F1: 0.53230, AUROC: 0.55961, AUPRC: 0.55740
Test results --- Loss: 0.66537, Accuracy: 0.60845, Precision: 0.61172, Recall: 0.60897 F1: 0.60622, AUROC: 0.66992, AUPRC: 0.66676
EarlyStopping counter: 6 out of 20
Updating learning rate to 0.0019297764858882513
Epoch: 13 cost time: 5.5723607540130615
Epoch: 13, Steps: 27, | Train Loss: 0.44432
Validation results --- Loss: 0.87386, Accuracy: 0.55365, Precision: 0.55474, Recall: 0.55331, F1: 0.55056, AUROC: 0.57178, AUPRC: 0.57316
Test results --- Loss: 0.75458, Accuracy: 0.61549, Precision: 0.61723, Recall: 0.61504 F1: 0.61350, AUROC: 0.67080, AUPRC: 0.66316
EarlyStopping counter: 7 out of 20
Updating learning rate to 0.001917754625683981
Epoch: 14 cost time: 5.5590643882751465
Epoch: 14, Steps: 27, | Train Loss: 0.39948
Validation results --- Loss: 0.88745, Accuracy: 0.55729, Precision: 0.55728, Recall: 0.55724, F1: 0.55718, AUROC: 0.57523, AUPRC: 0.57183
Test results --- Loss: 0.76348, Accuracy: 0.62077, Precision: 0.62075, Recall: 0.62075 F1: 0.62075, AUROC: 0.68200, AUPRC: 0.67714
EarlyStopping counter: 8 out of 20
Updating learning rate to 0.0019048270524660196
Epoch: 15 cost time: 5.557599067687988
Epoch: 15, Steps: 27, | Train Loss: 0.38171
Validation results --- Loss: 1.06149, Accuracy: 0.53854, Precision: 0.53853, Recall: 0.53844, F1: 0.53820, AUROC: 0.55849, AUPRC: 0.56438
Test results --- Loss: 0.92763, Accuracy: 0.60317, Precision: 0.60353, Recall: 0.60292 F1: 0.60247, AUROC: 0.65044, AUPRC: 0.64189
EarlyStopping counter: 9 out of 20
Updating learning rate to 0.0018910065241883678
Epoch: 16 cost time: 5.546775579452515
Epoch: 16, Steps: 27, | Train Loss: 0.33972
Validation results --- Loss: 0.96820, Accuracy: 0.53594, Precision: 0.53666, Recall: 0.53558, F1: 0.53231, AUROC: 0.55812, AUPRC: 0.55922
Test results --- Loss: 0.83642, Accuracy: 0.61505, Precision: 0.61873, Recall: 0.61442 F1: 0.61127, AUROC: 0.66646, AUPRC: 0.65864
EarlyStopping counter: 10 out of 20
Updating learning rate to 0.0018763066800438636
Epoch: 17 cost time: 5.559115886688232
Epoch: 17, Steps: 27, | Train Loss: 0.34090
Validation results --- Loss: 1.13346, Accuracy: 0.52396, Precision: 0.52393, Recall: 0.52393, F1: 0.52392, AUROC: 0.55381, AUPRC: 0.56030
Test results --- Loss: 0.98779, Accuracy: 0.61197, Precision: 0.61217, Recall: 0.61178 F1: 0.61154, AUROC: 0.65280, AUPRC: 0.64126
EarlyStopping counter: 11 out of 20
Updating learning rate to 0.0018607420270039437
Epoch: 18 cost time: 5.541098594665527
Epoch: 18, Steps: 27, | Train Loss: 0.27562
Validation results --- Loss: 1.24677, Accuracy: 0.53594, Precision: 0.53595, Recall: 0.53595, F1: 0.53594, AUROC: 0.56027, AUPRC: 0.55968
Test results --- Loss: 1.10054, Accuracy: 0.60229, Precision: 0.60226, Recall: 0.60226 F1: 0.60226, AUROC: 0.64299, AUPRC: 0.63079
EarlyStopping counter: 12 out of 20
Updating learning rate to 0.001844327925502015
Epoch: 19 cost time: 5.52887225151062
Epoch: 19, Steps: 27, | Train Loss: 0.28510
Validation results --- Loss: 1.27270, Accuracy: 0.53438, Precision: 0.53447, Recall: 0.53444, F1: 0.53429, AUROC: 0.55307, AUPRC: 0.55320
Test results --- Loss: 1.10260, Accuracy: 0.59965, Precision: 0.59972, Recall: 0.59970 F1: 0.59964, AUROC: 0.63872, AUPRC: 0.63092
EarlyStopping counter: 13 out of 20
Updating learning rate to 0.0018270805742745617
Epoch: 20 cost time: 5.551471710205078
Epoch: 20, Steps: 27, | Train Loss: 0.21642
Validation results --- Loss: 1.36672, Accuracy: 0.52552, Precision: 0.52611, Recall: 0.52576, F1: 0.52404, AUROC: 0.55531, AUPRC: 0.55130
Test results --- Loss: 1.21233, Accuracy: 0.59085, Precision: 0.59084, Recall: 0.59084 F1: 0.59084, AUROC: 0.62175, AUPRC: 0.61201
EarlyStopping counter: 14 out of 20
Updating learning rate to 0.0018090169943749475
Epoch: 21 cost time: 5.542783975601196
Epoch: 21, Steps: 27, | Train Loss: 0.24258
Validation results --- Loss: 1.56929, Accuracy: 0.54063, Precision: 0.54185, Recall: 0.54093, F1: 0.53824, AUROC: 0.55617, AUPRC: 0.55875
Test results --- Loss: 1.32065, Accuracy: 0.60361, Precision: 0.60412, Recall: 0.60380 F1: 0.60337, AUROC: 0.64348, AUPRC: 0.63495
EarlyStopping counter: 15 out of 20
Updating learning rate to 0.0017901550123756904
Epoch: 22 cost time: 5.526009798049927
Epoch: 22, Steps: 27, | Train Loss: 0.21035
Validation results --- Loss: 1.48397, Accuracy: 0.54063, Precision: 0.54069, Recall: 0.54067, F1: 0.54058, AUROC: 0.55478, AUPRC: 0.55603
Test results --- Loss: 1.32313, Accuracy: 0.58953, Precision: 0.58959, Recall: 0.58937 F1: 0.58920, AUROC: 0.63230, AUPRC: 0.62746
EarlyStopping counter: 16 out of 20
Updating learning rate to 0.0017705132427757893
Epoch: 23 cost time: 5.550512313842773
Epoch: 23, Steps: 27, | Train Loss: 0.20619
Validation results --- Loss: 1.53944, Accuracy: 0.55365, Precision: 0.55382, Recall: 0.55373, F1: 0.55350, AUROC: 0.56082, AUPRC: 0.55173
Test results --- Loss: 1.40609, Accuracy: 0.59041, Precision: 0.59100, Recall: 0.59008 F1: 0.58923, AUROC: 0.62671, AUPRC: 0.62044
EarlyStopping counter: 17 out of 20
Updating learning rate to 0.0017501110696304595
Epoch: 24 cost time: 5.558223009109497
Epoch: 24, Steps: 27, | Train Loss: 0.13721
Validation results --- Loss: 1.93711, Accuracy: 0.52812, Precision: 0.52836, Recall: 0.52784, F1: 0.52582, AUROC: 0.54400, AUPRC: 0.54252
Test results --- Loss: 1.65128, Accuracy: 0.60625, Precision: 0.60881, Recall: 0.60569 F1: 0.60317, AUROC: 0.63976, AUPRC: 0.63428
EarlyStopping counter: 18 out of 20
Updating learning rate to 0.0017289686274214115
Epoch: 25 cost time: 5.559170961380005
Epoch: 25, Steps: 27, | Train Loss: 0.16993
Validation results --- Loss: 1.64274, Accuracy: 0.54375, Precision: 0.54426, Recall: 0.54347, F1: 0.54158, AUROC: 0.56537, AUPRC: 0.56485
Test results --- Loss: 1.46679, Accuracy: 0.59965, Precision: 0.60151, Recall: 0.59915 F1: 0.59709, AUROC: 0.64997, AUPRC: 0.64525
EarlyStopping counter: 19 out of 20
Updating learning rate to 0.0017071067811865474
Epoch: 26 cost time: 5.565852165222168
Epoch: 26, Steps: 27, | Train Loss: 0.12734
Validation results --- Loss: 1.99005, Accuracy: 0.54115, Precision: 0.54112, Recall: 0.54107, F1: 0.54098, AUROC: 0.55650, AUPRC: 0.55207
Test results --- Loss: 1.71775, Accuracy: 0.59789, Precision: 0.59857, Recall: 0.59756 F1: 0.59671, AUROC: 0.63818, AUPRC: 0.62851
EarlyStopping counter: 20 out of 20
Early stopping
>>>>>>>testing : eeg_mixer_v4_outAttentionPoolingFusion_SHU_seed_45_dm_128_dp_0.1_tl_4_bs_128_lr0.002_aug_none_pl_80_cb32_kb16_tb16_pe128_ps20_ca0_cp1_gitbb97162_20260503_184038<<<<<<<<<<<<<<<<<<<<<<<<<<<<<<<<<
Validation results --- Loss: 0.70709, Accuracy: 0.57396, Precision: 0.57499, Recall: 0.57418, F1: 0.57289, AUROC: 0.59637, AUPRC: 0.59385
Test results --- Loss: 0.62832, Accuracy: 0.62604, Precision: 0.63026, Recall: 0.62660, F1: 0.62361, AUROC: 0.70065, AUPRC: 0.70857

Validation results --- Loss: 0.70709, Accuracy: 0.57396, Precision: 0.57499, Recall: 0.57418, F1: 0.57289, AUROC: 0.59637, AUPRC: 0.59385
Test results --- Loss: 0.62832, Accuracy: 0.62604, Precision: 0.63026, Recall: 0.62660, F1: 0.62361, AUROC: 0.70065, AUPRC: 0.70857

[result] Saved experiment record to: results/runs/3635087_SHU_eeg_mixer_v4_outAttentionPoolingFusion_seed45.yaml
Use GPU (single): visible=0 -> cuda:0
================================================================================
[Model] eeg_mixer_v4_outAttentionPoolingFusion
[Model Params] Total: 301,722 (0.302 M)
[Model Params] Trainable: 301,722 (0.302 M)
[Model Params] Non-trainable: 0 (0.000 M)
[Model Size] Parameters: 1.15 MB
[Model Size] Buffers: 0.00 MB
[Model Size] Total estimated: 1.15 MB
================================================================================
>>>>>>>start training : eeg_mixer_v4_outAttentionPoolingFusion_SHU_seed_46_dm_128_dp_0.1_tl_4_bs_128_lr0.002_aug_none_pl_80_cb32_kb16_tb16_pe128_ps20_ca0_cp1_gitbb97162_20260503_184437>>>>>>>>>>>>>>>>>>>>>>>>>>
(3378, 800, 32)
(3378,)
(1920, 800, 32)
(1920,)
(2273, 800, 32)
(2273,)
Epoch: 1 cost time: 5.596027374267578
Epoch: 1, Steps: 27, | Train Loss: 0.93567
Validation results --- Loss: 0.70760, Accuracy: 0.50208, Precision: 0.25104, Recall: 0.50000, F1: 0.33426, AUROC: 0.47999, AUPRC: 0.48484
Test results --- Loss: 0.70767, Accuracy: 0.50330, Precision: 0.25165, Recall: 0.50000 F1: 0.33480, AUROC: 0.48365, AUPRC: 0.49504
Metric score decreased (inf --> -0.334258).  Saving model ...

Updating learning rate to 0.0019995065603657315
Epoch: 2 cost time: 5.536313772201538
Epoch: 2, Steps: 27, | Train Loss: 0.69580
Validation results --- Loss: 0.69442, Accuracy: 0.49792, Precision: 0.24896, Recall: 0.50000, F1: 0.33241, AUROC: 0.49026, AUPRC: 0.49761
Test results --- Loss: 0.69424, Accuracy: 0.49670, Precision: 0.24835, Recall: 0.50000 F1: 0.33186, AUROC: 0.49422, AUPRC: 0.50586
EarlyStopping counter: 1 out of 20
Updating learning rate to 0.0019980267284282717
Epoch: 3 cost time: 5.521949529647827
Epoch: 3, Steps: 27, | Train Loss: 0.69251
Validation results --- Loss: 0.70746, Accuracy: 0.49792, Precision: 0.24896, Recall: 0.50000, F1: 0.33241, AUROC: 0.49614, AUPRC: 0.50419
Test results --- Loss: 0.70704, Accuracy: 0.49670, Precision: 0.24835, Recall: 0.50000 F1: 0.33186, AUROC: 0.50703, AUPRC: 0.51615
EarlyStopping counter: 2 out of 20
Updating learning rate to 0.00199556196460308
Epoch: 4 cost time: 5.562646389007568
Epoch: 4, Steps: 27, | Train Loss: 0.69671
Validation results --- Loss: 0.69354, Accuracy: 0.50052, Precision: 0.59576, Recall: 0.50258, F1: 0.34173, AUROC: 0.50550, AUPRC: 0.51153
Test results --- Loss: 0.69302, Accuracy: 0.50418, Precision: 0.63732, Recall: 0.50739 F1: 0.35326, AUROC: 0.52291, AUPRC: 0.53015
Metric score decreased (-0.334258 --> -0.341730).  Saving model ...

Updating learning rate to 0.001992114701314478
Epoch: 5 cost time: 5.553500413894653
Epoch: 5, Steps: 27, | Train Loss: 0.69167
Validation results --- Loss: 0.69309, Accuracy: 0.51250, Precision: 0.57566, Recall: 0.51438, F1: 0.39015, AUROC: 0.52515, AUPRC: 0.52596
Test results --- Loss: 0.69169, Accuracy: 0.52794, Precision: 0.62899, Recall: 0.53082 F1: 0.41906, AUROC: 0.55461, AUPRC: 0.55956
Metric score decreased (-0.341730 --> -0.390145).  Saving model ...

Updating learning rate to 0.0019876883405951376
Epoch: 6 cost time: 5.567331552505493
Epoch: 6, Steps: 27, | Train Loss: 0.69148
Validation results --- Loss: 0.69686, Accuracy: 0.50781, Precision: 0.53096, Recall: 0.50594, F1: 0.38174, AUROC: 0.56779, AUPRC: 0.56523
Test results --- Loss: 0.67760, Accuracy: 0.53014, Precision: 0.60864, Recall: 0.52728 F1: 0.41986, AUROC: 0.63932, AUPRC: 0.64271
EarlyStopping counter: 1 out of 20
Updating learning rate to 0.001982287250728689
Epoch: 7 cost time: 5.589735746383667
Epoch: 7, Steps: 27, | Train Loss: 0.65479
Validation results --- Loss: 0.67905, Accuracy: 0.55677, Precision: 0.55741, Recall: 0.55696, F1: 0.55598, AUROC: 0.59966, AUPRC: 0.60262
Test results --- Loss: 0.63281, Accuracy: 0.61945, Precision: 0.61963, Recall: 0.61954 F1: 0.61940, AUROC: 0.68871, AUPRC: 0.69671
Metric score decreased (-0.390145 --> -0.555981).  Saving model ...

Updating learning rate to 0.0019759167619387476
Epoch: 8 cost time: 5.566612720489502
Epoch: 8, Steps: 27, | Train Loss: 0.61834
Validation results --- Loss: 0.75671, Accuracy: 0.54010, Precision: 0.58473, Recall: 0.54159, F1: 0.47392, AUROC: 0.59072, AUPRC: 0.59635
Test results --- Loss: 0.69753, Accuracy: 0.59701, Precision: 0.67231, Recall: 0.59916 F1: 0.55024, AUROC: 0.68445, AUPRC: 0.69253
EarlyStopping counter: 1 out of 20
Updating learning rate to 0.001968583161128631
Epoch: 9 cost time: 5.5465989112854
Epoch: 9, Steps: 27, | Train Loss: 0.60046
Validation results --- Loss: 0.69569, Accuracy: 0.56302, Precision: 0.57062, Recall: 0.56368, F1: 0.55231, AUROC: 0.60327, AUPRC: 0.60634
Test results --- Loss: 0.63166, Accuracy: 0.63396, Precision: 0.64109, Recall: 0.63467 F1: 0.63001, AUROC: 0.69572, AUPRC: 0.70005
EarlyStopping counter: 2 out of 20
Updating learning rate to 0.0019602936856769433
Epoch: 10 cost time: 5.549605369567871
Epoch: 10, Steps: 27, | Train Loss: 0.56170
Validation results --- Loss: 0.70038, Accuracy: 0.56146, Precision: 0.56668, Recall: 0.56201, F1: 0.55389, AUROC: 0.60648, AUPRC: 0.61257
Test results --- Loss: 0.63913, Accuracy: 0.62956, Precision: 0.63938, Recall: 0.63041 F1: 0.62382, AUROC: 0.69710, AUPRC: 0.70150
EarlyStopping counter: 3 out of 20
Updating learning rate to 0.0019510565162951536
Epoch: 11 cost time: 5.535778760910034
Epoch: 11, Steps: 27, | Train Loss: 0.52619
Validation results --- Loss: 0.74129, Accuracy: 0.55208, Precision: 0.55462, Recall: 0.55159, F1: 0.54556, AUROC: 0.58440, AUPRC: 0.59028
Test results --- Loss: 0.68888, Accuracy: 0.60493, Precision: 0.60779, Recall: 0.60434 F1: 0.60149, AUROC: 0.66266, AUPRC: 0.65880
EarlyStopping counter: 4 out of 20
Updating learning rate to 0.0019408807689542257
Epoch: 12 cost time: 5.53610897064209
Epoch: 12, Steps: 27, | Train Loss: 0.51447
Validation results --- Loss: 0.83834, Accuracy: 0.54844, Precision: 0.57097, Recall: 0.54958, F1: 0.51225, AUROC: 0.58763, AUPRC: 0.59404
Test results --- Loss: 0.77131, Accuracy: 0.60537, Precision: 0.63318, Recall: 0.60684 F1: 0.58547, AUROC: 0.66470, AUPRC: 0.66102
EarlyStopping counter: 5 out of 20
Updating learning rate to 0.0019297764858882513
Epoch: 13 cost time: 5.5648112297058105
Epoch: 13, Steps: 27, | Train Loss: 0.51931
Validation results --- Loss: 0.77845, Accuracy: 0.55625, Precision: 0.56460, Recall: 0.55697, F1: 0.54308, AUROC: 0.59223, AUPRC: 0.59999
Test results --- Loss: 0.71555, Accuracy: 0.62209, Precision: 0.63284, Recall: 0.62299 F1: 0.61529, AUROC: 0.67816, AUPRC: 0.67546
EarlyStopping counter: 6 out of 20
Updating learning rate to 0.001917754625683981
Epoch: 14 cost time: 5.538761377334595
Epoch: 14, Steps: 27, | Train Loss: 0.45789
Validation results --- Loss: 0.86029, Accuracy: 0.55365, Precision: 0.56427, Recall: 0.55446, F1: 0.53633, AUROC: 0.58187, AUPRC: 0.58069
Test results --- Loss: 0.80628, Accuracy: 0.60493, Precision: 0.61594, Recall: 0.60590 F1: 0.59658, AUROC: 0.65154, AUPRC: 0.64431
EarlyStopping counter: 7 out of 20
Updating learning rate to 0.0019048270524660196
Epoch: 15 cost time: 5.545083999633789
Epoch: 15, Steps: 27, | Train Loss: 0.44993
Validation results --- Loss: 0.83884, Accuracy: 0.55104, Precision: 0.55199, Recall: 0.55072, F1: 0.54813, AUROC: 0.59068, AUPRC: 0.58770
Test results --- Loss: 0.78671, Accuracy: 0.60053, Precision: 0.60307, Recall: 0.59996 F1: 0.59725, AUROC: 0.66137, AUPRC: 0.65570
EarlyStopping counter: 8 out of 20
Updating learning rate to 0.0018910065241883678
Epoch: 16 cost time: 5.534382343292236
Epoch: 16, Steps: 27, | Train Loss: 0.41025
Validation results --- Loss: 0.89551, Accuracy: 0.57292, Precision: 0.57625, Recall: 0.57333, F1: 0.56896, AUROC: 0.59952, AUPRC: 0.59678
Test results --- Loss: 0.87885, Accuracy: 0.62473, Precision: 0.63083, Recall: 0.62540 F1: 0.62104, AUROC: 0.66229, AUPRC: 0.65257
Metric score decreased (-0.555981 --> -0.568958).  Saving model ...

Updating learning rate to 0.0018763066800438636
Epoch: 17 cost time: 5.569264888763428
Epoch: 17, Steps: 27, | Train Loss: 0.38501
Validation results --- Loss: 1.07158, Accuracy: 0.54896, Precision: 0.55119, Recall: 0.54935, F1: 0.54505, AUROC: 0.58561, AUPRC: 0.58703
Test results --- Loss: 1.04430, Accuracy: 0.61197, Precision: 0.61547, Recall: 0.61250 F1: 0.60965, AUROC: 0.65190, AUPRC: 0.64109
EarlyStopping counter: 1 out of 20
Updating learning rate to 0.0018607420270039437
Epoch: 18 cost time: 5.5615456104278564
Epoch: 18, Steps: 27, | Train Loss: 0.36854
Validation results --- Loss: 1.00320, Accuracy: 0.54948, Precision: 0.54995, Recall: 0.54964, F1: 0.54886, AUROC: 0.58215, AUPRC: 0.58142
Test results --- Loss: 0.98000, Accuracy: 0.60097, Precision: 0.60183, Recall: 0.60123 F1: 0.60047, AUROC: 0.64628, AUPRC: 0.63047
EarlyStopping counter: 2 out of 20
Updating learning rate to 0.001844327925502015
Epoch: 19 cost time: 5.5750181674957275
Epoch: 19, Steps: 27, | Train Loss: 0.34150
Validation results --- Loss: 1.10533, Accuracy: 0.55990, Precision: 0.56194, Recall: 0.56024, F1: 0.55701, AUROC: 0.58082, AUPRC: 0.57848
Test results --- Loss: 1.02840, Accuracy: 0.61285, Precision: 0.61638, Recall: 0.61338 F1: 0.61054, AUROC: 0.65224, AUPRC: 0.64093
EarlyStopping counter: 3 out of 20
Updating learning rate to 0.0018270805742745617
Epoch: 20 cost time: 5.557683706283569
Epoch: 20, Steps: 27, | Train Loss: 0.34094
Validation results --- Loss: 1.18706, Accuracy: 0.55052, Precision: 0.55091, Recall: 0.55067, F1: 0.55004, AUROC: 0.56210, AUPRC: 0.55680
Test results --- Loss: 1.07349, Accuracy: 0.61021, Precision: 0.61041, Recall: 0.61031 F1: 0.61015, AUROC: 0.64835, AUPRC: 0.63160
EarlyStopping counter: 4 out of 20
Updating learning rate to 0.0018090169943749475
Epoch: 21 cost time: 5.541670560836792
Epoch: 21, Steps: 27, | Train Loss: 0.33158
Validation results --- Loss: 1.09485, Accuracy: 0.54010, Precision: 0.54347, Recall: 0.54064, F1: 0.53274, AUROC: 0.56511, AUPRC: 0.56068
Test results --- Loss: 1.00859, Accuracy: 0.59965, Precision: 0.60421, Recall: 0.60029 F1: 0.59610, AUROC: 0.64657, AUPRC: 0.63124
EarlyStopping counter: 5 out of 20
Updating learning rate to 0.0017901550123756904
Epoch: 22 cost time: 5.582650423049927
Epoch: 22, Steps: 27, | Train Loss: 0.29509
Validation results --- Loss: 1.18755, Accuracy: 0.53906, Precision: 0.53999, Recall: 0.53933, F1: 0.53729, AUROC: 0.56635, AUPRC: 0.55865
Test results --- Loss: 1.12840, Accuracy: 0.60053, Precision: 0.60245, Recall: 0.60093 F1: 0.59920, AUROC: 0.63340, AUPRC: 0.62293
EarlyStopping counter: 6 out of 20
Updating learning rate to 0.0017705132427757893
Epoch: 23 cost time: 5.581381320953369
Epoch: 23, Steps: 27, | Train Loss: 0.27008
Validation results --- Loss: 1.33340, Accuracy: 0.55521, Precision: 0.55561, Recall: 0.55499, F1: 0.55385, AUROC: 0.56991, AUPRC: 0.56574
Test results --- Loss: 1.24323, Accuracy: 0.60625, Precision: 0.60881, Recall: 0.60569 F1: 0.60317, AUROC: 0.65118, AUPRC: 0.63773
EarlyStopping counter: 7 out of 20
Updating learning rate to 0.0017501110696304595
Epoch: 24 cost time: 5.575170993804932
Epoch: 24, Steps: 27, | Train Loss: 0.24739
Validation results --- Loss: 1.31435, Accuracy: 0.55208, Precision: 0.55225, Recall: 0.55217, F1: 0.55194, AUROC: 0.57723, AUPRC: 0.57053
Test results --- Loss: 1.25790, Accuracy: 0.61285, Precision: 0.61327, Recall: 0.61301 F1: 0.61268, AUROC: 0.64368, AUPRC: 0.62895
EarlyStopping counter: 8 out of 20
Updating learning rate to 0.0017289686274214115
Epoch: 25 cost time: 5.5447657108306885
Epoch: 25, Steps: 27, | Train Loss: 0.23325
Validation results --- Loss: 1.39859, Accuracy: 0.55156, Precision: 0.55158, Recall: 0.55146, F1: 0.55125, AUROC: 0.56392, AUPRC: 0.55694
Test results --- Loss: 1.29228, Accuracy: 0.59217, Precision: 0.59270, Recall: 0.59186 F1: 0.59110, AUROC: 0.64161, AUPRC: 0.62681
EarlyStopping counter: 9 out of 20
Updating learning rate to 0.0017071067811865474
Epoch: 26 cost time: 5.558286190032959
Epoch: 26, Steps: 27, | Train Loss: 0.22719
Validation results --- Loss: 1.54411, Accuracy: 0.54896, Precision: 0.54894, Recall: 0.54891, F1: 0.54888, AUROC: 0.56795, AUPRC: 0.55697
Test results --- Loss: 1.36650, Accuracy: 0.61373, Precision: 0.61384, Recall: 0.61357 F1: 0.61343, AUROC: 0.64948, AUPRC: 0.63260
EarlyStopping counter: 10 out of 20
Updating learning rate to 0.0016845471059286888
Epoch: 27 cost time: 5.564052104949951
Epoch: 27, Steps: 27, | Train Loss: 0.19382
Validation results --- Loss: 1.72734, Accuracy: 0.55365, Precision: 0.55503, Recall: 0.55394, F1: 0.55156, AUROC: 0.57125, AUPRC: 0.56086
Test results --- Loss: 1.52064, Accuracy: 0.60889, Precision: 0.60994, Recall: 0.60917 F1: 0.60830, AUROC: 0.64952, AUPRC: 0.63348
EarlyStopping counter: 11 out of 20
Updating learning rate to 0.0016613118653236519
Epoch: 28 cost time: 5.5253520011901855
Epoch: 28, Steps: 27, | Train Loss: 0.19463
Validation results --- Loss: 1.53046, Accuracy: 0.54323, Precision: 0.54345, Recall: 0.54302, F1: 0.54201, AUROC: 0.56356, AUPRC: 0.55691
Test results --- Loss: 1.39620, Accuracy: 0.59833, Precision: 0.59985, Recall: 0.59787 F1: 0.59612, AUROC: 0.63837, AUPRC: 0.61953
EarlyStopping counter: 12 out of 20
Updating learning rate to 0.0016374239897486897
Epoch: 29 cost time: 5.539548397064209
Epoch: 29, Steps: 27, | Train Loss: 0.18409
Validation results --- Loss: 1.72399, Accuracy: 0.53229, Precision: 0.53239, Recall: 0.53236, F1: 0.53221, AUROC: 0.54890, AUPRC: 0.54497
Test results --- Loss: 1.53279, Accuracy: 0.60009, Precision: 0.60009, Recall: 0.60009 F1: 0.60008, AUROC: 0.63087, AUPRC: 0.61316
EarlyStopping counter: 13 out of 20
Updating learning rate to 0.0016129070536529766
Epoch: 30 cost time: 5.546775579452515
Epoch: 30, Steps: 27, | Train Loss: 0.15889
Validation results --- Loss: 1.83749, Accuracy: 0.52760, Precision: 0.52766, Recall: 0.52765, F1: 0.52757, AUROC: 0.55086, AUPRC: 0.54472
Test results --- Loss: 1.62930, Accuracy: 0.60185, Precision: 0.60210, Recall: 0.60197 F1: 0.60176, AUROC: 0.63634, AUPRC: 0.61723
EarlyStopping counter: 14 out of 20
Updating learning rate to 0.0015877852522924731
Epoch: 31 cost time: 5.561518907546997
Epoch: 31, Steps: 27, | Train Loss: 0.14503
Validation results --- Loss: 2.02903, Accuracy: 0.54010, Precision: 0.54013, Recall: 0.53997, F1: 0.53958, AUROC: 0.55655, AUPRC: 0.55331
Test results --- Loss: 1.79057, Accuracy: 0.60801, Precision: 0.60841, Recall: 0.60775 F1: 0.60731, AUROC: 0.64126, AUPRC: 0.61983
EarlyStopping counter: 15 out of 20
Updating learning rate to 0.0015620833778521306
Epoch: 32 cost time: 5.558685064315796
Epoch: 32, Steps: 27, | Train Loss: 0.13333
Validation results --- Loss: 2.07784, Accuracy: 0.53177, Precision: 0.53210, Recall: 0.53148, F1: 0.52937, AUROC: 0.54422, AUPRC: 0.54230
Test results --- Loss: 1.79761, Accuracy: 0.60273, Precision: 0.60407, Recall: 0.60230 F1: 0.60085, AUROC: 0.63308, AUPRC: 0.61749
EarlyStopping counter: 16 out of 20
Updating learning rate to 0.0015358267949789966
Epoch: 33 cost time: 5.551688194274902
Epoch: 33, Steps: 27, | Train Loss: 0.14505
Validation results --- Loss: 1.86732, Accuracy: 0.55000, Precision: 0.55026, Recall: 0.55011, F1: 0.54972, AUROC: 0.56848, AUPRC: 0.55721
Test results --- Loss: 1.71136, Accuracy: 0.60669, Precision: 0.60685, Recall: 0.60678 F1: 0.60665, AUROC: 0.63459, AUPRC: 0.61961
EarlyStopping counter: 17 out of 20
Updating learning rate to 0.0015090414157503714
Epoch: 34 cost time: 5.550077676773071
Epoch: 34, Steps: 27, | Train Loss: 0.11227
Validation results --- Loss: 2.15473, Accuracy: 0.55312, Precision: 0.55374, Recall: 0.55331, F1: 0.55231, AUROC: 0.56982, AUPRC: 0.55829
Test results --- Loss: 1.94249, Accuracy: 0.60229, Precision: 0.60409, Recall: 0.60268 F1: 0.60108, AUROC: 0.64660, AUPRC: 0.63349
EarlyStopping counter: 18 out of 20
Updating learning rate to 0.0014817536741017151
Epoch: 35 cost time: 5.549415111541748
Epoch: 35, Steps: 27, | Train Loss: 0.11657
Validation results --- Loss: 2.10576, Accuracy: 0.53698, Precision: 0.53703, Recall: 0.53683, F1: 0.53627, AUROC: 0.55573, AUPRC: 0.55152
Test results --- Loss: 1.91538, Accuracy: 0.58909, Precision: 0.58918, Recall: 0.58891 F1: 0.58869, AUROC: 0.62655, AUPRC: 0.61104
EarlyStopping counter: 19 out of 20
Updating learning rate to 0.0014539904997395467
Epoch: 36 cost time: 5.559186935424805
Epoch: 36, Steps: 27, | Train Loss: 0.11211
Validation results --- Loss: 2.10285, Accuracy: 0.55000, Precision: 0.54998, Recall: 0.54995, F1: 0.54992, AUROC: 0.56925, AUPRC: 0.56053
Test results --- Loss: 1.90911, Accuracy: 0.60229, Precision: 0.60231, Recall: 0.60231 F1: 0.60229, AUROC: 0.63998, AUPRC: 0.62293
EarlyStopping counter: 20 out of 20
Early stopping
>>>>>>>testing : eeg_mixer_v4_outAttentionPoolingFusion_SHU_seed_46_dm_128_dp_0.1_tl_4_bs_128_lr0.002_aug_none_pl_80_cb32_kb16_tb16_pe128_ps20_ca0_cp1_gitbb97162_20260503_184437<<<<<<<<<<<<<<<<<<<<<<<<<<<<<<<<<
Validation results --- Loss: 0.89551, Accuracy: 0.57292, Precision: 0.57625, Recall: 0.57333, F1: 0.56896, AUROC: 0.59952, AUPRC: 0.59678
Test results --- Loss: 0.87885, Accuracy: 0.62473, Precision: 0.63083, Recall: 0.62540, F1: 0.62104, AUROC: 0.66229, AUPRC: 0.65257

Validation results --- Loss: 0.89551, Accuracy: 0.57292, Precision: 0.57625, Recall: 0.57333, F1: 0.56896, AUROC: 0.59952, AUPRC: 0.59678
Test results --- Loss: 0.87885, Accuracy: 0.62473, Precision: 0.63083, Recall: 0.62540, F1: 0.62104, AUROC: 0.66229, AUPRC: 0.65257

[result] Saved experiment record to: results/runs/3635087_SHU_eeg_mixer_v4_outAttentionPoolingFusion_seed46.yaml
Mean accuracy: 0.5940, precision: 0.5942,recall: 0.5940, f1: 0.5937, AUROC: 0.6352, AUPRC: 0.6318
Std accuracy: 0.0278, precision: 0.0278,recall: 0.0279, f1: 0.0281, AUROC: 0.0416, AUPRC: 0.0497
