[device] set CUDA_VISIBLE_DEVICES=0
[dataset_cfg] AD65 root_path -> /work/bme-shenxk/data/AD65_wsn
[dataset_cfg] applied 33 params for AD65
A total 12 CPUs are used, making sure that num_worker is small than the number of CPUs
Use GPU (single): visible=0 -> cuda:0
================================================================================
[Model] eeg_mixer_v4_outAttentionPoolingFusion
[Model Params] Total: 302,459 (0.302 M)
[Model Params] Trainable: 302,459 (0.302 M)
[Model Params] Non-trainable: 0 (0.000 M)
[Model Size] Parameters: 1.15 MB
[Model Size] Buffers: 0.00 MB
[Model Size] Total estimated: 1.15 MB
================================================================================
>>>>>>>start training : eeg_mixer_v4_outAttentionPoolingFusion_AD65_seed_42_dm_128_dp_0.1_tl_4_bs_128_lr0.002_aug_none_pl_80_cb32_kb16_tb16_pe128_ps20_ca0_cp1_gitd550e0d_20260503_161846>>>>>>>>>>>>>>>>>>>>>>>>>>
(2701, 2000, 19)
(2701,)
(2128, 2000, 19)
(2128,)
(2109, 2000, 19)
(2109,)
Epoch: 1 cost time: 6.266850471496582
Epoch: 1, Steps: 22, | Train Loss: 1.31888
Validation results --- Loss: 1.09283, Accuracy: 0.29652, Precision: 0.09884, Recall: 0.33333, F1: 0.15247, AUROC: 0.54641, AUPRC: 0.36650
Test results --- Loss: 1.08085, Accuracy: 0.34471, Precision: 0.11490, Recall: 0.33333 F1: 0.17090, AUROC: 0.52600, AUPRC: 0.35332
Metric score decreased (inf --> -0.152471).  Saving model ...

Updating learning rate to 0.0019995065603657315
Epoch: 2 cost time: 4.401540517807007
Epoch: 2, Steps: 22, | Train Loss: 1.08495
Validation results --- Loss: 1.10782, Accuracy: 0.29652, Precision: 0.09884, Recall: 0.33333, F1: 0.15247, AUROC: 0.54151, AUPRC: 0.36383
Test results --- Loss: 1.08653, Accuracy: 0.34471, Precision: 0.11490, Recall: 0.33333 F1: 0.17090, AUROC: 0.52463, AUPRC: 0.35450
EarlyStopping counter: 1 out of 20
Updating learning rate to 0.0019980267284282717
Epoch: 3 cost time: 4.410308122634888
Epoch: 3, Steps: 22, | Train Loss: 1.08149
Validation results --- Loss: 1.08173, Accuracy: 0.43797, Precision: 0.14599, Recall: 0.33333, F1: 0.20305, AUROC: 0.54055, AUPRC: 0.36397
Test results --- Loss: 1.06773, Accuracy: 0.42579, Precision: 0.14193, Recall: 0.33333 F1: 0.19909, AUROC: 0.52558, AUPRC: 0.35518
Metric score decreased (-0.152471 --> -0.203050).  Saving model ...

Updating learning rate to 0.00199556196460308
Epoch: 4 cost time: 4.413309335708618
Epoch: 4, Steps: 22, | Train Loss: 1.08478
Validation results --- Loss: 1.12056, Accuracy: 0.43797, Precision: 0.14599, Recall: 0.33333, F1: 0.20305, AUROC: 0.54212, AUPRC: 0.36683
Test results --- Loss: 1.09008, Accuracy: 0.42579, Precision: 0.14193, Recall: 0.33333 F1: 0.19909, AUROC: 0.52710, AUPRC: 0.35523
EarlyStopping counter: 1 out of 20
Updating learning rate to 0.001992114701314478
Epoch: 5 cost time: 4.415343999862671
Epoch: 5, Steps: 22, | Train Loss: 1.09273
Validation results --- Loss: 1.09616, Accuracy: 0.40602, Precision: 0.23485, Recall: 0.33434, F1: 0.26446, AUROC: 0.52525, AUPRC: 0.35792
Test results --- Loss: 1.09942, Accuracy: 0.38454, Precision: 0.20699, Recall: 0.32485 F1: 0.24469, AUROC: 0.51447, AUPRC: 0.34784
Metric score decreased (-0.203050 --> -0.264458).  Saving model ...

Updating learning rate to 0.0019876883405951376
Epoch: 6 cost time: 4.418947219848633
Epoch: 6, Steps: 22, | Train Loss: 1.08163
Validation results --- Loss: 1.08153, Accuracy: 0.43797, Precision: 0.14599, Recall: 0.33333, F1: 0.20305, AUROC: 0.52830, AUPRC: 0.36118
Test results --- Loss: 1.06860, Accuracy: 0.42579, Precision: 0.14193, Recall: 0.33333 F1: 0.19909, AUROC: 0.51523, AUPRC: 0.35175
EarlyStopping counter: 1 out of 20
Updating learning rate to 0.001982287250728689
Epoch: 7 cost time: 4.4147865772247314
Epoch: 7, Steps: 22, | Train Loss: 1.07056
Validation results --- Loss: 1.10859, Accuracy: 0.43797, Precision: 0.14599, Recall: 0.33333, F1: 0.20305, AUROC: 0.52861, AUPRC: 0.36164
Test results --- Loss: 1.07916, Accuracy: 0.42579, Precision: 0.14193, Recall: 0.33333 F1: 0.19909, AUROC: 0.51801, AUPRC: 0.35217
EarlyStopping counter: 2 out of 20
Updating learning rate to 0.0019759167619387476
Epoch: 8 cost time: 4.434587478637695
Epoch: 8, Steps: 22, | Train Loss: 1.08473
Validation results --- Loss: 1.13308, Accuracy: 0.29652, Precision: 0.09884, Recall: 0.33333, F1: 0.15247, AUROC: 0.52393, AUPRC: 0.35760
Test results --- Loss: 1.09393, Accuracy: 0.34471, Precision: 0.11490, Recall: 0.33333 F1: 0.17090, AUROC: 0.52090, AUPRC: 0.35351
EarlyStopping counter: 3 out of 20
Updating learning rate to 0.001968583161128631
Epoch: 9 cost time: 4.3402650356292725
Epoch: 9, Steps: 22, | Train Loss: 1.06945
Validation results --- Loss: 1.09149, Accuracy: 0.43797, Precision: 0.26921, Recall: 0.34118, F1: 0.24183, AUROC: 0.52012, AUPRC: 0.35498
Test results --- Loss: 1.07083, Accuracy: 0.42579, Precision: 0.28390, Recall: 0.33735 F1: 0.23266, AUROC: 0.51452, AUPRC: 0.34820
EarlyStopping counter: 4 out of 20
Updating learning rate to 0.0019602936856769433
Epoch: 10 cost time: 4.451826333999634
Epoch: 10, Steps: 22, | Train Loss: 1.07212
Validation results --- Loss: 1.10132, Accuracy: 0.30498, Precision: 0.29004, Recall: 0.33807, F1: 0.17180, AUROC: 0.51335, AUPRC: 0.34982
Test results --- Loss: 1.07638, Accuracy: 0.34993, Precision: 0.28584, Recall: 0.33637 F1: 0.18705, AUROC: 0.51317, AUPRC: 0.34692
EarlyStopping counter: 5 out of 20
Updating learning rate to 0.0019510565162951536
Epoch: 11 cost time: 4.38775897026062
Epoch: 11, Steps: 22, | Train Loss: 1.06369
Validation results --- Loss: 1.13231, Accuracy: 0.30780, Precision: 0.28089, Recall: 0.33953, F1: 0.17825, AUROC: 0.51345, AUPRC: 0.34774
Test results --- Loss: 1.09270, Accuracy: 0.35799, Precision: 0.29314, Recall: 0.34154 F1: 0.20646, AUROC: 0.52405, AUPRC: 0.35854
EarlyStopping counter: 6 out of 20
Updating learning rate to 0.0019408807689542257
Epoch: 12 cost time: 4.372141122817993
Epoch: 12, Steps: 22, | Train Loss: 1.05943
Validation results --- Loss: 1.12615, Accuracy: 0.29652, Precision: 0.09884, Recall: 0.33333, F1: 0.15247, AUROC: 0.51874, AUPRC: 0.35188
Test results --- Loss: 1.09199, Accuracy: 0.34519, Precision: 0.44829, Recall: 0.33370 F1: 0.17170, AUROC: 0.52207, AUPRC: 0.35380
EarlyStopping counter: 7 out of 20
Updating learning rate to 0.0019297764858882513
Epoch: 13 cost time: 4.489364147186279
Epoch: 13, Steps: 22, | Train Loss: 1.05501
Validation results --- Loss: 1.13150, Accuracy: 0.43797, Precision: 0.14599, Recall: 0.33333, F1: 0.20305, AUROC: 0.53556, AUPRC: 0.36369
Test results --- Loss: 1.15153, Accuracy: 0.42627, Precision: 0.47533, Recall: 0.33402 F1: 0.20053, AUROC: 0.58456, AUPRC: 0.41006
EarlyStopping counter: 8 out of 20
Updating learning rate to 0.001917754625683981
Epoch: 14 cost time: 4.472242116928101
Epoch: 14, Steps: 22, | Train Loss: 1.06920
Validation results --- Loss: 1.09481, Accuracy: 0.35620, Precision: 0.29624, Recall: 0.36801, F1: 0.25630, AUROC: 0.54452, AUPRC: 0.37202
Test results --- Loss: 1.06912, Accuracy: 0.41584, Precision: 0.32374, Recall: 0.38325 F1: 0.29249, AUROC: 0.56013, AUPRC: 0.39523
EarlyStopping counter: 9 out of 20
Updating learning rate to 0.0019048270524660196
Epoch: 15 cost time: 4.4016900062561035
Epoch: 15, Steps: 22, | Train Loss: 1.04660
Validation results --- Loss: 1.08172, Accuracy: 0.41212, Precision: 0.29349, Recall: 0.39828, F1: 0.31590, AUROC: 0.59698, AUPRC: 0.41216
Test results --- Loss: 1.02052, Accuracy: 0.50071, Precision: 0.34662, Recall: 0.44498 F1: 0.37544, AUROC: 0.62155, AUPRC: 0.45739
Metric score decreased (-0.264458 --> -0.315897).  Saving model ...

Updating learning rate to 0.0018910065241883678
Epoch: 16 cost time: 4.494441986083984
Epoch: 16, Steps: 22, | Train Loss: 0.98468
Validation results --- Loss: 1.07187, Accuracy: 0.50282, Precision: 0.34003, Recall: 0.43541, F1: 0.37505, AUROC: 0.60103, AUPRC: 0.40855
Test results --- Loss: 0.99491, Accuracy: 0.49929, Precision: 0.45127, Recall: 0.42125 F1: 0.37683, AUROC: 0.64660, AUPRC: 0.47278
Metric score decreased (-0.315897 --> -0.375049).  Saving model ...

Updating learning rate to 0.0018763066800438636
Epoch: 17 cost time: 4.386837959289551
Epoch: 17, Steps: 22, | Train Loss: 1.02049
Validation results --- Loss: 1.07162, Accuracy: 0.43703, Precision: 0.14588, Recall: 0.33262, F1: 0.20281, AUROC: 0.59370, AUPRC: 0.40877
Test results --- Loss: 1.06751, Accuracy: 0.42579, Precision: 0.55862, Recall: 0.33374 F1: 0.20127, AUROC: 0.62581, AUPRC: 0.45644
EarlyStopping counter: 1 out of 20
Updating learning rate to 0.0018607420270039437
Epoch: 18 cost time: 4.4236931800842285
Epoch: 18, Steps: 22, | Train Loss: 1.00843
Validation results --- Loss: 1.08225, Accuracy: 0.47603, Precision: 0.40864, Recall: 0.40650, F1: 0.36717, AUROC: 0.59717, AUPRC: 0.40839
Test results --- Loss: 1.02593, Accuracy: 0.48080, Precision: 0.46273, Recall: 0.40624 F1: 0.37248, AUROC: 0.63511, AUPRC: 0.46568
EarlyStopping counter: 2 out of 20
Updating learning rate to 0.001844327925502015
Epoch: 19 cost time: 4.469934463500977
Epoch: 19, Steps: 22, | Train Loss: 0.93907
Validation results --- Loss: 1.12781, Accuracy: 0.41729, Precision: 0.40396, Recall: 0.37847, F1: 0.37952, AUROC: 0.59466, AUPRC: 0.40001
Test results --- Loss: 1.07894, Accuracy: 0.39782, Precision: 0.43678, Recall: 0.36778 F1: 0.37038, AUROC: 0.62150, AUPRC: 0.44208
Metric score decreased (-0.375049 --> -0.379521).  Saving model ...

Updating learning rate to 0.0018270805742745617
Epoch: 20 cost time: 4.398319482803345
Epoch: 20, Steps: 22, | Train Loss: 0.94330
Validation results --- Loss: 1.11427, Accuracy: 0.44267, Precision: 0.25570, Recall: 0.34169, F1: 0.23126, AUROC: 0.61034, AUPRC: 0.41864
Test results --- Loss: 1.12321, Accuracy: 0.45092, Precision: 0.61989, Recall: 0.36026 F1: 0.25860, AUROC: 0.64653, AUPRC: 0.47667
EarlyStopping counter: 1 out of 20
Updating learning rate to 0.0018090169943749475
Epoch: 21 cost time: 4.43269157409668
Epoch: 21, Steps: 22, | Train Loss: 0.95165
Validation results --- Loss: 1.21303, Accuracy: 0.38722, Precision: 0.37009, Recall: 0.39182, F1: 0.31208, AUROC: 0.62462, AUPRC: 0.43612
Test results --- Loss: 1.03812, Accuracy: 0.49312, Precision: 0.48534, Recall: 0.46083 F1: 0.40757, AUROC: 0.67957, AUPRC: 0.51429
EarlyStopping counter: 2 out of 20
Updating learning rate to 0.0017901550123756904
Epoch: 22 cost time: 4.4494099617004395
Epoch: 22, Steps: 22, | Train Loss: 0.93738
Validation results --- Loss: 1.05418, Accuracy: 0.47838, Precision: 0.37143, Recall: 0.39545, F1: 0.33560, AUROC: 0.61298, AUPRC: 0.42963
Test results --- Loss: 0.99995, Accuracy: 0.49407, Precision: 0.55758, Recall: 0.40965 F1: 0.35695, AUROC: 0.67396, AUPRC: 0.51160
EarlyStopping counter: 3 out of 20
Updating learning rate to 0.0017705132427757893
Epoch: 23 cost time: 4.3839428424835205
Epoch: 23, Steps: 22, | Train Loss: 0.87543
Validation results --- Loss: 1.11878, Accuracy: 0.50000, Precision: 0.41693, Recall: 0.45121, F1: 0.41724, AUROC: 0.62287, AUPRC: 0.42446
Test results --- Loss: 1.01514, Accuracy: 0.50498, Precision: 0.46139, Recall: 0.44858 F1: 0.43829, AUROC: 0.65515, AUPRC: 0.47837
Metric score decreased (-0.379521 --> -0.417239).  Saving model ...

Updating learning rate to 0.0017501110696304595
Epoch: 24 cost time: 4.421726226806641
Epoch: 24, Steps: 22, | Train Loss: 0.89624
Validation results --- Loss: 1.25638, Accuracy: 0.42622, Precision: 0.39151, Recall: 0.42270, F1: 0.35470, AUROC: 0.63974, AUPRC: 0.44557
Test results --- Loss: 1.06432, Accuracy: 0.50830, Precision: 0.46020, Recall: 0.46908 F1: 0.42295, AUROC: 0.67947, AUPRC: 0.50625
EarlyStopping counter: 1 out of 20
Updating learning rate to 0.0017289686274214115
Epoch: 25 cost time: 4.456993579864502
Epoch: 25, Steps: 22, | Train Loss: 0.84151
Validation results --- Loss: 1.30942, Accuracy: 0.42246, Precision: 0.36991, Recall: 0.41798, F1: 0.33654, AUROC: 0.64559, AUPRC: 0.45240
Test results --- Loss: 1.10311, Accuracy: 0.52347, Precision: 0.47491, Recall: 0.47792 F1: 0.42093, AUROC: 0.68575, AUPRC: 0.51174
EarlyStopping counter: 2 out of 20
Updating learning rate to 0.0017071067811865474
Epoch: 26 cost time: 4.413451910018921
Epoch: 26, Steps: 22, | Train Loss: 0.82434
Validation results --- Loss: 1.12364, Accuracy: 0.52397, Precision: 0.41527, Recall: 0.46799, F1: 0.41339, AUROC: 0.64311, AUPRC: 0.43990
Test results --- Loss: 1.00232, Accuracy: 0.53532, Precision: 0.45951, Recall: 0.46078 F1: 0.42658, AUROC: 0.67611, AUPRC: 0.49181
EarlyStopping counter: 3 out of 20
Updating learning rate to 0.0016845471059286888
Epoch: 27 cost time: 4.452875852584839
Epoch: 27, Steps: 22, | Train Loss: 0.83104
Validation results --- Loss: 1.10464, Accuracy: 0.47603, Precision: 0.35530, Recall: 0.39815, F1: 0.34298, AUROC: 0.61346, AUPRC: 0.41564
Test results --- Loss: 1.07119, Accuracy: 0.47890, Precision: 0.44697, Recall: 0.39779 F1: 0.35042, AUROC: 0.64696, AUPRC: 0.45524
EarlyStopping counter: 4 out of 20
Updating learning rate to 0.0016613118653236519
Epoch: 28 cost time: 4.457918167114258
Epoch: 28, Steps: 22, | Train Loss: 0.85077
Validation results --- Loss: 1.07462, Accuracy: 0.52397, Precision: 0.35965, Recall: 0.45218, F1: 0.39013, AUROC: 0.64854, AUPRC: 0.45488
Test results --- Loss: 1.00296, Accuracy: 0.51920, Precision: 0.45239, Recall: 0.43137 F1: 0.37313, AUROC: 0.67788, AUPRC: 0.50206
EarlyStopping counter: 5 out of 20
Updating learning rate to 0.0016374239897486897
Epoch: 29 cost time: 4.390317678451538
Epoch: 29, Steps: 22, | Train Loss: 0.75802
Validation results --- Loss: 1.58658, Accuracy: 0.43327, Precision: 0.36888, Recall: 0.42787, F1: 0.33549, AUROC: 0.65925, AUPRC: 0.46328
Test results --- Loss: 1.33102, Accuracy: 0.52774, Precision: 0.47686, Recall: 0.47714 F1: 0.40803, AUROC: 0.69241, AUPRC: 0.51969
EarlyStopping counter: 6 out of 20
Updating learning rate to 0.0016129070536529766
Epoch: 30 cost time: 4.430824041366577
Epoch: 30, Steps: 22, | Train Loss: 0.87395
Validation results --- Loss: 1.21909, Accuracy: 0.41823, Precision: 0.33443, Recall: 0.34255, F1: 0.29629, AUROC: 0.57748, AUPRC: 0.39248
Test results --- Loss: 1.21774, Accuracy: 0.44144, Precision: 0.45062, Recall: 0.37394 F1: 0.33988, AUROC: 0.62194, AUPRC: 0.43240
EarlyStopping counter: 7 out of 20
Updating learning rate to 0.0015877852522924731
Epoch: 31 cost time: 4.47298789024353
Epoch: 31, Steps: 22, | Train Loss: 0.77122
Validation results --- Loss: 1.24420, Accuracy: 0.53055, Precision: 0.48609, Recall: 0.49999, F1: 0.46363, AUROC: 0.66766, AUPRC: 0.46280
Test results --- Loss: 1.06441, Accuracy: 0.57421, Precision: 0.48747, Recall: 0.50875 F1: 0.47726, AUROC: 0.69728, AUPRC: 0.51643
Metric score decreased (-0.417239 --> -0.463633).  Saving model ...

Updating learning rate to 0.0015620833778521306
Epoch: 32 cost time: 4.351058721542358
Epoch: 32, Steps: 22, | Train Loss: 0.73824
Validation results --- Loss: 1.58196, Accuracy: 0.42246, Precision: 0.39195, Recall: 0.42368, F1: 0.32299, AUROC: 0.65504, AUPRC: 0.47230
Test results --- Loss: 1.35406, Accuracy: 0.49787, Precision: 0.41382, Recall: 0.45317 F1: 0.37060, AUROC: 0.68751, AUPRC: 0.50629
EarlyStopping counter: 1 out of 20
Updating learning rate to 0.0015358267949789966
Epoch: 33 cost time: 4.42786431312561
Epoch: 33, Steps: 22, | Train Loss: 0.81578
Validation results --- Loss: 1.21981, Accuracy: 0.45348, Precision: 0.41276, Recall: 0.39339, F1: 0.37856, AUROC: 0.61574, AUPRC: 0.42548
Test results --- Loss: 1.17837, Accuracy: 0.48886, Precision: 0.48577, Recall: 0.42637 F1: 0.40653, AUROC: 0.66851, AUPRC: 0.48118
EarlyStopping counter: 2 out of 20
Updating learning rate to 0.0015090414157503714
Epoch: 34 cost time: 4.4536004066467285
Epoch: 34, Steps: 22, | Train Loss: 0.83049
Validation results --- Loss: 1.22550, Accuracy: 0.52021, Precision: 0.40100, Recall: 0.47215, F1: 0.40577, AUROC: 0.64434, AUPRC: 0.45719
Test results --- Loss: 1.05817, Accuracy: 0.57658, Precision: 0.42890, Recall: 0.49714 F1: 0.44269, AUROC: 0.68967, AUPRC: 0.50748
EarlyStopping counter: 3 out of 20
Updating learning rate to 0.0014817536741017151
Epoch: 35 cost time: 4.3840367794036865
Epoch: 35, Steps: 22, | Train Loss: 0.73567
Validation results --- Loss: 1.26843, Accuracy: 0.51457, Precision: 0.39502, Recall: 0.47409, F1: 0.41570, AUROC: 0.64544, AUPRC: 0.44257
Test results --- Loss: 1.06737, Accuracy: 0.56615, Precision: 0.46358, Recall: 0.49767 F1: 0.46252, AUROC: 0.69250, AUPRC: 0.50803
EarlyStopping counter: 4 out of 20
Updating learning rate to 0.0014539904997395467
Epoch: 36 cost time: 4.459891080856323
Epoch: 36, Steps: 22, | Train Loss: 0.70496
Validation results --- Loss: 1.15185, Accuracy: 0.45019, Precision: 0.47857, Recall: 0.47584, F1: 0.45566, AUROC: 0.66316, AUPRC: 0.46615
Test results --- Loss: 1.11172, Accuracy: 0.46894, Precision: 0.50821, Recall: 0.47425 F1: 0.46975, AUROC: 0.68946, AUPRC: 0.50770
EarlyStopping counter: 5 out of 20
Updating learning rate to 0.0014257792915650727
Epoch: 37 cost time: 4.44872260093689
Epoch: 37, Steps: 22, | Train Loss: 0.71230
Validation results --- Loss: 1.26819, Accuracy: 0.50611, Precision: 0.38197, Recall: 0.43679, F1: 0.38471, AUROC: 0.63720, AUPRC: 0.43951
Test results --- Loss: 1.18203, Accuracy: 0.53106, Precision: 0.53025, Recall: 0.44969 F1: 0.41304, AUROC: 0.68640, AUPRC: 0.50847
EarlyStopping counter: 6 out of 20
Updating learning rate to 0.0013971478906347806
Epoch: 38 cost time: 4.364565134048462
Epoch: 38, Steps: 22, | Train Loss: 0.67682
Validation results --- Loss: 1.16861, Accuracy: 0.51833, Precision: 0.42016, Recall: 0.45974, F1: 0.41414, AUROC: 0.65027, AUPRC: 0.45364
Test results --- Loss: 1.07071, Accuracy: 0.53248, Precision: 0.49486, Recall: 0.45715 F1: 0.42976, AUROC: 0.69526, AUPRC: 0.52147
EarlyStopping counter: 7 out of 20
Updating learning rate to 0.0013681245526846783
Epoch: 39 cost time: 4.464794874191284
Epoch: 39, Steps: 22, | Train Loss: 0.67923
Validation results --- Loss: 1.55851, Accuracy: 0.34915, Precision: 0.40194, Recall: 0.36081, F1: 0.34862, AUROC: 0.58787, AUPRC: 0.40088
Test results --- Loss: 1.60718, Accuracy: 0.37885, Precision: 0.46791, Recall: 0.39413 F1: 0.37584, AUROC: 0.63831, AUPRC: 0.45681
EarlyStopping counter: 8 out of 20
Updating learning rate to 0.0013387379202452916
Epoch: 40 cost time: 4.448741674423218
Epoch: 40, Steps: 22, | Train Loss: 0.79581
Validation results --- Loss: 1.18551, Accuracy: 0.50940, Precision: 0.47241, Recall: 0.49370, F1: 0.47285, AUROC: 0.66910, AUPRC: 0.48235
Test results --- Loss: 1.06005, Accuracy: 0.56662, Precision: 0.51131, Recall: 0.51790 F1: 0.51137, AUROC: 0.70453, AUPRC: 0.53933
Metric score decreased (-0.463633 --> -0.472847).  Saving model ...

Updating learning rate to 0.0013090169943749475
Epoch: 41 cost time: 4.326175928115845
Epoch: 41, Steps: 22, | Train Loss: 0.70024
Validation results --- Loss: 1.18798, Accuracy: 0.48731, Precision: 0.46200, Recall: 0.45238, F1: 0.45062, AUROC: 0.66117, AUPRC: 0.47061
Test results --- Loss: 1.15200, Accuracy: 0.52774, Precision: 0.50379, Recall: 0.47289 F1: 0.46736, AUROC: 0.69606, AUPRC: 0.52054
EarlyStopping counter: 1 out of 20
Updating learning rate to 0.0012789911060392294
Epoch: 42 cost time: 4.4588706493377686
Epoch: 42, Steps: 22, | Train Loss: 0.64873
Validation results --- Loss: 1.26433, Accuracy: 0.49530, Precision: 0.42525, Recall: 0.44300, F1: 0.41531, AUROC: 0.64538, AUPRC: 0.44887
Test results --- Loss: 1.17079, Accuracy: 0.53295, Precision: 0.51118, Recall: 0.46837 F1: 0.45791, AUROC: 0.68946, AUPRC: 0.50866
EarlyStopping counter: 2 out of 20
Updating learning rate to 0.0012486898871648551
Epoch: 43 cost time: 4.404897928237915
Epoch: 43, Steps: 22, | Train Loss: 0.57195
Validation results --- Loss: 1.53667, Accuracy: 0.39521, Precision: 0.42581, Recall: 0.38536, F1: 0.38522, AUROC: 0.61126, AUPRC: 0.42595
Test results --- Loss: 1.60201, Accuracy: 0.46088, Precision: 0.50872, Recall: 0.44549 F1: 0.43661, AUROC: 0.67484, AUPRC: 0.48944
EarlyStopping counter: 3 out of 20
Updating learning rate to 0.0012181432413965428
Epoch: 44 cost time: 4.395682096481323
Epoch: 44, Steps: 22, | Train Loss: 0.64979
Validation results --- Loss: 1.25130, Accuracy: 0.47274, Precision: 0.46694, Recall: 0.44747, F1: 0.45271, AUROC: 0.65857, AUPRC: 0.48268
Test results --- Loss: 1.29994, Accuracy: 0.50925, Precision: 0.49424, Recall: 0.46628 F1: 0.46365, AUROC: 0.68709, AUPRC: 0.51612
EarlyStopping counter: 4 out of 20
Updating learning rate to 0.0011873813145857248
Epoch: 45 cost time: 4.460206031799316
Epoch: 45, Steps: 22, | Train Loss: 0.59168
Validation results --- Loss: 1.31027, Accuracy: 0.49342, Precision: 0.46960, Recall: 0.49293, F1: 0.46384, AUROC: 0.67957, AUPRC: 0.49390
Test results --- Loss: 1.20580, Accuracy: 0.54481, Precision: 0.50767, Recall: 0.51368 F1: 0.50485, AUROC: 0.68836, AUPRC: 0.51416
EarlyStopping counter: 5 out of 20
Updating learning rate to 0.001156434465040231
Epoch: 46 cost time: 4.4412312507629395
Epoch: 46, Steps: 22, | Train Loss: 0.57856
Validation results --- Loss: 1.32459, Accuracy: 0.50047, Precision: 0.49585, Recall: 0.50611, F1: 0.46785, AUROC: 0.69772, AUPRC: 0.50536
Test results --- Loss: 1.13280, Accuracy: 0.58606, Precision: 0.54279, Recall: 0.54470 F1: 0.52679, AUROC: 0.71420, AUPRC: 0.55230
EarlyStopping counter: 6 out of 20
Updating learning rate to 0.0011253332335643042
Epoch: 47 cost time: 4.364389419555664
Epoch: 47, Steps: 22, | Train Loss: 0.51881
Validation results --- Loss: 1.39608, Accuracy: 0.46476, Precision: 0.46568, Recall: 0.45780, F1: 0.46041, AUROC: 0.65962, AUPRC: 0.47813
Test results --- Loss: 1.44864, Accuracy: 0.51873, Precision: 0.51168, Recall: 0.48299 F1: 0.48419, AUROC: 0.69584, AUPRC: 0.52329
EarlyStopping counter: 7 out of 20
Updating learning rate to 0.0010941083133185145
Epoch: 48 cost time: 4.467543840408325
Epoch: 48, Steps: 22, | Train Loss: 0.46907
Validation results --- Loss: 1.31374, Accuracy: 0.52726, Precision: 0.47276, Recall: 0.50172, F1: 0.46631, AUROC: 0.70677, AUPRC: 0.51794
Test results --- Loss: 1.28409, Accuracy: 0.56662, Precision: 0.49964, Recall: 0.50694 F1: 0.48830, AUROC: 0.69516, AUPRC: 0.52143
EarlyStopping counter: 8 out of 20
Updating learning rate to 0.0010627905195293135
Epoch: 49 cost time: 4.487994432449341
Epoch: 49, Steps: 22, | Train Loss: 0.60226
Validation results --- Loss: 1.34131, Accuracy: 0.46100, Precision: 0.46752, Recall: 0.45001, F1: 0.45369, AUROC: 0.65359, AUPRC: 0.47019
Test results --- Loss: 1.39995, Accuracy: 0.50545, Precision: 0.50761, Recall: 0.47175 F1: 0.46772, AUROC: 0.69246, AUPRC: 0.51659
EarlyStopping counter: 9 out of 20
Updating learning rate to 0.0010314107590781282
Epoch: 50 cost time: 4.419865369796753
Epoch: 50, Steps: 22, | Train Loss: 0.42757
Validation results --- Loss: 1.41026, Accuracy: 0.51128, Precision: 0.49350, Recall: 0.50365, F1: 0.49691, AUROC: 0.69043, AUPRC: 0.50335
Test results --- Loss: 1.42788, Accuracy: 0.55097, Precision: 0.51102, Recall: 0.50641 F1: 0.50579, AUROC: 0.70528, AUPRC: 0.53484
Metric score decreased (-0.472847 --> -0.496913).  Saving model ...

Updating learning rate to 0.001
Epoch: 51 cost time: 4.482228755950928
Epoch: 51, Steps: 22, | Train Loss: 0.46044
Validation results --- Loss: 1.36174, Accuracy: 0.51786, Precision: 0.51162, Recall: 0.52438, F1: 0.51190, AUROC: 0.68893, AUPRC: 0.50467
Test results --- Loss: 1.41513, Accuracy: 0.53058, Precision: 0.50740, Recall: 0.50019 F1: 0.50236, AUROC: 0.68844, AUPRC: 0.51649
Metric score decreased (-0.496913 --> -0.511904).  Saving model ...

Updating learning rate to 0.0009685892409218717
Epoch: 52 cost time: 4.3943586349487305
Epoch: 52, Steps: 22, | Train Loss: 0.40507
Validation results --- Loss: 1.55313, Accuracy: 0.48825, Precision: 0.51031, Recall: 0.50643, F1: 0.49333, AUROC: 0.67055, AUPRC: 0.49121
Test results --- Loss: 1.63929, Accuracy: 0.47795, Precision: 0.50408, Recall: 0.46847 F1: 0.46834, AUROC: 0.68389, AUPRC: 0.50934
EarlyStopping counter: 1 out of 20
Updating learning rate to 0.0009372094804706866
Epoch: 53 cost time: 4.363243579864502
Epoch: 53, Steps: 22, | Train Loss: 0.38413
Validation results --- Loss: 1.47213, Accuracy: 0.50188, Precision: 0.50692, Recall: 0.50858, F1: 0.50256, AUROC: 0.68090, AUPRC: 0.50233
Test results --- Loss: 1.55879, Accuracy: 0.50308, Precision: 0.50199, Recall: 0.47949 F1: 0.48073, AUROC: 0.69101, AUPRC: 0.52007
EarlyStopping counter: 2 out of 20
Updating learning rate to 0.0009058916866814857
Epoch: 54 cost time: 4.453842639923096
Epoch: 54, Steps: 22, | Train Loss: 0.44097
Validation results --- Loss: 1.60890, Accuracy: 0.49060, Precision: 0.48476, Recall: 0.48317, F1: 0.48357, AUROC: 0.67466, AUPRC: 0.49205
Test results --- Loss: 1.68680, Accuracy: 0.52110, Precision: 0.50183, Recall: 0.48572 F1: 0.48615, AUROC: 0.68817, AUPRC: 0.51359
EarlyStopping counter: 3 out of 20
Updating learning rate to 0.0008746667664356957
Epoch: 55 cost time: 4.385359764099121
Epoch: 55, Steps: 22, | Train Loss: 0.36469
Validation results --- Loss: 1.46003, Accuracy: 0.50611, Precision: 0.48118, Recall: 0.49656, F1: 0.48535, AUROC: 0.67688, AUPRC: 0.49180
Test results --- Loss: 1.36992, Accuracy: 0.55951, Precision: 0.52002, Recall: 0.51835 F1: 0.51823, AUROC: 0.70140, AUPRC: 0.53042
EarlyStopping counter: 4 out of 20
Updating learning rate to 0.000843565534959769
Epoch: 56 cost time: 4.380025386810303
Epoch: 56, Steps: 22, | Train Loss: 0.34906
Validation results --- Loss: 1.57204, Accuracy: 0.51551, Precision: 0.49582, Recall: 0.51342, F1: 0.49666, AUROC: 0.69326, AUPRC: 0.51261
Test results --- Loss: 1.48124, Accuracy: 0.55856, Precision: 0.50973, Recall: 0.51344 F1: 0.51089, AUROC: 0.70353, AUPRC: 0.53297
EarlyStopping counter: 5 out of 20
Updating learning rate to 0.0008126186854142752
Epoch: 57 cost time: 4.4599854946136475
Epoch: 57, Steps: 22, | Train Loss: 0.31995
Validation results --- Loss: 1.83407, Accuracy: 0.47603, Precision: 0.48164, Recall: 0.47304, F1: 0.47381, AUROC: 0.65803, AUPRC: 0.47914
Test results --- Loss: 1.86046, Accuracy: 0.51826, Precision: 0.51691, Recall: 0.48416 F1: 0.48181, AUROC: 0.70194, AUPRC: 0.53166
EarlyStopping counter: 6 out of 20
Updating learning rate to 0.0007818567586034578
Epoch: 58 cost time: 4.403536319732666
Epoch: 58, Steps: 22, | Train Loss: 0.36832
Validation results --- Loss: 1.53745, Accuracy: 0.51786, Precision: 0.50903, Recall: 0.52636, F1: 0.50629, AUROC: 0.69755, AUPRC: 0.51280
Test results --- Loss: 1.51678, Accuracy: 0.53390, Precision: 0.51004, Recall: 0.50781 F1: 0.50765, AUROC: 0.69298, AUPRC: 0.51926
EarlyStopping counter: 7 out of 20
Updating learning rate to 0.0007513101128351453
Epoch: 59 cost time: 4.450631856918335
Epoch: 59, Steps: 22, | Train Loss: 0.30017
Validation results --- Loss: 1.79056, Accuracy: 0.49953, Precision: 0.47809, Recall: 0.48658, F1: 0.48045, AUROC: 0.67227, AUPRC: 0.48972
Test results --- Loss: 1.68666, Accuracy: 0.54433, Precision: 0.50353, Recall: 0.49705 F1: 0.49555, AUROC: 0.70241, AUPRC: 0.52772
EarlyStopping counter: 8 out of 20
Updating learning rate to 0.0007210088939607708
Epoch: 60 cost time: 4.47800350189209
Epoch: 60, Steps: 22, | Train Loss: 0.29545
Validation results --- Loss: 1.71833, Accuracy: 0.50329, Precision: 0.49059, Recall: 0.50940, F1: 0.49119, AUROC: 0.68386, AUPRC: 0.50124
Test results --- Loss: 1.61183, Accuracy: 0.53153, Precision: 0.50501, Recall: 0.50217 F1: 0.50302, AUROC: 0.69081, AUPRC: 0.51693
EarlyStopping counter: 9 out of 20
Updating learning rate to 0.0006909830056250527
Epoch: 61 cost time: 4.461224794387817
Epoch: 61, Steps: 22, | Train Loss: 0.26737
Validation results --- Loss: 1.83927, Accuracy: 0.50000, Precision: 0.47672, Recall: 0.49426, F1: 0.48050, AUROC: 0.66835, AUPRC: 0.48462
Test results --- Loss: 1.74039, Accuracy: 0.53106, Precision: 0.49239, Recall: 0.49139 F1: 0.49084, AUROC: 0.68433, AUPRC: 0.50918
EarlyStopping counter: 10 out of 20
Updating learning rate to 0.0006612620797547086
Epoch: 62 cost time: 4.43084979057312
Epoch: 62, Steps: 22, | Train Loss: 0.27154
Validation results --- Loss: 1.86831, Accuracy: 0.48308, Precision: 0.45972, Recall: 0.47130, F1: 0.46311, AUROC: 0.65329, AUPRC: 0.47159
Test results --- Loss: 1.85314, Accuracy: 0.51826, Precision: 0.49013, Recall: 0.47810 F1: 0.47923, AUROC: 0.67723, AUPRC: 0.50030
EarlyStopping counter: 11 out of 20
Updating learning rate to 0.0006318754473153221
Epoch: 63 cost time: 4.460389852523804
Epoch: 63, Steps: 22, | Train Loss: 0.26259
Validation results --- Loss: 1.88253, Accuracy: 0.48261, Precision: 0.48001, Recall: 0.48339, F1: 0.48011, AUROC: 0.65892, AUPRC: 0.47887
Test results --- Loss: 1.93181, Accuracy: 0.51114, Precision: 0.50468, Recall: 0.48587 F1: 0.48632, AUROC: 0.68239, AUPRC: 0.50194
EarlyStopping counter: 12 out of 20
Updating learning rate to 0.0006028521093652195
Epoch: 64 cost time: 4.4057981967926025
Epoch: 64, Steps: 22, | Train Loss: 0.24941
Validation results --- Loss: 2.03053, Accuracy: 0.49765, Precision: 0.47006, Recall: 0.49181, F1: 0.47161, AUROC: 0.66005, AUPRC: 0.48533
Test results --- Loss: 1.76402, Accuracy: 0.54908, Precision: 0.50732, Recall: 0.50951 F1: 0.50755, AUROC: 0.69575, AUPRC: 0.51951
EarlyStopping counter: 13 out of 20
Updating learning rate to 0.0005742207084349273
Epoch: 65 cost time: 4.41945481300354
Epoch: 65, Steps: 22, | Train Loss: 0.20364
Validation results --- Loss: 1.97839, Accuracy: 0.50470, Precision: 0.46713, Recall: 0.48490, F1: 0.46589, AUROC: 0.65939, AUPRC: 0.48152
Test results --- Loss: 1.83782, Accuracy: 0.53485, Precision: 0.49504, Recall: 0.48559 F1: 0.48156, AUROC: 0.68283, AUPRC: 0.50402
EarlyStopping counter: 14 out of 20
Updating learning rate to 0.0005460095002604533
Epoch: 66 cost time: 4.456411600112915
Epoch: 66, Steps: 22, | Train Loss: 0.19569
Validation results --- Loss: 2.18467, Accuracy: 0.50141, Precision: 0.46093, Recall: 0.48849, F1: 0.45838, AUROC: 0.65883, AUPRC: 0.47982
Test results --- Loss: 1.87482, Accuracy: 0.56662, Precision: 0.51453, Recall: 0.51577 F1: 0.50610, AUROC: 0.69575, AUPRC: 0.51765
EarlyStopping counter: 15 out of 20
Updating learning rate to 0.0005182463258982846
Epoch: 67 cost time: 4.387213706970215
Epoch: 67, Steps: 22, | Train Loss: 0.23332
Validation results --- Loss: 2.06156, Accuracy: 0.49060, Precision: 0.47575, Recall: 0.48747, F1: 0.47944, AUROC: 0.65743, AUPRC: 0.48696
Test results --- Loss: 1.93286, Accuracy: 0.52774, Precision: 0.50172, Recall: 0.49310 F1: 0.49482, AUROC: 0.68966, AUPRC: 0.51493
EarlyStopping counter: 16 out of 20
Updating learning rate to 0.0004909585842496287
Epoch: 68 cost time: 4.3999762535095215
Epoch: 68, Steps: 22, | Train Loss: 0.19430
Validation results --- Loss: 2.12453, Accuracy: 0.50094, Precision: 0.47136, Recall: 0.48673, F1: 0.47400, AUROC: 0.65524, AUPRC: 0.47876
Test results --- Loss: 1.95124, Accuracy: 0.54054, Precision: 0.49784, Recall: 0.49458 F1: 0.49286, AUROC: 0.69383, AUPRC: 0.52106
EarlyStopping counter: 17 out of 20
Updating learning rate to 0.0004641732050210031
Epoch: 69 cost time: 4.458657741546631
Epoch: 69, Steps: 22, | Train Loss: 0.17465
Validation results --- Loss: 2.12831, Accuracy: 0.49953, Precision: 0.47197, Recall: 0.49301, F1: 0.47263, AUROC: 0.66692, AUPRC: 0.48963
Test results --- Loss: 1.85896, Accuracy: 0.54576, Precision: 0.50114, Recall: 0.50423 F1: 0.50081, AUROC: 0.69679, AUPRC: 0.52329
EarlyStopping counter: 18 out of 20
Updating learning rate to 0.0004379166221478696
Epoch: 70 cost time: 4.450623035430908
Epoch: 70, Steps: 22, | Train Loss: 0.15992
Validation results --- Loss: 2.29483, Accuracy: 0.49718, Precision: 0.49531, Recall: 0.49962, F1: 0.49522, AUROC: 0.65558, AUPRC: 0.48077
Test results --- Loss: 2.08915, Accuracy: 0.52157, Precision: 0.51320, Recall: 0.49424 F1: 0.49510, AUROC: 0.70166, AUPRC: 0.52443
EarlyStopping counter: 19 out of 20
Updating learning rate to 0.00041221474770752696
Epoch: 71 cost time: 4.4262776374816895
Epoch: 71, Steps: 22, | Train Loss: 0.16973
Validation results --- Loss: 2.31602, Accuracy: 0.50000, Precision: 0.48328, Recall: 0.49763, F1: 0.48617, AUROC: 0.66473, AUPRC: 0.48995
Test results --- Loss: 2.02898, Accuracy: 0.55002, Precision: 0.51333, Recall: 0.51091 F1: 0.51143, AUROC: 0.70214, AUPRC: 0.52926
EarlyStopping counter: 20 out of 20
Early stopping
>>>>>>>testing : eeg_mixer_v4_outAttentionPoolingFusion_AD65_seed_42_dm_128_dp_0.1_tl_4_bs_128_lr0.002_aug_none_pl_80_cb32_kb16_tb16_pe128_ps20_ca0_cp1_gitd550e0d_20260503_161846<<<<<<<<<<<<<<<<<<<<<<<<<<<<<<<<<
Validation results --- Loss: 1.36174, Accuracy: 0.51786, Precision: 0.51162, Recall: 0.52438, F1: 0.51190, AUROC: 0.68893, AUPRC: 0.50467
Test results --- Loss: 1.41513, Accuracy: 0.53058, Precision: 0.50740, Recall: 0.50019, F1: 0.50236, AUROC: 0.68844, AUPRC: 0.51649

Validation results --- Loss: 1.36174, Accuracy: 0.51786, Precision: 0.51162, Recall: 0.52438, F1: 0.51190, AUROC: 0.68893, AUPRC: 0.50467
Test results --- Loss: 1.41513, Accuracy: 0.53058, Precision: 0.50740, Recall: 0.50019, F1: 0.50236, AUROC: 0.68844, AUPRC: 0.51649

[result] Saved experiment record to: results/runs/3635086_AD65_eeg_mixer_v4_outAttentionPoolingFusion_seed42.yaml
Use GPU (single): visible=0 -> cuda:0
================================================================================
[Model] eeg_mixer_v4_outAttentionPoolingFusion
[Model Params] Total: 302,459 (0.302 M)
[Model Params] Trainable: 302,459 (0.302 M)
[Model Params] Non-trainable: 0 (0.000 M)
[Model Size] Parameters: 1.15 MB
[Model Size] Buffers: 0.00 MB
[Model Size] Total estimated: 1.15 MB
================================================================================
>>>>>>>start training : eeg_mixer_v4_outAttentionPoolingFusion_AD65_seed_43_dm_128_dp_0.1_tl_4_bs_128_lr0.002_aug_none_pl_80_cb32_kb16_tb16_pe128_ps20_ca0_cp1_gitd550e0d_20260503_162654>>>>>>>>>>>>>>>>>>>>>>>>>>
(2701, 2000, 19)
(2701,)
(2128, 2000, 19)
(2128,)
(2109, 2000, 19)
(2109,)
Epoch: 1 cost time: 4.491276264190674
Epoch: 1, Steps: 22, | Train Loss: 1.22888
Validation results --- Loss: 1.08501, Accuracy: 0.43797, Precision: 0.14599, Recall: 0.33333, F1: 0.20305, AUROC: 0.50366, AUPRC: 0.34000
Test results --- Loss: 1.06893, Accuracy: 0.42579, Precision: 0.14193, Recall: 0.33333 F1: 0.19909, AUROC: 0.49507, AUPRC: 0.33754
Metric score decreased (inf --> -0.203050).  Saving model ...

Updating learning rate to 0.0019995065603657315
Epoch: 2 cost time: 4.44292426109314
Epoch: 2, Steps: 22, | Train Loss: 1.07468
Validation results --- Loss: 1.10538, Accuracy: 0.29652, Precision: 0.09884, Recall: 0.33333, F1: 0.15247, AUROC: 0.50700, AUPRC: 0.34438
Test results --- Loss: 1.08773, Accuracy: 0.34471, Precision: 0.11490, Recall: 0.33333 F1: 0.17090, AUROC: 0.49892, AUPRC: 0.33777
EarlyStopping counter: 1 out of 20
Updating learning rate to 0.0019980267284282717
Epoch: 3 cost time: 4.453707456588745
Epoch: 3, Steps: 22, | Train Loss: 1.08074
Validation results --- Loss: 1.11213, Accuracy: 0.29652, Precision: 0.09884, Recall: 0.33333, F1: 0.15247, AUROC: 0.50805, AUPRC: 0.34539
Test results --- Loss: 1.08061, Accuracy: 0.34471, Precision: 0.11490, Recall: 0.33333 F1: 0.17090, AUROC: 0.50243, AUPRC: 0.33934
EarlyStopping counter: 2 out of 20
Updating learning rate to 0.00199556196460308
Epoch: 4 cost time: 4.4822187423706055
Epoch: 4, Steps: 22, | Train Loss: 1.07196
Validation results --- Loss: 1.08597, Accuracy: 0.43891, Precision: 0.30409, Recall: 0.33558, F1: 0.21201, AUROC: 0.50672, AUPRC: 0.34290
Test results --- Loss: 1.06956, Accuracy: 0.42390, Precision: 0.22508, Recall: 0.33220 F1: 0.20196, AUROC: 0.50058, AUPRC: 0.33528
Metric score decreased (-0.203050 --> -0.212015).  Saving model ...

Updating learning rate to 0.001992114701314478
Epoch: 5 cost time: 4.460299015045166
Epoch: 5, Steps: 22, | Train Loss: 1.07284
Validation results --- Loss: 1.15985, Accuracy: 0.29652, Precision: 0.09884, Recall: 0.33333, F1: 0.15247, AUROC: 0.50737, AUPRC: 0.34274
Test results --- Loss: 1.11191, Accuracy: 0.34471, Precision: 0.11490, Recall: 0.33333 F1: 0.17090, AUROC: 0.50594, AUPRC: 0.33755
EarlyStopping counter: 1 out of 20
Updating learning rate to 0.0019876883405951376
Epoch: 6 cost time: 4.454540729522705
Epoch: 6, Steps: 22, | Train Loss: 1.08096
Validation results --- Loss: 1.08970, Accuracy: 0.43609, Precision: 0.27803, Recall: 0.34487, F1: 0.25961, AUROC: 0.50274, AUPRC: 0.34447
Test results --- Loss: 1.07002, Accuracy: 0.42864, Precision: 0.28226, Recall: 0.34150 F1: 0.24690, AUROC: 0.50865, AUPRC: 0.34051
Metric score decreased (-0.212015 --> -0.259605).  Saving model ...

Updating learning rate to 0.001982287250728689
Epoch: 7 cost time: 4.4555628299713135
Epoch: 7, Steps: 22, | Train Loss: 1.07543
Validation results --- Loss: 1.09053, Accuracy: 0.40132, Precision: 0.24875, Recall: 0.33888, F1: 0.28401, AUROC: 0.50579, AUPRC: 0.34609
Test results --- Loss: 1.07144, Accuracy: 0.40778, Precision: 0.26250, Recall: 0.33826 F1: 0.28730, AUROC: 0.50603, AUPRC: 0.33953
Metric score decreased (-0.259605 --> -0.284012).  Saving model ...

Updating learning rate to 0.0019759167619387476
Epoch: 8 cost time: 4.392198085784912
Epoch: 8, Steps: 22, | Train Loss: 1.07017
Validation results --- Loss: 1.09457, Accuracy: 0.40273, Precision: 0.25626, Recall: 0.34865, F1: 0.29504, AUROC: 0.50555, AUPRC: 0.34463
Test results --- Loss: 1.07346, Accuracy: 0.40114, Precision: 0.26174, Recall: 0.33813 F1: 0.29283, AUROC: 0.49901, AUPRC: 0.33758
Metric score decreased (-0.284012 --> -0.295041).  Saving model ...

Updating learning rate to 0.001968583161128631
Epoch: 9 cost time: 4.456550359725952
Epoch: 9, Steps: 22, | Train Loss: 1.06468
Validation results --- Loss: 1.09637, Accuracy: 0.40461, Precision: 0.25759, Recall: 0.35059, F1: 0.29671, AUROC: 0.50422, AUPRC: 0.34555
Test results --- Loss: 1.07608, Accuracy: 0.40161, Precision: 0.26123, Recall: 0.33815 F1: 0.29253, AUROC: 0.50004, AUPRC: 0.33724
Metric score decreased (-0.295041 --> -0.296713).  Saving model ...

Updating learning rate to 0.0019602936856769433
Epoch: 10 cost time: 4.4502482414245605
Epoch: 10, Steps: 22, | Train Loss: 1.06474
Validation results --- Loss: 1.09676, Accuracy: 0.41964, Precision: 0.39957, Recall: 0.34584, F1: 0.28569, AUROC: 0.50356, AUPRC: 0.34360
Test results --- Loss: 1.07823, Accuracy: 0.41821, Precision: 0.27210, Recall: 0.34206 F1: 0.28179, AUROC: 0.49971, AUPRC: 0.33712
EarlyStopping counter: 1 out of 20
Updating learning rate to 0.0019510565162951536
Epoch: 11 cost time: 4.364843368530273
Epoch: 11, Steps: 22, | Train Loss: 1.06114
Validation results --- Loss: 1.12599, Accuracy: 0.42810, Precision: 0.26232, Recall: 0.34493, F1: 0.27285, AUROC: 0.50970, AUPRC: 0.34748
Test results --- Loss: 1.09258, Accuracy: 0.43291, Precision: 0.28494, Recall: 0.34964 F1: 0.27445, AUROC: 0.50889, AUPRC: 0.34740
EarlyStopping counter: 2 out of 20
Updating learning rate to 0.0019408807689542257
Epoch: 12 cost time: 4.42878532409668
Epoch: 12, Steps: 22, | Train Loss: 1.06855
Validation results --- Loss: 1.09006, Accuracy: 0.42199, Precision: 0.33088, Recall: 0.34565, F1: 0.28452, AUROC: 0.50366, AUPRC: 0.34173
Test results --- Loss: 1.07551, Accuracy: 0.42722, Precision: 0.36534, Recall: 0.34994 F1: 0.29094, AUROC: 0.50215, AUPRC: 0.34208
EarlyStopping counter: 3 out of 20
Updating learning rate to 0.0019297764858882513
Epoch: 13 cost time: 4.472425699234009
Epoch: 13, Steps: 22, | Train Loss: 1.03997
Validation results --- Loss: 1.14889, Accuracy: 0.37218, Precision: 0.36855, Recall: 0.36265, F1: 0.29692, AUROC: 0.52820, AUPRC: 0.35937
Test results --- Loss: 1.11557, Accuracy: 0.41441, Precision: 0.38415, Recall: 0.37238 F1: 0.32565, AUROC: 0.51497, AUPRC: 0.35612
Metric score decreased (-0.296713 --> -0.296917).  Saving model ...

Updating learning rate to 0.001917754625683981
Epoch: 14 cost time: 4.402034282684326
Epoch: 14, Steps: 22, | Train Loss: 1.05603
Validation results --- Loss: 1.07453, Accuracy: 0.44314, Precision: 0.27932, Recall: 0.35603, F1: 0.28018, AUROC: 0.53548, AUPRC: 0.36964
Test results --- Loss: 1.06872, Accuracy: 0.43433, Precision: 0.27458, Recall: 0.34787 F1: 0.26102, AUROC: 0.53826, AUPRC: 0.37769
EarlyStopping counter: 1 out of 20
Updating learning rate to 0.0019048270524660196
Epoch: 15 cost time: 4.450194835662842
Epoch: 15, Steps: 22, | Train Loss: 1.00426
Validation results --- Loss: 1.12995, Accuracy: 0.42904, Precision: 0.37200, Recall: 0.36311, F1: 0.33505, AUROC: 0.60313, AUPRC: 0.40796
Test results --- Loss: 1.24884, Accuracy: 0.43812, Precision: 0.40078, Recall: 0.37182 F1: 0.33396, AUROC: 0.56781, AUPRC: 0.39068
Metric score decreased (-0.296917 --> -0.335046).  Saving model ...

Updating learning rate to 0.0018910065241883678
Epoch: 16 cost time: 4.421046495437622
Epoch: 16, Steps: 22, | Train Loss: 0.90001
Validation results --- Loss: 1.14533, Accuracy: 0.44549, Precision: 0.40362, Recall: 0.43253, F1: 0.38944, AUROC: 0.62735, AUPRC: 0.41561
Test results --- Loss: 1.17116, Accuracy: 0.43385, Precision: 0.37671, Recall: 0.39440 F1: 0.37608, AUROC: 0.57840, AUPRC: 0.39105
Metric score decreased (-0.335046 --> -0.389436).  Saving model ...

Updating learning rate to 0.0018763066800438636
Epoch: 17 cost time: 4.391770839691162
Epoch: 17, Steps: 22, | Train Loss: 0.88694
Validation results --- Loss: 1.17059, Accuracy: 0.42857, Precision: 0.36856, Recall: 0.34896, F1: 0.29455, AUROC: 0.59507, AUPRC: 0.39804
Test results --- Loss: 1.29963, Accuracy: 0.42105, Precision: 0.36907, Recall: 0.34653 F1: 0.28283, AUROC: 0.57091, AUPRC: 0.38047
EarlyStopping counter: 1 out of 20
Updating learning rate to 0.0018607420270039437
Epoch: 18 cost time: 4.4265289306640625
Epoch: 18, Steps: 22, | Train Loss: 0.87934
Validation results --- Loss: 1.16471, Accuracy: 0.41682, Precision: 0.39680, Recall: 0.38253, F1: 0.38236, AUROC: 0.59749, AUPRC: 0.39213
Test results --- Loss: 1.23735, Accuracy: 0.39545, Precision: 0.39079, Recall: 0.35693 F1: 0.35156, AUROC: 0.57267, AUPRC: 0.38155
EarlyStopping counter: 2 out of 20
Updating learning rate to 0.001844327925502015
Epoch: 19 cost time: 4.3755011558532715
Epoch: 19, Steps: 22, | Train Loss: 0.82714
Validation results --- Loss: 1.22779, Accuracy: 0.38346, Precision: 0.38982, Recall: 0.36035, F1: 0.36614, AUROC: 0.57732, AUPRC: 0.38106
Test results --- Loss: 1.29976, Accuracy: 0.37269, Precision: 0.39895, Recall: 0.35307 F1: 0.34740, AUROC: 0.57951, AUPRC: 0.38573
EarlyStopping counter: 3 out of 20
Updating learning rate to 0.0018270805742745617
Epoch: 20 cost time: 4.382805109024048
Epoch: 20, Steps: 22, | Train Loss: 0.77361
Validation results --- Loss: 1.34473, Accuracy: 0.46194, Precision: 0.38583, Recall: 0.43238, F1: 0.39436, AUROC: 0.58743, AUPRC: 0.38455
Test results --- Loss: 1.24692, Accuracy: 0.44903, Precision: 0.39569, Recall: 0.40150 F1: 0.38950, AUROC: 0.59011, AUPRC: 0.40147
Metric score decreased (-0.389436 --> -0.394358).  Saving model ...

Updating learning rate to 0.0018090169943749475
Epoch: 21 cost time: 4.470138311386108
Epoch: 21, Steps: 22, | Train Loss: 0.70595
Validation results --- Loss: 1.42188, Accuracy: 0.43421, Precision: 0.38044, Recall: 0.42283, F1: 0.38929, AUROC: 0.58399, AUPRC: 0.38395
Test results --- Loss: 1.25395, Accuracy: 0.44855, Precision: 0.40674, Recall: 0.41484 F1: 0.40775, AUROC: 0.60565, AUPRC: 0.41560
EarlyStopping counter: 1 out of 20
Updating learning rate to 0.0017901550123756904
Epoch: 22 cost time: 4.445348739624023
Epoch: 22, Steps: 22, | Train Loss: 0.78346
Validation results --- Loss: 1.49231, Accuracy: 0.37923, Precision: 0.33491, Recall: 0.38644, F1: 0.29684, AUROC: 0.60004, AUPRC: 0.40318
Test results --- Loss: 1.29713, Accuracy: 0.46088, Precision: 0.43553, Recall: 0.43064 F1: 0.36994, AUROC: 0.62092, AUPRC: 0.43413
EarlyStopping counter: 2 out of 20
Updating learning rate to 0.0017705132427757893
Epoch: 23 cost time: 4.420557022094727
Epoch: 23, Steps: 22, | Train Loss: 0.74014
Validation results --- Loss: 1.75743, Accuracy: 0.26363, Precision: 0.30218, Recall: 0.29585, F1: 0.25963, AUROC: 0.49915, AUPRC: 0.33650
Test results --- Loss: 1.80252, Accuracy: 0.30773, Precision: 0.39758, Recall: 0.36075 F1: 0.30218, AUROC: 0.55775, AUPRC: 0.37732
EarlyStopping counter: 3 out of 20
Updating learning rate to 0.0017501110696304595
Epoch: 24 cost time: 4.477014541625977
Epoch: 24, Steps: 22, | Train Loss: 0.72043
Validation results --- Loss: 1.61593, Accuracy: 0.30780, Precision: 0.33664, Recall: 0.30491, F1: 0.30612, AUROC: 0.52126, AUPRC: 0.34753
Test results --- Loss: 1.64129, Accuracy: 0.33855, Precision: 0.39793, Recall: 0.34316 F1: 0.33047, AUROC: 0.56832, AUPRC: 0.38367
EarlyStopping counter: 4 out of 20
Updating learning rate to 0.0017289686274214115
Epoch: 25 cost time: 4.407276153564453
Epoch: 25, Steps: 22, | Train Loss: 0.63029
Validation results --- Loss: 1.91101, Accuracy: 0.40085, Precision: 0.35491, Recall: 0.40476, F1: 0.31313, AUROC: 0.61398, AUPRC: 0.42126
Test results --- Loss: 1.59671, Accuracy: 0.46468, Precision: 0.46265, Recall: 0.43194 F1: 0.36937, AUROC: 0.63089, AUPRC: 0.45385
EarlyStopping counter: 5 out of 20
Updating learning rate to 0.0017071067811865474
Epoch: 26 cost time: 4.397709131240845
Epoch: 26, Steps: 22, | Train Loss: 0.65987
Validation results --- Loss: 1.47292, Accuracy: 0.37829, Precision: 0.37376, Recall: 0.36052, F1: 0.36510, AUROC: 0.55561, AUPRC: 0.36692
Test results --- Loss: 1.43799, Accuracy: 0.39782, Precision: 0.40820, Recall: 0.37250 F1: 0.37399, AUROC: 0.58131, AUPRC: 0.39742
EarlyStopping counter: 6 out of 20
Updating learning rate to 0.0016845471059286888
Epoch: 27 cost time: 4.452974319458008
Epoch: 27, Steps: 22, | Train Loss: 0.61242
Validation results --- Loss: 1.64850, Accuracy: 0.50564, Precision: 0.40827, Recall: 0.45337, F1: 0.40057, AUROC: 0.59796, AUPRC: 0.40427
Test results --- Loss: 1.41420, Accuracy: 0.51257, Precision: 0.45233, Recall: 0.43858 F1: 0.40268, AUROC: 0.63305, AUPRC: 0.44969
Metric score decreased (-0.394358 --> -0.400570).  Saving model ...

Updating learning rate to 0.0016613118653236519
Epoch: 28 cost time: 4.4174628257751465
Epoch: 28, Steps: 22, | Train Loss: 0.59158
Validation results --- Loss: 1.64541, Accuracy: 0.44878, Precision: 0.40724, Recall: 0.44241, F1: 0.40486, AUROC: 0.60964, AUPRC: 0.41569
Test results --- Loss: 1.35478, Accuracy: 0.49597, Precision: 0.44922, Recall: 0.45975 F1: 0.44811, AUROC: 0.64646, AUPRC: 0.46312
Metric score decreased (-0.400570 --> -0.404863).  Saving model ...

Updating learning rate to 0.0016374239897486897
Epoch: 29 cost time: 4.387995719909668
Epoch: 29, Steps: 22, | Train Loss: 0.58941
Validation results --- Loss: 2.06623, Accuracy: 0.42716, Precision: 0.38986, Recall: 0.42533, F1: 0.36171, AUROC: 0.61953, AUPRC: 0.42289
Test results --- Loss: 1.63636, Accuracy: 0.50308, Precision: 0.46505, Recall: 0.46737 F1: 0.43093, AUROC: 0.65648, AUPRC: 0.47887
EarlyStopping counter: 1 out of 20
Updating learning rate to 0.0016129070536529766
Epoch: 30 cost time: 4.459122896194458
Epoch: 30, Steps: 22, | Train Loss: 0.59020
Validation results --- Loss: 1.87452, Accuracy: 0.39662, Precision: 0.37315, Recall: 0.40761, F1: 0.32186, AUROC: 0.62548, AUPRC: 0.42456
Test results --- Loss: 1.53411, Accuracy: 0.46562, Precision: 0.45264, Recall: 0.44194 F1: 0.38934, AUROC: 0.65059, AUPRC: 0.46765
EarlyStopping counter: 2 out of 20
Updating learning rate to 0.0015877852522924731
Epoch: 31 cost time: 4.426743984222412
Epoch: 31, Steps: 22, | Train Loss: 0.66710
Validation results --- Loss: 1.53182, Accuracy: 0.47180, Precision: 0.42180, Recall: 0.45286, F1: 0.42189, AUROC: 0.60220, AUPRC: 0.41750
Test results --- Loss: 1.27108, Accuracy: 0.50261, Precision: 0.45580, Recall: 0.46217 F1: 0.45435, AUROC: 0.64620, AUPRC: 0.46944
Metric score decreased (-0.404863 --> -0.421891).  Saving model ...

Updating learning rate to 0.0015620833778521306
Epoch: 32 cost time: 4.374947786331177
Epoch: 32, Steps: 22, | Train Loss: 0.56212
Validation results --- Loss: 2.23349, Accuracy: 0.48449, Precision: 0.47164, Recall: 0.46570, F1: 0.38533, AUROC: 0.62893, AUPRC: 0.45734
Test results --- Loss: 1.82493, Accuracy: 0.52632, Precision: 0.51265, Recall: 0.47188 F1: 0.41207, AUROC: 0.65451, AUPRC: 0.47866
EarlyStopping counter: 1 out of 20
Updating learning rate to 0.0015358267949789966
Epoch: 33 cost time: 4.479898929595947
Epoch: 33, Steps: 22, | Train Loss: 0.46834
Validation results --- Loss: 1.83718, Accuracy: 0.40602, Precision: 0.40456, Recall: 0.41982, F1: 0.40324, AUROC: 0.59245, AUPRC: 0.40038
Test results --- Loss: 1.59945, Accuracy: 0.42959, Precision: 0.43573, Recall: 0.42986 F1: 0.42444, AUROC: 0.62676, AUPRC: 0.44255
EarlyStopping counter: 2 out of 20
Updating learning rate to 0.0015090414157503714
Epoch: 34 cost time: 4.462085723876953
Epoch: 34, Steps: 22, | Train Loss: 0.44653
Validation results --- Loss: 1.79824, Accuracy: 0.50423, Precision: 0.44736, Recall: 0.47812, F1: 0.43354, AUROC: 0.62158, AUPRC: 0.42953
Test results --- Loss: 1.49511, Accuracy: 0.50166, Precision: 0.44858, Recall: 0.44887 F1: 0.42902, AUROC: 0.64780, AUPRC: 0.46661
Metric score decreased (-0.421891 --> -0.433538).  Saving model ...

Updating learning rate to 0.0014817536741017151
Epoch: 35 cost time: 4.368912935256958
Epoch: 35, Steps: 22, | Train Loss: 0.40733
Validation results --- Loss: 1.91824, Accuracy: 0.50000, Precision: 0.43953, Recall: 0.45883, F1: 0.43151, AUROC: 0.60020, AUPRC: 0.42065
Test results --- Loss: 1.60025, Accuracy: 0.50024, Precision: 0.45054, Recall: 0.44345 F1: 0.43255, AUROC: 0.65295, AUPRC: 0.46904
EarlyStopping counter: 1 out of 20
Updating learning rate to 0.0014539904997395467
Epoch: 36 cost time: 4.477343797683716
Epoch: 36, Steps: 22, | Train Loss: 0.43964
Validation results --- Loss: 1.75934, Accuracy: 0.46053, Precision: 0.43580, Recall: 0.45602, F1: 0.44146, AUROC: 0.59963, AUPRC: 0.40858
Test results --- Loss: 1.47274, Accuracy: 0.45567, Precision: 0.43703, Recall: 0.43507 F1: 0.43566, AUROC: 0.64172, AUPRC: 0.45848
Metric score decreased (-0.433538 --> -0.441458).  Saving model ...

Updating learning rate to 0.0014257792915650727
Epoch: 37 cost time: 4.462344408035278
Epoch: 37, Steps: 22, | Train Loss: 0.41169
Validation results --- Loss: 1.89373, Accuracy: 0.41870, Precision: 0.41513, Recall: 0.40854, F1: 0.41108, AUROC: 0.58001, AUPRC: 0.39670
Test results --- Loss: 1.72701, Accuracy: 0.42437, Precision: 0.43048, Recall: 0.40667 F1: 0.40790, AUROC: 0.61910, AUPRC: 0.43588
EarlyStopping counter: 1 out of 20
Updating learning rate to 0.0013971478906347806
Epoch: 38 cost time: 4.411142349243164
Epoch: 38, Steps: 22, | Train Loss: 0.39730
Validation results --- Loss: 1.94302, Accuracy: 0.53148, Precision: 0.46055, Recall: 0.49044, F1: 0.43220, AUROC: 0.63283, AUPRC: 0.44688
Test results --- Loss: 1.64831, Accuracy: 0.51304, Precision: 0.45873, Recall: 0.44793 F1: 0.41256, AUROC: 0.64823, AUPRC: 0.47481
EarlyStopping counter: 2 out of 20
Updating learning rate to 0.0013681245526846783
Epoch: 39 cost time: 4.4731125831604
Epoch: 39, Steps: 22, | Train Loss: 0.39958
Validation results --- Loss: 2.07102, Accuracy: 0.47603, Precision: 0.42794, Recall: 0.46049, F1: 0.42816, AUROC: 0.61986, AUPRC: 0.42609
Test results --- Loss: 1.70995, Accuracy: 0.50071, Precision: 0.45525, Recall: 0.46101 F1: 0.45283, AUROC: 0.65247, AUPRC: 0.46422
EarlyStopping counter: 3 out of 20
Updating learning rate to 0.0013387379202452916
Epoch: 40 cost time: 4.402654409408569
Epoch: 40, Steps: 22, | Train Loss: 0.32750
Validation results --- Loss: 2.29677, Accuracy: 0.47321, Precision: 0.43296, Recall: 0.42152, F1: 0.40765, AUROC: 0.57450, AUPRC: 0.40143
Test results --- Loss: 2.08430, Accuracy: 0.46468, Precision: 0.44413, Recall: 0.40804 F1: 0.39537, AUROC: 0.63109, AUPRC: 0.44798
EarlyStopping counter: 4 out of 20
Updating learning rate to 0.0013090169943749475
Epoch: 41 cost time: 4.429299592971802
Epoch: 41, Steps: 22, | Train Loss: 0.31365
Validation results --- Loss: 2.85429, Accuracy: 0.43891, Precision: 0.44060, Recall: 0.43952, F1: 0.36263, AUROC: 0.63626, AUPRC: 0.45803
Test results --- Loss: 2.21424, Accuracy: 0.50261, Precision: 0.50613, Recall: 0.46909 F1: 0.41909, AUROC: 0.66942, AUPRC: 0.48935
EarlyStopping counter: 5 out of 20
Updating learning rate to 0.0012789911060392294
Epoch: 42 cost time: 4.4497387409210205
Epoch: 42, Steps: 22, | Train Loss: 0.34869
Validation results --- Loss: 2.01830, Accuracy: 0.47932, Precision: 0.44539, Recall: 0.45708, F1: 0.44730, AUROC: 0.60899, AUPRC: 0.42128
Test results --- Loss: 1.77830, Accuracy: 0.46799, Precision: 0.44027, Recall: 0.43213 F1: 0.43281, AUROC: 0.64155, AUPRC: 0.45808
Metric score decreased (-0.441458 --> -0.447296).  Saving model ...

Updating learning rate to 0.0012486898871648551
Epoch: 43 cost time: 4.484822511672974
Epoch: 43, Steps: 22, | Train Loss: 0.29601
Validation results --- Loss: 2.41716, Accuracy: 0.51692, Precision: 0.45251, Recall: 0.46665, F1: 0.42420, AUROC: 0.60528, AUPRC: 0.43162
Test results --- Loss: 2.12362, Accuracy: 0.48696, Precision: 0.44948, Recall: 0.42056 F1: 0.39490, AUROC: 0.64023, AUPRC: 0.45999
EarlyStopping counter: 1 out of 20
Updating learning rate to 0.0012181432413965428
Epoch: 44 cost time: 4.45484471321106
Epoch: 44, Steps: 22, | Train Loss: 0.23033
Validation results --- Loss: 2.39869, Accuracy: 0.49718, Precision: 0.43648, Recall: 0.45990, F1: 0.43558, AUROC: 0.59605, AUPRC: 0.41071
Test results --- Loss: 2.05445, Accuracy: 0.49123, Precision: 0.45906, Recall: 0.44107 F1: 0.43579, AUROC: 0.64567, AUPRC: 0.45754
EarlyStopping counter: 2 out of 20
Updating learning rate to 0.0011873813145857248
Epoch: 45 cost time: 4.441983699798584
Epoch: 45, Steps: 22, | Train Loss: 0.23426
Validation results --- Loss: 2.41403, Accuracy: 0.43609, Precision: 0.42684, Recall: 0.43907, F1: 0.42873, AUROC: 0.59465, AUPRC: 0.40919
Test results --- Loss: 2.07175, Accuracy: 0.44998, Precision: 0.44110, Recall: 0.43853 F1: 0.43767, AUROC: 0.63160, AUPRC: 0.45156
EarlyStopping counter: 3 out of 20
Updating learning rate to 0.001156434465040231
Epoch: 46 cost time: 4.391595125198364
Epoch: 46, Steps: 22, | Train Loss: 0.28911
Validation results --- Loss: 2.30694, Accuracy: 0.47697, Precision: 0.43828, Recall: 0.47019, F1: 0.44006, AUROC: 0.61961, AUPRC: 0.42552
Test results --- Loss: 1.92286, Accuracy: 0.47985, Precision: 0.44928, Recall: 0.45329 F1: 0.44891, AUROC: 0.64597, AUPRC: 0.46339
EarlyStopping counter: 4 out of 20
Updating learning rate to 0.0011253332335643042
Epoch: 47 cost time: 4.435918092727661
Epoch: 47, Steps: 22, | Train Loss: 0.20438
Validation results --- Loss: 2.40327, Accuracy: 0.44408, Precision: 0.43016, Recall: 0.43724, F1: 0.43255, AUROC: 0.59940, AUPRC: 0.41005
Test results --- Loss: 2.11300, Accuracy: 0.45756, Precision: 0.45630, Recall: 0.44630 F1: 0.44653, AUROC: 0.64413, AUPRC: 0.46066
EarlyStopping counter: 5 out of 20
Updating learning rate to 0.0010941083133185145
Epoch: 48 cost time: 4.484754800796509
Epoch: 48, Steps: 22, | Train Loss: 0.17532
Validation results --- Loss: 2.65433, Accuracy: 0.50188, Precision: 0.44659, Recall: 0.48141, F1: 0.43287, AUROC: 0.63063, AUPRC: 0.45124
Test results --- Loss: 2.19939, Accuracy: 0.51019, Precision: 0.47187, Recall: 0.46545 F1: 0.44978, AUROC: 0.65490, AUPRC: 0.47909
EarlyStopping counter: 6 out of 20
Updating learning rate to 0.0010627905195293135
Epoch: 49 cost time: 4.4042229652404785
Epoch: 49, Steps: 22, | Train Loss: 0.17464
Validation results --- Loss: 2.73230, Accuracy: 0.52350, Precision: 0.46795, Recall: 0.47288, F1: 0.43427, AUROC: 0.61186, AUPRC: 0.42999
Test results --- Loss: 2.59441, Accuracy: 0.47606, Precision: 0.44236, Recall: 0.40967 F1: 0.38405, AUROC: 0.64022, AUPRC: 0.45642
EarlyStopping counter: 7 out of 20
Updating learning rate to 0.0010314107590781282
Epoch: 50 cost time: 4.444142818450928
Epoch: 50, Steps: 22, | Train Loss: 0.13477
Validation results --- Loss: 2.66160, Accuracy: 0.47838, Precision: 0.44898, Recall: 0.46170, F1: 0.45233, AUROC: 0.61242, AUPRC: 0.43328
Test results --- Loss: 2.35828, Accuracy: 0.48317, Precision: 0.46131, Recall: 0.45855 F1: 0.45956, AUROC: 0.64674, AUPRC: 0.46779
Metric score decreased (-0.447296 --> -0.452334).  Saving model ...

Updating learning rate to 0.001
Epoch: 51 cost time: 4.450894594192505
Epoch: 51, Steps: 22, | Train Loss: 0.17616
Validation results --- Loss: 2.99928, Accuracy: 0.50987, Precision: 0.45602, Recall: 0.48688, F1: 0.44158, AUROC: 0.62365, AUPRC: 0.44434
Test results --- Loss: 2.56974, Accuracy: 0.49976, Precision: 0.46204, Recall: 0.45195 F1: 0.43770, AUROC: 0.64287, AUPRC: 0.47437
EarlyStopping counter: 1 out of 20
Updating learning rate to 0.0009685892409218717
Epoch: 52 cost time: 4.416234254837036
Epoch: 52, Steps: 22, | Train Loss: 0.12353
Validation results --- Loss: 3.15954, Accuracy: 0.49436, Precision: 0.45536, Recall: 0.48174, F1: 0.44302, AUROC: 0.63325, AUPRC: 0.45908
Test results --- Loss: 2.60771, Accuracy: 0.52205, Precision: 0.47821, Recall: 0.48167 F1: 0.46950, AUROC: 0.66152, AUPRC: 0.49053
EarlyStopping counter: 2 out of 20
Updating learning rate to 0.0009372094804706866
Epoch: 53 cost time: 4.4651806354522705
Epoch: 53, Steps: 22, | Train Loss: 0.09741
Validation results --- Loss: 3.09098, Accuracy: 0.52209, Precision: 0.46402, Recall: 0.48417, F1: 0.44964, AUROC: 0.62755, AUPRC: 0.44634
Test results --- Loss: 2.88264, Accuracy: 0.49929, Precision: 0.46546, Recall: 0.44190 F1: 0.42864, AUROC: 0.65062, AUPRC: 0.46866
EarlyStopping counter: 3 out of 20
Updating learning rate to 0.0009058916866814857
Epoch: 54 cost time: 4.437604904174805
Epoch: 54, Steps: 22, | Train Loss: 0.11127
Validation results --- Loss: 3.15316, Accuracy: 0.47556, Precision: 0.45017, Recall: 0.47353, F1: 0.45016, AUROC: 0.62461, AUPRC: 0.44066
Test results --- Loss: 2.78328, Accuracy: 0.47985, Precision: 0.45734, Recall: 0.46018 F1: 0.45710, AUROC: 0.64660, AUPRC: 0.47611
EarlyStopping counter: 4 out of 20
Updating learning rate to 0.0008746667664356957
Epoch: 55 cost time: 4.352905988693237
Epoch: 55, Steps: 22, | Train Loss: 0.08637
Validation results --- Loss: 3.33569, Accuracy: 0.53008, Precision: 0.47108, Recall: 0.49913, F1: 0.44881, AUROC: 0.64045, AUPRC: 0.45333
Test results --- Loss: 2.93813, Accuracy: 0.52394, Precision: 0.48813, Recall: 0.46769 F1: 0.44633, AUROC: 0.66061, AUPRC: 0.48508
EarlyStopping counter: 5 out of 20
Updating learning rate to 0.000843565534959769
Epoch: 56 cost time: 4.447359561920166
Epoch: 56, Steps: 22, | Train Loss: 0.12474
Validation results --- Loss: 3.01430, Accuracy: 0.47744, Precision: 0.44767, Recall: 0.45725, F1: 0.45102, AUROC: 0.61443, AUPRC: 0.42685
Test results --- Loss: 2.79066, Accuracy: 0.48269, Precision: 0.46133, Recall: 0.45019 F1: 0.45192, AUROC: 0.65074, AUPRC: 0.47262
EarlyStopping counter: 6 out of 20
Updating learning rate to 0.0008126186854142752
Epoch: 57 cost time: 4.4517529010772705
Epoch: 57, Steps: 22, | Train Loss: 0.07726
Validation results --- Loss: 3.31334, Accuracy: 0.52021, Precision: 0.46309, Recall: 0.47780, F1: 0.44736, AUROC: 0.61026, AUPRC: 0.43239
Test results --- Loss: 3.00827, Accuracy: 0.49407, Precision: 0.46644, Recall: 0.43710 F1: 0.42631, AUROC: 0.64591, AUPRC: 0.46586
EarlyStopping counter: 7 out of 20
Updating learning rate to 0.0007818567586034578
Epoch: 58 cost time: 4.37448525428772
Epoch: 58, Steps: 22, | Train Loss: 0.09851
Validation results --- Loss: 3.21698, Accuracy: 0.48026, Precision: 0.43781, Recall: 0.45857, F1: 0.44369, AUROC: 0.60114, AUPRC: 0.41589
Test results --- Loss: 2.91936, Accuracy: 0.47463, Precision: 0.45429, Recall: 0.44473 F1: 0.44699, AUROC: 0.63349, AUPRC: 0.45187
EarlyStopping counter: 8 out of 20
Updating learning rate to 0.0007513101128351453
Epoch: 59 cost time: 4.441858291625977
Epoch: 59, Steps: 22, | Train Loss: 0.06583
Validation results --- Loss: 3.18346, Accuracy: 0.50376, Precision: 0.46175, Recall: 0.47432, F1: 0.46173, AUROC: 0.62885, AUPRC: 0.43993
Test results --- Loss: 3.13848, Accuracy: 0.49502, Precision: 0.46837, Recall: 0.45340 F1: 0.45297, AUROC: 0.65174, AUPRC: 0.47150
Metric score decreased (-0.452334 --> -0.461726).  Saving model ...

Updating learning rate to 0.0007210088939607708
Epoch: 60 cost time: 4.441425085067749
Epoch: 60, Steps: 22, | Train Loss: 0.03826
Validation results --- Loss: 3.59886, Accuracy: 0.50893, Precision: 0.46944, Recall: 0.49738, F1: 0.46174, AUROC: 0.64015, AUPRC: 0.45802
Test results --- Loss: 3.11118, Accuracy: 0.51351, Precision: 0.47642, Recall: 0.47901 F1: 0.47174, AUROC: 0.65949, AUPRC: 0.49024
Metric score decreased (-0.461726 --> -0.461737).  Saving model ...

Updating learning rate to 0.0006909830056250527
Epoch: 61 cost time: 4.363964557647705
Epoch: 61, Steps: 22, | Train Loss: 0.04322
Validation results --- Loss: 3.62860, Accuracy: 0.51598, Precision: 0.45277, Recall: 0.49296, F1: 0.44909, AUROC: 0.63964, AUPRC: 0.45726
Test results --- Loss: 3.26671, Accuracy: 0.50308, Precision: 0.46388, Recall: 0.45642 F1: 0.44510, AUROC: 0.65254, AUPRC: 0.48049
EarlyStopping counter: 1 out of 20
Updating learning rate to 0.0006612620797547086
Epoch: 62 cost time: 4.445202112197876
Epoch: 62, Steps: 22, | Train Loss: 0.06681
Validation results --- Loss: 3.57482, Accuracy: 0.49859, Precision: 0.46508, Recall: 0.49094, F1: 0.45824, AUROC: 0.64064, AUPRC: 0.45118
Test results --- Loss: 3.15545, Accuracy: 0.50024, Precision: 0.46668, Recall: 0.46997 F1: 0.46348, AUROC: 0.65182, AUPRC: 0.48173
EarlyStopping counter: 2 out of 20
Updating learning rate to 0.0006318754473153221
Epoch: 63 cost time: 4.392629146575928
Epoch: 63, Steps: 22, | Train Loss: 0.06432
Validation results --- Loss: 3.57422, Accuracy: 0.49201, Precision: 0.46491, Recall: 0.49029, F1: 0.46608, AUROC: 0.64405, AUPRC: 0.45106
Test results --- Loss: 3.18977, Accuracy: 0.50261, Precision: 0.47763, Recall: 0.48134 F1: 0.47798, AUROC: 0.66161, AUPRC: 0.48586
Metric score decreased (-0.461737 --> -0.466076).  Saving model ...

Updating learning rate to 0.0006028521093652195
Epoch: 64 cost time: 4.437794923782349
Epoch: 64, Steps: 22, | Train Loss: 0.05065
Validation results --- Loss: 3.63881, Accuracy: 0.50235, Precision: 0.45613, Recall: 0.48418, F1: 0.45975, AUROC: 0.62706, AUPRC: 0.43732
Test results --- Loss: 3.44979, Accuracy: 0.50166, Precision: 0.47114, Recall: 0.46662 F1: 0.46576, AUROC: 0.64656, AUPRC: 0.47256
EarlyStopping counter: 1 out of 20
Updating learning rate to 0.0005742207084349273
Epoch: 65 cost time: 4.46906852722168
Epoch: 65, Steps: 22, | Train Loss: 0.02646
Validation results --- Loss: 3.58174, Accuracy: 0.48919, Precision: 0.45407, Recall: 0.45696, F1: 0.45132, AUROC: 0.61684, AUPRC: 0.43194
Test results --- Loss: 3.59310, Accuracy: 0.47606, Precision: 0.45402, Recall: 0.43509 F1: 0.43450, AUROC: 0.64152, AUPRC: 0.46602
EarlyStopping counter: 2 out of 20
Updating learning rate to 0.0005460095002604533
Epoch: 66 cost time: 4.456284046173096
Epoch: 66, Steps: 22, | Train Loss: 0.02406
Validation results --- Loss: 3.64555, Accuracy: 0.52162, Precision: 0.47732, Recall: 0.49812, F1: 0.47400, AUROC: 0.64119, AUPRC: 0.45669
Test results --- Loss: 3.56335, Accuracy: 0.49692, Precision: 0.45982, Recall: 0.45523 F1: 0.45138, AUROC: 0.64781, AUPRC: 0.47349
Metric score decreased (-0.466076 --> -0.473999).  Saving model ...

Updating learning rate to 0.0005182463258982846
Epoch: 67 cost time: 4.368581295013428
Epoch: 67, Steps: 22, | Train Loss: 0.02088
Validation results --- Loss: 3.81357, Accuracy: 0.50658, Precision: 0.46136, Recall: 0.48609, F1: 0.46046, AUROC: 0.62996, AUPRC: 0.44653
Test results --- Loss: 3.55468, Accuracy: 0.49455, Precision: 0.45755, Recall: 0.45221 F1: 0.44828, AUROC: 0.64906, AUPRC: 0.47220
EarlyStopping counter: 1 out of 20
Updating learning rate to 0.0004909585842496287
Epoch: 68 cost time: 4.437235116958618
Epoch: 68, Steps: 22, | Train Loss: 0.01681
Validation results --- Loss: 3.91620, Accuracy: 0.50470, Precision: 0.46017, Recall: 0.48721, F1: 0.45848, AUROC: 0.63855, AUPRC: 0.45557
Test results --- Loss: 3.53738, Accuracy: 0.51636, Precision: 0.47996, Recall: 0.47801 F1: 0.47397, AUROC: 0.66040, AUPRC: 0.48435
EarlyStopping counter: 2 out of 20
Updating learning rate to 0.0004641732050210031
Epoch: 69 cost time: 4.428377151489258
Epoch: 69, Steps: 22, | Train Loss: 0.01636
Validation results --- Loss: 3.88788, Accuracy: 0.50893, Precision: 0.46334, Recall: 0.48282, F1: 0.46305, AUROC: 0.62796, AUPRC: 0.44468
Test results --- Loss: 3.72945, Accuracy: 0.49075, Precision: 0.45645, Recall: 0.44903 F1: 0.44662, AUROC: 0.64710, AUPRC: 0.47042
EarlyStopping counter: 3 out of 20
Updating learning rate to 0.0004379166221478696
Epoch: 70 cost time: 4.384279489517212
Epoch: 70, Steps: 22, | Train Loss: 0.01872
Validation results --- Loss: 4.03979, Accuracy: 0.50141, Precision: 0.45759, Recall: 0.48257, F1: 0.45858, AUROC: 0.62592, AUPRC: 0.43480
Test results --- Loss: 3.80922, Accuracy: 0.49502, Precision: 0.46203, Recall: 0.45781 F1: 0.45593, AUROC: 0.64390, AUPRC: 0.46451
EarlyStopping counter: 4 out of 20
Updating learning rate to 0.00041221474770752696
Epoch: 71 cost time: 4.489646673202515
Epoch: 71, Steps: 22, | Train Loss: 0.01045
Validation results --- Loss: 3.98574, Accuracy: 0.51833, Precision: 0.47499, Recall: 0.49673, F1: 0.47586, AUROC: 0.63461, AUPRC: 0.44835
Test results --- Loss: 3.93669, Accuracy: 0.49455, Precision: 0.45992, Recall: 0.45422 F1: 0.45270, AUROC: 0.64640, AUPRC: 0.47009
Metric score decreased (-0.473999 --> -0.475865).  Saving model ...

Updating learning rate to 0.00038709294634702376
Epoch: 72 cost time: 4.438520669937134
Epoch: 72, Steps: 22, | Train Loss: 0.01005
Validation results --- Loss: 4.11227, Accuracy: 0.51457, Precision: 0.45863, Recall: 0.48553, F1: 0.45770, AUROC: 0.62436, AUPRC: 0.44313
Test results --- Loss: 3.97106, Accuracy: 0.48459, Precision: 0.44811, Recall: 0.43761 F1: 0.43202, AUROC: 0.63852, AUPRC: 0.46008
EarlyStopping counter: 1 out of 20
Updating learning rate to 0.00036257601025131025
Epoch: 73 cost time: 4.33946418762207
Epoch: 73, Steps: 22, | Train Loss: 0.01389
Validation results --- Loss: 4.08090, Accuracy: 0.51269, Precision: 0.46510, Recall: 0.48340, F1: 0.46498, AUROC: 0.62398, AUPRC: 0.44472
Test results --- Loss: 3.95778, Accuracy: 0.49502, Precision: 0.46180, Recall: 0.45042 F1: 0.44825, AUROC: 0.64508, AUPRC: 0.47269
EarlyStopping counter: 2 out of 20
Updating learning rate to 0.0003386881346763483
Epoch: 74 cost time: 4.467082500457764
Epoch: 74, Steps: 22, | Train Loss: 0.00761
Validation results --- Loss: 4.14903, Accuracy: 0.49812, Precision: 0.45201, Recall: 0.48062, F1: 0.45569, AUROC: 0.62742, AUPRC: 0.44351
Test results --- Loss: 3.90811, Accuracy: 0.49170, Precision: 0.45772, Recall: 0.45657 F1: 0.45482, AUROC: 0.64615, AUPRC: 0.47488
EarlyStopping counter: 3 out of 20
Updating learning rate to 0.00031545289407131126
Epoch: 75 cost time: 4.41878080368042
Epoch: 75, Steps: 22, | Train Loss: 0.00655
Validation results --- Loss: 4.23386, Accuracy: 0.50705, Precision: 0.45383, Recall: 0.48643, F1: 0.45439, AUROC: 0.63101, AUPRC: 0.44903
Test results --- Loss: 3.96055, Accuracy: 0.49739, Precision: 0.46024, Recall: 0.45749 F1: 0.45299, AUROC: 0.64543, AUPRC: 0.47250
EarlyStopping counter: 4 out of 20
Updating learning rate to 0.00029289321881345256
Epoch: 76 cost time: 4.43133807182312
Epoch: 76, Steps: 22, | Train Loss: 0.01141
Validation results --- Loss: 4.21809, Accuracy: 0.50799, Precision: 0.45705, Recall: 0.48065, F1: 0.45955, AUROC: 0.61951, AUPRC: 0.43757
Test results --- Loss: 4.06306, Accuracy: 0.49265, Precision: 0.46038, Recall: 0.45114 F1: 0.44975, AUROC: 0.64058, AUPRC: 0.46450
EarlyStopping counter: 5 out of 20
Updating learning rate to 0.00027103137257858867
Epoch: 77 cost time: 4.39902400970459
Epoch: 77, Steps: 22, | Train Loss: 0.00852
Validation results --- Loss: 4.23569, Accuracy: 0.51222, Precision: 0.45812, Recall: 0.48751, F1: 0.45694, AUROC: 0.62990, AUPRC: 0.44827
Test results --- Loss: 3.98224, Accuracy: 0.49834, Precision: 0.45943, Recall: 0.45531 F1: 0.44993, AUROC: 0.64626, AUPRC: 0.47074
EarlyStopping counter: 6 out of 20
Updating learning rate to 0.0002498889303695404
Epoch: 78 cost time: 4.413175821304321
Epoch: 78, Steps: 22, | Train Loss: 0.00589
Validation results --- Loss: 4.32875, Accuracy: 0.50987, Precision: 0.45282, Recall: 0.48666, F1: 0.45152, AUROC: 0.62875, AUPRC: 0.44832
Test results --- Loss: 4.10079, Accuracy: 0.48743, Precision: 0.44833, Recall: 0.44374 F1: 0.43673, AUROC: 0.64093, AUPRC: 0.46928
EarlyStopping counter: 7 out of 20
Updating learning rate to 0.00022948675722421087
Epoch: 79 cost time: 4.454426050186157
Epoch: 79, Steps: 22, | Train Loss: 0.00414
Validation results --- Loss: 4.24296, Accuracy: 0.51175, Precision: 0.45926, Recall: 0.48308, F1: 0.45819, AUROC: 0.62459, AUPRC: 0.44449
Test results --- Loss: 4.13682, Accuracy: 0.48981, Precision: 0.45402, Recall: 0.44375 F1: 0.43930, AUROC: 0.64121, AUPRC: 0.46808
EarlyStopping counter: 8 out of 20
Updating learning rate to 0.00020984498762430958
Epoch: 80 cost time: 4.433712720870972
Epoch: 80, Steps: 22, | Train Loss: 0.00845
Validation results --- Loss: 4.37798, Accuracy: 0.51786, Precision: 0.46295, Recall: 0.49429, F1: 0.45916, AUROC: 0.63114, AUPRC: 0.45437
Test results --- Loss: 4.08774, Accuracy: 0.49881, Precision: 0.45727, Recall: 0.45243 F1: 0.44356, AUROC: 0.64503, AUPRC: 0.47349
EarlyStopping counter: 9 out of 20
Updating learning rate to 0.00019098300562505265
Epoch: 81 cost time: 4.4240264892578125
Epoch: 81, Steps: 22, | Train Loss: 0.00406
Validation results --- Loss: 4.41028, Accuracy: 0.51034, Precision: 0.45537, Recall: 0.48932, F1: 0.45626, AUROC: 0.62818, AUPRC: 0.45044
Test results --- Loss: 4.07957, Accuracy: 0.49929, Precision: 0.46051, Recall: 0.45692 F1: 0.45106, AUROC: 0.64651, AUPRC: 0.47482
EarlyStopping counter: 10 out of 20
Updating learning rate to 0.00017291942572543806
Epoch: 82 cost time: 4.392188787460327
Epoch: 82, Steps: 22, | Train Loss: 0.00421
Validation results --- Loss: 4.40123, Accuracy: 0.51551, Precision: 0.46005, Recall: 0.49292, F1: 0.46027, AUROC: 0.62847, AUPRC: 0.45037
Test results --- Loss: 4.06789, Accuracy: 0.49834, Precision: 0.45869, Recall: 0.45456 F1: 0.44804, AUROC: 0.64722, AUPRC: 0.47493
EarlyStopping counter: 11 out of 20
Updating learning rate to 0.00015567207449798516
Epoch: 83 cost time: 4.404401063919067
Epoch: 83, Steps: 22, | Train Loss: 0.00490
Validation results --- Loss: 4.35284, Accuracy: 0.51175, Precision: 0.45856, Recall: 0.48613, F1: 0.45664, AUROC: 0.62836, AUPRC: 0.44855
Test results --- Loss: 4.13530, Accuracy: 0.49360, Precision: 0.45433, Recall: 0.44798 F1: 0.44176, AUROC: 0.64408, AUPRC: 0.47162
EarlyStopping counter: 12 out of 20
Updating learning rate to 0.00013925797299605647
Epoch: 84 cost time: 4.474974155426025
Epoch: 84, Steps: 22, | Train Loss: 0.00298
Validation results --- Loss: 4.36582, Accuracy: 0.51081, Precision: 0.45802, Recall: 0.48748, F1: 0.45781, AUROC: 0.62965, AUPRC: 0.44978
Test results --- Loss: 4.13135, Accuracy: 0.49360, Precision: 0.45592, Recall: 0.45023 F1: 0.44508, AUROC: 0.64467, AUPRC: 0.47318
EarlyStopping counter: 13 out of 20
Updating learning rate to 0.00012369331995613664
Epoch: 85 cost time: 4.434685468673706
Epoch: 85, Steps: 22, | Train Loss: 0.00330
Validation results --- Loss: 4.32234, Accuracy: 0.50047, Precision: 0.45136, Recall: 0.47812, F1: 0.45462, AUROC: 0.62536, AUPRC: 0.44301
Test results --- Loss: 4.13586, Accuracy: 0.48838, Precision: 0.45604, Recall: 0.44919 F1: 0.44780, AUROC: 0.64299, AUPRC: 0.47065
EarlyStopping counter: 14 out of 20
Updating learning rate to 0.00010899347581163222
Epoch: 86 cost time: 4.43841814994812
Epoch: 86, Steps: 22, | Train Loss: 0.00293
Validation results --- Loss: 4.30895, Accuracy: 0.50799, Precision: 0.45688, Recall: 0.47818, F1: 0.45644, AUROC: 0.62211, AUPRC: 0.43890
Test results --- Loss: 4.21452, Accuracy: 0.48791, Precision: 0.45765, Recall: 0.44444 F1: 0.44262, AUROC: 0.64015, AUPRC: 0.46579
EarlyStopping counter: 15 out of 20
Updating learning rate to 9.517294753398064e-05
Epoch: 87 cost time: 4.4384605884552
Epoch: 87, Steps: 22, | Train Loss: 0.00531
Validation results --- Loss: 4.31544, Accuracy: 0.49859, Precision: 0.45284, Recall: 0.47507, F1: 0.45584, AUROC: 0.62378, AUPRC: 0.44046
Test results --- Loss: 4.19486, Accuracy: 0.48649, Precision: 0.45550, Recall: 0.44833 F1: 0.44786, AUROC: 0.64130, AUPRC: 0.46973
EarlyStopping counter: 16 out of 20
Updating learning rate to 8.224537431601886e-05
Epoch: 88 cost time: 4.418551206588745
Epoch: 88, Steps: 22, | Train Loss: 0.00260
Validation results --- Loss: 4.39111, Accuracy: 0.50658, Precision: 0.45573, Recall: 0.48536, F1: 0.45661, AUROC: 0.63066, AUPRC: 0.44935
Test results --- Loss: 4.14720, Accuracy: 0.49739, Precision: 0.45983, Recall: 0.45531 F1: 0.45083, AUROC: 0.64573, AUPRC: 0.47459
EarlyStopping counter: 17 out of 20
Updating learning rate to 7.022351411174865e-05
Epoch: 89 cost time: 4.419240236282349
Epoch: 89, Steps: 22, | Train Loss: 0.00371
Validation results --- Loss: 4.40814, Accuracy: 0.50658, Precision: 0.45439, Recall: 0.48472, F1: 0.45564, AUROC: 0.62979, AUPRC: 0.44797
Test results --- Loss: 4.17978, Accuracy: 0.49170, Precision: 0.45623, Recall: 0.45123 F1: 0.44744, AUROC: 0.64376, AUPRC: 0.47183
EarlyStopping counter: 18 out of 20
Updating learning rate to 5.911923104577455e-05
Epoch: 90 cost time: 4.380366563796997
Epoch: 90, Steps: 22, | Train Loss: 0.00344
Validation results --- Loss: 4.37063, Accuracy: 0.50282, Precision: 0.45134, Recall: 0.47823, F1: 0.45397, AUROC: 0.62564, AUPRC: 0.44280
Test results --- Loss: 4.21834, Accuracy: 0.49170, Precision: 0.45817, Recall: 0.45156 F1: 0.44949, AUROC: 0.64124, AUPRC: 0.46798
EarlyStopping counter: 19 out of 20
Updating learning rate to 4.894348370484647e-05
Epoch: 91 cost time: 4.380499362945557
Epoch: 91, Steps: 22, | Train Loss: 0.00364
Validation results --- Loss: 4.36585, Accuracy: 0.50658, Precision: 0.45401, Recall: 0.47829, F1: 0.45394, AUROC: 0.62535, AUPRC: 0.44314
Test results --- Loss: 4.24585, Accuracy: 0.48743, Precision: 0.45223, Recall: 0.44319 F1: 0.43958, AUROC: 0.64175, AUPRC: 0.46839
EarlyStopping counter: 20 out of 20
Early stopping
>>>>>>>testing : eeg_mixer_v4_outAttentionPoolingFusion_AD65_seed_43_dm_128_dp_0.1_tl_4_bs_128_lr0.002_aug_none_pl_80_cb32_kb16_tb16_pe128_ps20_ca0_cp1_gitd550e0d_20260503_162654<<<<<<<<<<<<<<<<<<<<<<<<<<<<<<<<<
Validation results --- Loss: 3.98574, Accuracy: 0.51833, Precision: 0.47499, Recall: 0.49673, F1: 0.47586, AUROC: 0.63461, AUPRC: 0.44835
Test results --- Loss: 3.93669, Accuracy: 0.49455, Precision: 0.45992, Recall: 0.45422, F1: 0.45270, AUROC: 0.64640, AUPRC: 0.47009

Validation results --- Loss: 3.98574, Accuracy: 0.51833, Precision: 0.47499, Recall: 0.49673, F1: 0.47586, AUROC: 0.63461, AUPRC: 0.44835
Test results --- Loss: 3.93669, Accuracy: 0.49455, Precision: 0.45992, Recall: 0.45422, F1: 0.45270, AUROC: 0.64640, AUPRC: 0.47009

[result] Saved experiment record to: results/runs/3635086_AD65_eeg_mixer_v4_outAttentionPoolingFusion_seed43.yaml
Use GPU (single): visible=0 -> cuda:0
================================================================================
[Model] eeg_mixer_v4_outAttentionPoolingFusion
[Model Params] Total: 302,459 (0.302 M)
[Model Params] Trainable: 302,459 (0.302 M)
[Model Params] Non-trainable: 0 (0.000 M)
[Model Size] Parameters: 1.15 MB
[Model Size] Buffers: 0.00 MB
[Model Size] Total estimated: 1.15 MB
================================================================================
>>>>>>>start training : eeg_mixer_v4_outAttentionPoolingFusion_AD65_seed_44_dm_128_dp_0.1_tl_4_bs_128_lr0.002_aug_none_pl_80_cb32_kb16_tb16_pe128_ps20_ca0_cp1_git1f056a2_20260503_163707>>>>>>>>>>>>>>>>>>>>>>>>>>
(2701, 2000, 19)
(2701,)
(2128, 2000, 19)
(2128,)
(2109, 2000, 19)
(2109,)
Epoch: 1 cost time: 4.421480417251587
Epoch: 1, Steps: 22, | Train Loss: 1.37052
Validation results --- Loss: 1.10272, Accuracy: 0.43797, Precision: 0.14599, Recall: 0.33333, F1: 0.20305, AUROC: 0.50708, AUPRC: 0.34066
Test results --- Loss: 1.07862, Accuracy: 0.42579, Precision: 0.14193, Recall: 0.33333 F1: 0.19909, AUROC: 0.52204, AUPRC: 0.34961
Metric score decreased (inf --> -0.203050).  Saving model ...

Updating learning rate to 0.0019995065603657315
Epoch: 2 cost time: 4.497789621353149
Epoch: 2, Steps: 22, | Train Loss: 1.08387
Validation results --- Loss: 1.13762, Accuracy: 0.29652, Precision: 0.09884, Recall: 0.33333, F1: 0.15247, AUROC: 0.49780, AUPRC: 0.33755
Test results --- Loss: 1.10978, Accuracy: 0.34471, Precision: 0.11490, Recall: 0.33333 F1: 0.17090, AUROC: 0.50790, AUPRC: 0.33794
EarlyStopping counter: 1 out of 20
Updating learning rate to 0.0019980267284282717
Epoch: 3 cost time: 4.481992483139038
Epoch: 3, Steps: 22, | Train Loss: 1.08631
Validation results --- Loss: 1.07555, Accuracy: 0.43797, Precision: 0.14599, Recall: 0.33333, F1: 0.20305, AUROC: 0.50226, AUPRC: 0.34138
Test results --- Loss: 1.07266, Accuracy: 0.42579, Precision: 0.14193, Recall: 0.33333 F1: 0.19909, AUROC: 0.51034, AUPRC: 0.34209
EarlyStopping counter: 2 out of 20
Updating learning rate to 0.00199556196460308
Epoch: 4 cost time: 4.389895677566528
Epoch: 4, Steps: 22, | Train Loss: 1.08109
Validation results --- Loss: 1.07841, Accuracy: 0.43797, Precision: 0.14599, Recall: 0.33333, F1: 0.20305, AUROC: 0.50164, AUPRC: 0.34133
Test results --- Loss: 1.07079, Accuracy: 0.42579, Precision: 0.14193, Recall: 0.33333 F1: 0.19909, AUROC: 0.51030, AUPRC: 0.34289
EarlyStopping counter: 3 out of 20
Updating learning rate to 0.001992114701314478
Epoch: 5 cost time: 4.444806098937988
Epoch: 5, Steps: 22, | Train Loss: 1.08017
Validation results --- Loss: 1.08670, Accuracy: 0.43797, Precision: 0.14599, Recall: 0.33333, F1: 0.20305, AUROC: 0.50023, AUPRC: 0.34041
Test results --- Loss: 1.06974, Accuracy: 0.42579, Precision: 0.14200, Recall: 0.33333 F1: 0.19916, AUROC: 0.51000, AUPRC: 0.34314
EarlyStopping counter: 4 out of 20
Updating learning rate to 0.0019876883405951376
Epoch: 6 cost time: 4.431713581085205
Epoch: 6, Steps: 22, | Train Loss: 1.06933
Validation results --- Loss: 1.10267, Accuracy: 0.29652, Precision: 0.09884, Recall: 0.33333, F1: 0.15247, AUROC: 0.49916, AUPRC: 0.33730
Test results --- Loss: 1.07710, Accuracy: 0.34471, Precision: 0.11490, Recall: 0.33333 F1: 0.17090, AUROC: 0.51205, AUPRC: 0.34398
EarlyStopping counter: 5 out of 20
Updating learning rate to 0.001982287250728689
Epoch: 7 cost time: 4.372248649597168
Epoch: 7, Steps: 22, | Train Loss: 1.07028
Validation results --- Loss: 1.09958, Accuracy: 0.29417, Precision: 0.21137, Recall: 0.32813, F1: 0.16028, AUROC: 0.49687, AUPRC: 0.33532
Test results --- Loss: 1.08052, Accuracy: 0.34614, Precision: 0.24131, Recall: 0.33349 F1: 0.18052, AUROC: 0.51193, AUPRC: 0.34381
EarlyStopping counter: 6 out of 20
Updating learning rate to 0.0019759167619387476
Epoch: 8 cost time: 4.4329118728637695
Epoch: 8, Steps: 22, | Train Loss: 1.07387
Validation results --- Loss: 1.08170, Accuracy: 0.41729, Precision: 0.24408, Recall: 0.33363, F1: 0.25908, AUROC: 0.49968, AUPRC: 0.33618
Test results --- Loss: 1.07303, Accuracy: 0.42295, Precision: 0.27268, Recall: 0.34027 F1: 0.26191, AUROC: 0.51169, AUPRC: 0.34452
Metric score decreased (-0.203050 --> -0.259084).  Saving model ...

Updating learning rate to 0.001968583161128631
Epoch: 9 cost time: 4.451719522476196
Epoch: 9, Steps: 22, | Train Loss: 1.06789
Validation results --- Loss: 1.09847, Accuracy: 0.31344, Precision: 0.24189, Recall: 0.33205, F1: 0.21281, AUROC: 0.50346, AUPRC: 0.33848
Test results --- Loss: 1.07990, Accuracy: 0.36558, Precision: 0.26365, Recall: 0.34146 F1: 0.24324, AUROC: 0.51676, AUPRC: 0.34758
EarlyStopping counter: 1 out of 20
Updating learning rate to 0.0019602936856769433
Epoch: 10 cost time: 4.409741163253784
Epoch: 10, Steps: 22, | Train Loss: 1.06043
Validation results --- Loss: 1.20183, Accuracy: 0.30075, Precision: 0.28709, Recall: 0.33655, F1: 0.15969, AUROC: 0.51858, AUPRC: 0.35061
Test results --- Loss: 1.14283, Accuracy: 0.35088, Precision: 0.31345, Recall: 0.33790 F1: 0.18336, AUROC: 0.53288, AUPRC: 0.35994
EarlyStopping counter: 2 out of 20
Updating learning rate to 0.0019510565162951536
Epoch: 11 cost time: 4.4520583152771
Epoch: 11, Steps: 22, | Train Loss: 1.07709
Validation results --- Loss: 1.07753, Accuracy: 0.43797, Precision: 0.27824, Recall: 0.33879, F1: 0.23137, AUROC: 0.51013, AUPRC: 0.34536
Test results --- Loss: 1.06712, Accuracy: 0.43148, Precision: 0.30983, Recall: 0.34041 F1: 0.22449, AUROC: 0.51866, AUPRC: 0.35042
EarlyStopping counter: 3 out of 20
Updating learning rate to 0.0019408807689542257
Epoch: 12 cost time: 4.428640365600586
Epoch: 12, Steps: 22, | Train Loss: 1.05009
Validation results --- Loss: 1.10995, Accuracy: 0.34398, Precision: 0.25490, Recall: 0.34728, F1: 0.25533, AUROC: 0.52720, AUPRC: 0.36073
Test results --- Loss: 1.07611, Accuracy: 0.39355, Precision: 0.27658, Recall: 0.35637 F1: 0.28818, AUROC: 0.53655, AUPRC: 0.36407
EarlyStopping counter: 4 out of 20
Updating learning rate to 0.0019297764858882513
Epoch: 13 cost time: 4.362776279449463
Epoch: 13, Steps: 22, | Train Loss: 1.01293
Validation results --- Loss: 1.10244, Accuracy: 0.47556, Precision: 0.32241, Recall: 0.38430, F1: 0.30761, AUROC: 0.62968, AUPRC: 0.43015
Test results --- Loss: 1.13678, Accuracy: 0.48601, Precision: 0.42164, Recall: 0.39209 F1: 0.30864, AUROC: 0.62361, AUPRC: 0.46826
Metric score decreased (-0.259084 --> -0.307607).  Saving model ...

Updating learning rate to 0.001917754625683981
Epoch: 14 cost time: 4.474201679229736
Epoch: 14, Steps: 22, | Train Loss: 0.96202
Validation results --- Loss: 1.02656, Accuracy: 0.56391, Precision: 0.37724, Recall: 0.50647, F1: 0.43191, AUROC: 0.68308, AUPRC: 0.46604
Test results --- Loss: 1.00099, Accuracy: 0.53864, Precision: 0.36823, Recall: 0.44979 F1: 0.38880, AUROC: 0.63943, AUPRC: 0.47505
Metric score decreased (-0.307607 --> -0.431910).  Saving model ...

Updating learning rate to 0.0019048270524660196
Epoch: 15 cost time: 4.4169065952301025
Epoch: 15, Steps: 22, | Train Loss: 0.88829
Validation results --- Loss: 1.08934, Accuracy: 0.56062, Precision: 0.37236, Recall: 0.51147, F1: 0.43067, AUROC: 0.68236, AUPRC: 0.46502
Test results --- Loss: 1.02794, Accuracy: 0.55382, Precision: 0.37138, Recall: 0.46865 F1: 0.40885, AUROC: 0.64715, AUPRC: 0.48743
EarlyStopping counter: 1 out of 20
Updating learning rate to 0.0018910065241883678
Epoch: 16 cost time: 4.372238397598267
Epoch: 16, Steps: 22, | Train Loss: 0.83885
Validation results --- Loss: 1.16423, Accuracy: 0.52820, Precision: 0.35486, Recall: 0.46700, F1: 0.40072, AUROC: 0.66770, AUPRC: 0.45028
Test results --- Loss: 1.14023, Accuracy: 0.55097, Precision: 0.37661, Recall: 0.46267 F1: 0.40272, AUROC: 0.65145, AUPRC: 0.47826
EarlyStopping counter: 2 out of 20
Updating learning rate to 0.0018763066800438636
Epoch: 17 cost time: 4.502898931503296
Epoch: 17, Steps: 22, | Train Loss: 0.80589
Validation results --- Loss: 1.14929, Accuracy: 0.52726, Precision: 0.41624, Recall: 0.46888, F1: 0.40833, AUROC: 0.66622, AUPRC: 0.44666
Test results --- Loss: 1.21446, Accuracy: 0.53817, Precision: 0.40124, Recall: 0.45131 F1: 0.39345, AUROC: 0.63207, AUPRC: 0.47061
EarlyStopping counter: 3 out of 20
Updating learning rate to 0.0018607420270039437
Epoch: 18 cost time: 4.4369306564331055
Epoch: 18, Steps: 22, | Train Loss: 0.79413
Validation results --- Loss: 1.20895, Accuracy: 0.48449, Precision: 0.35372, Recall: 0.42022, F1: 0.36340, AUROC: 0.62448, AUPRC: 0.42229
Test results --- Loss: 1.17955, Accuracy: 0.52584, Precision: 0.35897, Recall: 0.43951 F1: 0.38045, AUROC: 0.62463, AUPRC: 0.45717
EarlyStopping counter: 4 out of 20
Updating learning rate to 0.001844327925502015
Epoch: 19 cost time: 4.3859241008758545
Epoch: 19, Steps: 22, | Train Loss: 0.74096
Validation results --- Loss: 1.21037, Accuracy: 0.49859, Precision: 0.44379, Recall: 0.45389, F1: 0.41805, AUROC: 0.63158, AUPRC: 0.43085
Test results --- Loss: 1.23433, Accuracy: 0.51114, Precision: 0.38154, Recall: 0.43479 F1: 0.39377, AUROC: 0.61332, AUPRC: 0.43850
EarlyStopping counter: 5 out of 20
Updating learning rate to 0.0018270805742745617
Epoch: 20 cost time: 4.479381799697876
Epoch: 20, Steps: 22, | Train Loss: 0.70984
Validation results --- Loss: 1.23615, Accuracy: 0.51034, Precision: 0.42520, Recall: 0.47135, F1: 0.42485, AUROC: 0.65119, AUPRC: 0.44167
Test results --- Loss: 1.33000, Accuracy: 0.48838, Precision: 0.38997, Recall: 0.41922 F1: 0.39001, AUROC: 0.59438, AUPRC: 0.42787
EarlyStopping counter: 6 out of 20
Updating learning rate to 0.0018090169943749475
Epoch: 21 cost time: 4.416429042816162
Epoch: 21, Steps: 22, | Train Loss: 0.67360
Validation results --- Loss: 1.26446, Accuracy: 0.41494, Precision: 0.37911, Recall: 0.38060, F1: 0.37596, AUROC: 0.56516, AUPRC: 0.39797
Test results --- Loss: 1.33407, Accuracy: 0.42532, Precision: 0.39183, Recall: 0.37618 F1: 0.37344, AUROC: 0.55952, AUPRC: 0.40944
EarlyStopping counter: 7 out of 20
Updating learning rate to 0.0017901550123756904
Epoch: 22 cost time: 4.391287803649902
Epoch: 22, Steps: 22, | Train Loss: 0.65951
Validation results --- Loss: 1.40832, Accuracy: 0.52961, Precision: 0.35306, Recall: 0.48753, F1: 0.40860, AUROC: 0.64141, AUPRC: 0.43143
Test results --- Loss: 1.27010, Accuracy: 0.56946, Precision: 0.38235, Recall: 0.48379 F1: 0.42304, AUROC: 0.65322, AUPRC: 0.48612
EarlyStopping counter: 8 out of 20
Updating learning rate to 0.0017705132427757893
Epoch: 23 cost time: 4.4731950759887695
Epoch: 23, Steps: 22, | Train Loss: 0.58326
Validation results --- Loss: 1.66994, Accuracy: 0.42434, Precision: 0.35300, Recall: 0.41888, F1: 0.36040, AUROC: 0.62392, AUPRC: 0.43478
Test results --- Loss: 1.53245, Accuracy: 0.50972, Precision: 0.40208, Recall: 0.45131 F1: 0.41929, AUROC: 0.61125, AUPRC: 0.44145
EarlyStopping counter: 9 out of 20
Updating learning rate to 0.0017501110696304595
Epoch: 24 cost time: 4.461062908172607
Epoch: 24, Steps: 22, | Train Loss: 0.53913
Validation results --- Loss: 1.66756, Accuracy: 0.36889, Precision: 0.35438, Recall: 0.38576, F1: 0.30827, AUROC: 0.62466, AUPRC: 0.43009
Test results --- Loss: 1.40044, Accuracy: 0.47274, Precision: 0.40789, Recall: 0.43445 F1: 0.39218, AUROC: 0.63695, AUPRC: 0.47552
EarlyStopping counter: 10 out of 20
Updating learning rate to 0.0017289686274214115
Epoch: 25 cost time: 4.408167362213135
Epoch: 25, Steps: 22, | Train Loss: 0.51247
Validation results --- Loss: 1.86194, Accuracy: 0.42575, Precision: 0.36817, Recall: 0.41970, F1: 0.37403, AUROC: 0.61944, AUPRC: 0.42037
Test results --- Loss: 1.58244, Accuracy: 0.53532, Precision: 0.43945, Recall: 0.47393 F1: 0.44939, AUROC: 0.64012, AUPRC: 0.45128
EarlyStopping counter: 11 out of 20
Updating learning rate to 0.0017071067811865474
Epoch: 26 cost time: 4.4490063190460205
Epoch: 26, Steps: 22, | Train Loss: 0.44239
Validation results --- Loss: 1.92105, Accuracy: 0.42481, Precision: 0.38497, Recall: 0.42508, F1: 0.38480, AUROC: 0.62425, AUPRC: 0.44135
Test results --- Loss: 1.70812, Accuracy: 0.50877, Precision: 0.43685, Recall: 0.45848 F1: 0.44484, AUROC: 0.63878, AUPRC: 0.45460
EarlyStopping counter: 12 out of 20
Updating learning rate to 0.0016845471059286888
Epoch: 27 cost time: 4.408936500549316
Epoch: 27, Steps: 22, | Train Loss: 0.44114
Validation results --- Loss: 1.66876, Accuracy: 0.44831, Precision: 0.37708, Recall: 0.41657, F1: 0.38922, AUROC: 0.58616, AUPRC: 0.40354
Test results --- Loss: 1.58676, Accuracy: 0.52252, Precision: 0.41373, Recall: 0.44897 F1: 0.41851, AUROC: 0.61047, AUPRC: 0.43743
EarlyStopping counter: 13 out of 20
Updating learning rate to 0.0016613118653236519
Epoch: 28 cost time: 4.380722999572754
Epoch: 28, Steps: 22, | Train Loss: 0.37271
Validation results --- Loss: 1.92820, Accuracy: 0.42716, Precision: 0.38356, Recall: 0.42678, F1: 0.38295, AUROC: 0.63139, AUPRC: 0.42608
Test results --- Loss: 1.48007, Accuracy: 0.53722, Precision: 0.44268, Recall: 0.47623 F1: 0.45472, AUROC: 0.66743, AUPRC: 0.48153
EarlyStopping counter: 14 out of 20
Updating learning rate to 0.0016374239897486897
Epoch: 29 cost time: 4.478405952453613
Epoch: 29, Steps: 22, | Train Loss: 0.33355
Validation results --- Loss: 1.84498, Accuracy: 0.46570, Precision: 0.41030, Recall: 0.43446, F1: 0.42046, AUROC: 0.60816, AUPRC: 0.41011
Test results --- Loss: 1.81218, Accuracy: 0.50450, Precision: 0.43720, Recall: 0.43853 F1: 0.42333, AUROC: 0.63800, AUPRC: 0.45717
EarlyStopping counter: 15 out of 20
Updating learning rate to 0.0016129070536529766
Epoch: 30 cost time: 4.409181118011475
Epoch: 30, Steps: 22, | Train Loss: 0.28818
Validation results --- Loss: 2.66478, Accuracy: 0.40977, Precision: 0.42964, Recall: 0.44564, F1: 0.40276, AUROC: 0.61764, AUPRC: 0.41133
Test results --- Loss: 1.95563, Accuracy: 0.38786, Precision: 0.41961, Recall: 0.38877 F1: 0.38646, AUROC: 0.63819, AUPRC: 0.47763
EarlyStopping counter: 16 out of 20
Updating learning rate to 0.0015877852522924731
Epoch: 31 cost time: 4.402815580368042
Epoch: 31, Steps: 22, | Train Loss: 0.26393
Validation results --- Loss: 2.50430, Accuracy: 0.39756, Precision: 0.34759, Recall: 0.39870, F1: 0.34941, AUROC: 0.59981, AUPRC: 0.39522
Test results --- Loss: 1.92296, Accuracy: 0.53675, Precision: 0.44290, Recall: 0.47717 F1: 0.44992, AUROC: 0.65497, AUPRC: 0.47432
EarlyStopping counter: 17 out of 20
Updating learning rate to 0.0015620833778521306
Epoch: 32 cost time: 4.461759328842163
Epoch: 32, Steps: 22, | Train Loss: 0.23154
Validation results --- Loss: 2.51424, Accuracy: 0.44596, Precision: 0.35316, Recall: 0.43780, F1: 0.35853, AUROC: 0.65959, AUPRC: 0.43663
Test results --- Loss: 2.00303, Accuracy: 0.58559, Precision: 0.47000, Recall: 0.51478 F1: 0.46625, AUROC: 0.68349, AUPRC: 0.48737
EarlyStopping counter: 18 out of 20
Updating learning rate to 0.0015358267949789966
Epoch: 33 cost time: 4.377570390701294
Epoch: 33, Steps: 22, | Train Loss: 0.19787
Validation results --- Loss: 2.97409, Accuracy: 0.39897, Precision: 0.35725, Recall: 0.40929, F1: 0.36225, AUROC: 0.61098, AUPRC: 0.40795
Test results --- Loss: 2.24301, Accuracy: 0.51019, Precision: 0.44795, Recall: 0.46686 F1: 0.45238, AUROC: 0.63467, AUPRC: 0.44246
EarlyStopping counter: 19 out of 20
Updating learning rate to 0.0015090414157503714
Epoch: 34 cost time: 4.410435199737549
Epoch: 34, Steps: 22, | Train Loss: 0.16770
Validation results --- Loss: 2.50504, Accuracy: 0.44643, Precision: 0.39207, Recall: 0.43726, F1: 0.40406, AUROC: 0.63222, AUPRC: 0.43466
Test results --- Loss: 2.15989, Accuracy: 0.53627, Precision: 0.43411, Recall: 0.47091 F1: 0.44394, AUROC: 0.64375, AUPRC: 0.45921
EarlyStopping counter: 20 out of 20
Early stopping
>>>>>>>testing : eeg_mixer_v4_outAttentionPoolingFusion_AD65_seed_44_dm_128_dp_0.1_tl_4_bs_128_lr0.002_aug_none_pl_80_cb32_kb16_tb16_pe128_ps20_ca0_cp1_git1f056a2_20260503_163707<<<<<<<<<<<<<<<<<<<<<<<<<<<<<<<<<
Validation results --- Loss: 1.02656, Accuracy: 0.56391, Precision: 0.37724, Recall: 0.50647, F1: 0.43191, AUROC: 0.68308, AUPRC: 0.46604
Test results --- Loss: 1.00099, Accuracy: 0.53864, Precision: 0.36823, Recall: 0.44979, F1: 0.38880, AUROC: 0.63943, AUPRC: 0.47505

Validation results --- Loss: 1.02656, Accuracy: 0.56391, Precision: 0.37724, Recall: 0.50647, F1: 0.43191, AUROC: 0.68308, AUPRC: 0.46604
Test results --- Loss: 1.00099, Accuracy: 0.53864, Precision: 0.36823, Recall: 0.44979, F1: 0.38880, AUROC: 0.63943, AUPRC: 0.47505

[result] Saved experiment record to: results/runs/3635086_AD65_eeg_mixer_v4_outAttentionPoolingFusion_seed44.yaml
Use GPU (single): visible=0 -> cuda:0
================================================================================
[Model] eeg_mixer_v4_outAttentionPoolingFusion
[Model Params] Total: 302,459 (0.302 M)
[Model Params] Trainable: 302,459 (0.302 M)
[Model Params] Non-trainable: 0 (0.000 M)
[Model Size] Parameters: 1.15 MB
[Model Size] Buffers: 0.00 MB
[Model Size] Total estimated: 1.15 MB
================================================================================
>>>>>>>start training : eeg_mixer_v4_outAttentionPoolingFusion_AD65_seed_45_dm_128_dp_0.1_tl_4_bs_128_lr0.002_aug_none_pl_80_cb32_kb16_tb16_pe128_ps20_ca0_cp1_git1f056a2_20260503_164107>>>>>>>>>>>>>>>>>>>>>>>>>>
(2701, 2000, 19)
(2701,)
(2128, 2000, 19)
(2128,)
(2109, 2000, 19)
(2109,)
Epoch: 1 cost time: 4.483896017074585
Epoch: 1, Steps: 22, | Train Loss: 1.24427
Validation results --- Loss: 1.15204, Accuracy: 0.29652, Precision: 0.09884, Recall: 0.33333, F1: 0.15247, AUROC: 0.51427, AUPRC: 0.35288
Test results --- Loss: 1.10718, Accuracy: 0.34471, Precision: 0.11490, Recall: 0.33333 F1: 0.17090, AUROC: 0.48390, AUPRC: 0.32592
Metric score decreased (inf --> -0.152471).  Saving model ...

Updating learning rate to 0.0019995065603657315
Epoch: 2 cost time: 4.427491664886475
Epoch: 2, Steps: 22, | Train Loss: 1.07490
Validation results --- Loss: 1.13422, Accuracy: 0.29652, Precision: 0.09884, Recall: 0.33333, F1: 0.15247, AUROC: 0.50657, AUPRC: 0.34728
Test results --- Loss: 1.10104, Accuracy: 0.34471, Precision: 0.11490, Recall: 0.33333 F1: 0.17090, AUROC: 0.48013, AUPRC: 0.32601
EarlyStopping counter: 1 out of 20
Updating learning rate to 0.0019980267284282717
Epoch: 3 cost time: 4.385077238082886
Epoch: 3, Steps: 22, | Train Loss: 1.07967
Validation results --- Loss: 1.09916, Accuracy: 0.29652, Precision: 0.09884, Recall: 0.33333, F1: 0.15247, AUROC: 0.50287, AUPRC: 0.34510
Test results --- Loss: 1.07448, Accuracy: 0.34471, Precision: 0.11490, Recall: 0.33333 F1: 0.17090, AUROC: 0.48551, AUPRC: 0.32861
EarlyStopping counter: 2 out of 20
Updating learning rate to 0.00199556196460308
Epoch: 4 cost time: 4.455573320388794
Epoch: 4, Steps: 22, | Train Loss: 1.08751
Validation results --- Loss: 1.09465, Accuracy: 0.29652, Precision: 0.09884, Recall: 0.33333, F1: 0.15247, AUROC: 0.49895, AUPRC: 0.34251
Test results --- Loss: 1.07430, Accuracy: 0.34471, Precision: 0.11490, Recall: 0.33333 F1: 0.17090, AUROC: 0.48995, AUPRC: 0.33035
EarlyStopping counter: 3 out of 20
Updating learning rate to 0.001992114701314478
Epoch: 5 cost time: 4.3721253871917725
Epoch: 5, Steps: 22, | Train Loss: 1.08069
Validation results --- Loss: 1.10669, Accuracy: 0.43797, Precision: 0.14599, Recall: 0.33333, F1: 0.20305, AUROC: 0.49508, AUPRC: 0.33924
Test results --- Loss: 1.07956, Accuracy: 0.42579, Precision: 0.14193, Recall: 0.33333 F1: 0.19909, AUROC: 0.49206, AUPRC: 0.32952
Metric score decreased (-0.152471 --> -0.203050).  Saving model ...

Updating learning rate to 0.0019876883405951376
Epoch: 6 cost time: 4.401534795761108
Epoch: 6, Steps: 22, | Train Loss: 1.07795
Validation results --- Loss: 1.09065, Accuracy: 0.43797, Precision: 0.14599, Recall: 0.33333, F1: 0.20305, AUROC: 0.49366, AUPRC: 0.33813
Test results --- Loss: 1.07067, Accuracy: 0.42579, Precision: 0.14193, Recall: 0.33333 F1: 0.19909, AUROC: 0.49680, AUPRC: 0.33096
EarlyStopping counter: 1 out of 20
Updating learning rate to 0.001982287250728689
Epoch: 7 cost time: 4.437513589859009
Epoch: 7, Steps: 22, | Train Loss: 1.08264
Validation results --- Loss: 1.09477, Accuracy: 0.29652, Precision: 0.09884, Recall: 0.33333, F1: 0.15247, AUROC: 0.49405, AUPRC: 0.33677
Test results --- Loss: 1.09078, Accuracy: 0.34471, Precision: 0.11490, Recall: 0.33333 F1: 0.17090, AUROC: 0.50196, AUPRC: 0.33249
EarlyStopping counter: 2 out of 20
Updating learning rate to 0.0019759167619387476
Epoch: 8 cost time: 4.441946268081665
Epoch: 8, Steps: 22, | Train Loss: 1.08842
Validation results --- Loss: 1.09998, Accuracy: 0.29652, Precision: 0.09884, Recall: 0.33333, F1: 0.15247, AUROC: 0.50074, AUPRC: 0.34309
Test results --- Loss: 1.08428, Accuracy: 0.34471, Precision: 0.11490, Recall: 0.33333 F1: 0.17090, AUROC: 0.50538, AUPRC: 0.33511
EarlyStopping counter: 3 out of 20
Updating learning rate to 0.001968583161128631
Epoch: 9 cost time: 4.4069507122039795
Epoch: 9, Steps: 22, | Train Loss: 1.07025
Validation results --- Loss: 1.07914, Accuracy: 0.43797, Precision: 0.14599, Recall: 0.33333, F1: 0.20305, AUROC: 0.50404, AUPRC: 0.34576
Test results --- Loss: 1.06945, Accuracy: 0.42579, Precision: 0.14193, Recall: 0.33333 F1: 0.19909, AUROC: 0.50745, AUPRC: 0.33647
EarlyStopping counter: 4 out of 20
Updating learning rate to 0.0019602936856769433
Epoch: 10 cost time: 4.466534852981567
Epoch: 10, Steps: 22, | Train Loss: 1.07428
Validation results --- Loss: 1.08656, Accuracy: 0.43797, Precision: 0.14599, Recall: 0.33333, F1: 0.20305, AUROC: 0.50536, AUPRC: 0.34637
Test results --- Loss: 1.06882, Accuracy: 0.42579, Precision: 0.14193, Recall: 0.33333 F1: 0.19909, AUROC: 0.51383, AUPRC: 0.34168
EarlyStopping counter: 5 out of 20
Updating learning rate to 0.0019510565162951536
Epoch: 11 cost time: 4.39752197265625
Epoch: 11, Steps: 22, | Train Loss: 1.07154
Validation results --- Loss: 1.08613, Accuracy: 0.43797, Precision: 0.14599, Recall: 0.33333, F1: 0.20305, AUROC: 0.51044, AUPRC: 0.34819
Test results --- Loss: 1.06927, Accuracy: 0.42579, Precision: 0.14193, Recall: 0.33333 F1: 0.19909, AUROC: 0.51750, AUPRC: 0.34279
EarlyStopping counter: 6 out of 20
Updating learning rate to 0.0019408807689542257
Epoch: 12 cost time: 4.420167922973633
Epoch: 12, Steps: 22, | Train Loss: 1.06697
Validation results --- Loss: 1.08967, Accuracy: 0.43797, Precision: 0.14599, Recall: 0.33333, F1: 0.20305, AUROC: 0.51624, AUPRC: 0.35220
Test results --- Loss: 1.06899, Accuracy: 0.42579, Precision: 0.14193, Recall: 0.33333 F1: 0.19909, AUROC: 0.51858, AUPRC: 0.34604
EarlyStopping counter: 7 out of 20
Updating learning rate to 0.0019297764858882513
Epoch: 13 cost time: 4.459693431854248
Epoch: 13, Steps: 22, | Train Loss: 1.06805
Validation results --- Loss: 1.10649, Accuracy: 0.30592, Precision: 0.29457, Recall: 0.33861, F1: 0.17373, AUROC: 0.51484, AUPRC: 0.35217
Test results --- Loss: 1.07591, Accuracy: 0.36463, Precision: 0.36252, Recall: 0.34770 F1: 0.21055, AUROC: 0.53926, AUPRC: 0.36699
EarlyStopping counter: 8 out of 20
Updating learning rate to 0.001917754625683981
Epoch: 14 cost time: 4.463286638259888
Epoch: 14, Steps: 22, | Train Loss: 1.06063
Validation results --- Loss: 1.12612, Accuracy: 0.37688, Precision: 0.47636, Recall: 0.28828, F1: 0.18880, AUROC: 0.45111, AUPRC: 0.31685
Test results --- Loss: 1.12038, Accuracy: 0.34471, Precision: 0.14503, Recall: 0.27367 F1: 0.18129, AUROC: 0.56139, AUPRC: 0.39963
EarlyStopping counter: 9 out of 20
Updating learning rate to 0.0019048270524660196
Epoch: 15 cost time: 4.44088339805603
Epoch: 15, Steps: 22, | Train Loss: 0.97983
Validation results --- Loss: 1.26973, Accuracy: 0.31673, Precision: 0.23757, Recall: 0.29232, F1: 0.25699, AUROC: 0.46182, AUPRC: 0.32046
Test results --- Loss: 1.16988, Accuracy: 0.54623, Precision: 0.44581, Recall: 0.48038 F1: 0.45756, AUROC: 0.62960, AUPRC: 0.48031
Metric score decreased (-0.203050 --> -0.256995).  Saving model ...

Updating learning rate to 0.0018910065241883678
Epoch: 16 cost time: 4.469571590423584
Epoch: 16, Steps: 22, | Train Loss: 0.90230
Validation results --- Loss: 1.22839, Accuracy: 0.35432, Precision: 0.29264, Recall: 0.34942, F1: 0.28409, AUROC: 0.49417, AUPRC: 0.34075
Test results --- Loss: 1.05809, Accuracy: 0.55050, Precision: 0.44737, Recall: 0.49618 F1: 0.45996, AUROC: 0.67469, AUPRC: 0.49932
Metric score decreased (-0.256995 --> -0.284086).  Saving model ...

Updating learning rate to 0.0018763066800438636
Epoch: 17 cost time: 4.445864200592041
Epoch: 17, Steps: 22, | Train Loss: 0.86276
Validation results --- Loss: 1.19630, Accuracy: 0.37735, Precision: 0.29988, Recall: 0.36319, F1: 0.30168, AUROC: 0.52130, AUPRC: 0.36878
Test results --- Loss: 1.02827, Accuracy: 0.62115, Precision: 0.52992, Recall: 0.55003 F1: 0.50946, AUROC: 0.69144, AUPRC: 0.52124
Metric score decreased (-0.284086 --> -0.301676).  Saving model ...

Updating learning rate to 0.0018607420270039437
Epoch: 18 cost time: 4.445679187774658
Epoch: 18, Steps: 22, | Train Loss: 0.85975
Validation results --- Loss: 1.08875, Accuracy: 0.40836, Precision: 0.37784, Recall: 0.40829, F1: 0.32066, AUROC: 0.57888, AUPRC: 0.43042
Test results --- Loss: 1.09627, Accuracy: 0.56567, Precision: 0.44702, Recall: 0.50782 F1: 0.44433, AUROC: 0.65305, AUPRC: 0.49181
Metric score decreased (-0.301676 --> -0.320657).  Saving model ...

Updating learning rate to 0.001844327925502015
Epoch: 19 cost time: 4.48530912399292
Epoch: 19, Steps: 22, | Train Loss: 0.81952
Validation results --- Loss: 1.13936, Accuracy: 0.39004, Precision: 0.35116, Recall: 0.39321, F1: 0.30929, AUROC: 0.62189, AUPRC: 0.47683
Test results --- Loss: 1.13910, Accuracy: 0.54718, Precision: 0.45449, Recall: 0.49902 F1: 0.45413, AUROC: 0.61001, AUPRC: 0.44937
EarlyStopping counter: 1 out of 20
Updating learning rate to 0.0018270805742745617
Epoch: 20 cost time: 4.423088312149048
Epoch: 20, Steps: 22, | Train Loss: 0.74773
Validation results --- Loss: 1.14785, Accuracy: 0.39568, Precision: 0.35338, Recall: 0.39323, F1: 0.31408, AUROC: 0.63974, AUPRC: 0.48576
Test results --- Loss: 1.13268, Accuracy: 0.58890, Precision: 0.46831, Recall: 0.52821 F1: 0.46965, AUROC: 0.64998, AUPRC: 0.47063
EarlyStopping counter: 2 out of 20
Updating learning rate to 0.0018090169943749475
Epoch: 21 cost time: 4.495144367218018
Epoch: 21, Steps: 22, | Train Loss: 0.74222
Validation results --- Loss: 1.16068, Accuracy: 0.39897, Precision: 0.41179, Recall: 0.40414, F1: 0.31144, AUROC: 0.64706, AUPRC: 0.50802
Test results --- Loss: 1.15536, Accuracy: 0.52821, Precision: 0.45343, Recall: 0.48388 F1: 0.42572, AUROC: 0.62820, AUPRC: 0.45109
EarlyStopping counter: 3 out of 20
Updating learning rate to 0.0017901550123756904
Epoch: 22 cost time: 4.449490308761597
Epoch: 22, Steps: 22, | Train Loss: 0.70058
Validation results --- Loss: 1.28726, Accuracy: 0.42011, Precision: 0.41827, Recall: 0.42360, F1: 0.38035, AUROC: 0.60780, AUPRC: 0.44983
Test results --- Loss: 1.14709, Accuracy: 0.60835, Precision: 0.55564, Recall: 0.56916 F1: 0.55088, AUROC: 0.67061, AUPRC: 0.49156
Metric score decreased (-0.320657 --> -0.380352).  Saving model ...

Updating learning rate to 0.0017705132427757893
Epoch: 23 cost time: 4.403500556945801
Epoch: 23, Steps: 22, | Train Loss: 0.63678
Validation results --- Loss: 1.44929, Accuracy: 0.43656, Precision: 0.42881, Recall: 0.43396, F1: 0.42263, AUROC: 0.60105, AUPRC: 0.47113
Test results --- Loss: 1.32997, Accuracy: 0.49834, Precision: 0.47723, Recall: 0.47241 F1: 0.47395, AUROC: 0.64321, AUPRC: 0.47543
Metric score decreased (-0.380352 --> -0.422630).  Saving model ...

Updating learning rate to 0.0017501110696304595
Epoch: 24 cost time: 4.458990812301636
Epoch: 24, Steps: 22, | Train Loss: 0.62606
Validation results --- Loss: 1.47706, Accuracy: 0.42622, Precision: 0.42884, Recall: 0.42183, F1: 0.41585, AUROC: 0.58788, AUPRC: 0.43762
Test results --- Loss: 1.23422, Accuracy: 0.55714, Precision: 0.53198, Recall: 0.52667 F1: 0.52861, AUROC: 0.69425, AUPRC: 0.54289
EarlyStopping counter: 1 out of 20
Updating learning rate to 0.0017289686274214115
Epoch: 25 cost time: 4.457721471786499
Epoch: 25, Steps: 22, | Train Loss: 0.55407
Validation results --- Loss: 1.58560, Accuracy: 0.40508, Precision: 0.37105, Recall: 0.38798, F1: 0.37789, AUROC: 0.56132, AUPRC: 0.43075
Test results --- Loss: 1.38277, Accuracy: 0.46325, Precision: 0.44150, Recall: 0.42311 F1: 0.42542, AUROC: 0.64248, AUPRC: 0.50179
EarlyStopping counter: 2 out of 20
Updating learning rate to 0.0017071067811865474
Epoch: 26 cost time: 4.3928210735321045
Epoch: 26, Steps: 22, | Train Loss: 0.56233
Validation results --- Loss: 1.47347, Accuracy: 0.44643, Precision: 0.41050, Recall: 0.43160, F1: 0.39948, AUROC: 0.62340, AUPRC: 0.46078
Test results --- Loss: 1.29989, Accuracy: 0.61546, Precision: 0.52481, Recall: 0.55321 F1: 0.52298, AUROC: 0.68557, AUPRC: 0.54276
EarlyStopping counter: 3 out of 20
Updating learning rate to 0.0016845471059286888
Epoch: 27 cost time: 4.479084014892578
Epoch: 27, Steps: 22, | Train Loss: 0.52751
Validation results --- Loss: 1.61665, Accuracy: 0.45395, Precision: 0.41085, Recall: 0.44033, F1: 0.40992, AUROC: 0.61024, AUPRC: 0.46804
Test results --- Loss: 1.39040, Accuracy: 0.55145, Precision: 0.48003, Recall: 0.50019 F1: 0.48176, AUROC: 0.65907, AUPRC: 0.51669
EarlyStopping counter: 4 out of 20
Updating learning rate to 0.0016613118653236519
Epoch: 28 cost time: 4.441324949264526
Epoch: 28, Steps: 22, | Train Loss: 0.48941
Validation results --- Loss: 1.99493, Accuracy: 0.41635, Precision: 0.36555, Recall: 0.40889, F1: 0.36007, AUROC: 0.57719, AUPRC: 0.44226
Test results --- Loss: 1.55182, Accuracy: 0.56994, Precision: 0.48316, Recall: 0.52138 F1: 0.49209, AUROC: 0.66238, AUPRC: 0.52433
EarlyStopping counter: 5 out of 20
Updating learning rate to 0.0016374239897486897
Epoch: 29 cost time: 4.375987529754639
Epoch: 29, Steps: 22, | Train Loss: 0.48262
Validation results --- Loss: 1.81878, Accuracy: 0.43703, Precision: 0.43768, Recall: 0.43268, F1: 0.41441, AUROC: 0.61260, AUPRC: 0.47553
Test results --- Loss: 1.51289, Accuracy: 0.60503, Precision: 0.53450, Recall: 0.55746 F1: 0.53728, AUROC: 0.67940, AUPRC: 0.54351
EarlyStopping counter: 6 out of 20
Updating learning rate to 0.0016129070536529766
Epoch: 30 cost time: 4.463710308074951
Epoch: 30, Steps: 22, | Train Loss: 0.47157
Validation results --- Loss: 1.87904, Accuracy: 0.39944, Precision: 0.35692, Recall: 0.38906, F1: 0.35531, AUROC: 0.57080, AUPRC: 0.42234
Test results --- Loss: 1.43264, Accuracy: 0.61830, Precision: 0.52352, Recall: 0.55971 F1: 0.52868, AUROC: 0.68560, AUPRC: 0.54898
EarlyStopping counter: 7 out of 20
Updating learning rate to 0.0015877852522924731
Epoch: 31 cost time: 4.41253399848938
Epoch: 31, Steps: 22, | Train Loss: 0.42940
Validation results --- Loss: 2.13668, Accuracy: 0.39615, Precision: 0.37515, Recall: 0.38945, F1: 0.36657, AUROC: 0.57250, AUPRC: 0.40686
Test results --- Loss: 1.54939, Accuracy: 0.60835, Precision: 0.54284, Recall: 0.56106 F1: 0.54523, AUROC: 0.68707, AUPRC: 0.54655
EarlyStopping counter: 8 out of 20
Updating learning rate to 0.0015620833778521306
Epoch: 32 cost time: 4.3593854904174805
Epoch: 32, Steps: 22, | Train Loss: 0.40073
Validation results --- Loss: 2.02440, Accuracy: 0.42716, Precision: 0.41006, Recall: 0.42319, F1: 0.38654, AUROC: 0.61010, AUPRC: 0.47230
Test results --- Loss: 1.72957, Accuracy: 0.58843, Precision: 0.48214, Recall: 0.53003 F1: 0.49019, AUROC: 0.66384, AUPRC: 0.52752
EarlyStopping counter: 9 out of 20
Updating learning rate to 0.0015358267949789966
Epoch: 33 cost time: 4.469327688217163
Epoch: 33, Steps: 22, | Train Loss: 0.37857
Validation results --- Loss: 2.03970, Accuracy: 0.44549, Precision: 0.41633, Recall: 0.43091, F1: 0.41092, AUROC: 0.60508, AUPRC: 0.45216
Test results --- Loss: 1.56151, Accuracy: 0.58179, Precision: 0.49903, Recall: 0.52416 F1: 0.50206, AUROC: 0.69124, AUPRC: 0.54500
EarlyStopping counter: 10 out of 20
Updating learning rate to 0.0015090414157503714
Epoch: 34 cost time: 4.416558504104614
Epoch: 34, Steps: 22, | Train Loss: 0.34547
Validation results --- Loss: 2.12344, Accuracy: 0.43186, Precision: 0.41022, Recall: 0.42101, F1: 0.41275, AUROC: 0.59008, AUPRC: 0.44829
Test results --- Loss: 1.70655, Accuracy: 0.50308, Precision: 0.45992, Recall: 0.45549 F1: 0.45130, AUROC: 0.66830, AUPRC: 0.52358
EarlyStopping counter: 11 out of 20
Updating learning rate to 0.0014817536741017151
Epoch: 35 cost time: 4.360753297805786
Epoch: 35, Steps: 22, | Train Loss: 0.33983
Validation results --- Loss: 2.03597, Accuracy: 0.44220, Precision: 0.41798, Recall: 0.43340, F1: 0.41068, AUROC: 0.61430, AUPRC: 0.46436
Test results --- Loss: 1.62085, Accuracy: 0.59317, Precision: 0.50299, Recall: 0.53431 F1: 0.50652, AUROC: 0.69864, AUPRC: 0.54551
EarlyStopping counter: 12 out of 20
Updating learning rate to 0.0014539904997395467
Epoch: 36 cost time: 4.456958770751953
Epoch: 36, Steps: 22, | Train Loss: 0.26920
Validation results --- Loss: 2.57749, Accuracy: 0.37641, Precision: 0.37134, Recall: 0.38004, F1: 0.35755, AUROC: 0.57349, AUPRC: 0.42348
Test results --- Loss: 1.78730, Accuracy: 0.54481, Precision: 0.48135, Recall: 0.50010 F1: 0.48656, AUROC: 0.69828, AUPRC: 0.53921
EarlyStopping counter: 13 out of 20
Updating learning rate to 0.0014257792915650727
Epoch: 37 cost time: 4.438913583755493
Epoch: 37, Steps: 22, | Train Loss: 0.25972
Validation results --- Loss: 2.22086, Accuracy: 0.48167, Precision: 0.48405, Recall: 0.48352, F1: 0.47819, AUROC: 0.63823, AUPRC: 0.49123
Test results --- Loss: 1.69494, Accuracy: 0.55382, Precision: 0.52990, Recall: 0.51615 F1: 0.51930, AUROC: 0.71321, AUPRC: 0.56655
Metric score decreased (-0.422630 --> -0.478193).  Saving model ...

Updating learning rate to 0.0013971478906347806
Epoch: 38 cost time: 4.411332130432129
Epoch: 38, Steps: 22, | Train Loss: 0.23992
Validation results --- Loss: 2.24785, Accuracy: 0.47039, Precision: 0.48506, Recall: 0.48164, F1: 0.46120, AUROC: 0.65300, AUPRC: 0.50494
Test results --- Loss: 1.84564, Accuracy: 0.58464, Precision: 0.53335, Recall: 0.54474 F1: 0.53636, AUROC: 0.69253, AUPRC: 0.53263
EarlyStopping counter: 1 out of 20
Updating learning rate to 0.0013681245526846783
Epoch: 39 cost time: 4.500036239624023
Epoch: 39, Steps: 22, | Train Loss: 0.23297
Validation results --- Loss: 2.51971, Accuracy: 0.45395, Precision: 0.42750, Recall: 0.44123, F1: 0.43027, AUROC: 0.62189, AUPRC: 0.47274
Test results --- Loss: 1.87602, Accuracy: 0.55145, Precision: 0.49748, Recall: 0.49568 F1: 0.48749, AUROC: 0.70474, AUPRC: 0.54010
EarlyStopping counter: 2 out of 20
Updating learning rate to 0.0013387379202452916
Epoch: 40 cost time: 4.439072608947754
Epoch: 40, Steps: 22, | Train Loss: 0.20208
Validation results --- Loss: 2.42594, Accuracy: 0.46476, Precision: 0.46944, Recall: 0.45387, F1: 0.45779, AUROC: 0.61453, AUPRC: 0.47645
Test results --- Loss: 1.96793, Accuracy: 0.50877, Precision: 0.48612, Recall: 0.46483 F1: 0.46599, AUROC: 0.68951, AUPRC: 0.53008
EarlyStopping counter: 3 out of 20
Updating learning rate to 0.0013090169943749475
Epoch: 41 cost time: 4.362511157989502
Epoch: 41, Steps: 22, | Train Loss: 0.22378
Validation results --- Loss: 2.52232, Accuracy: 0.43750, Precision: 0.40257, Recall: 0.42810, F1: 0.40517, AUROC: 0.60518, AUPRC: 0.44104
Test results --- Loss: 1.78934, Accuracy: 0.57515, Precision: 0.48815, Recall: 0.51564 F1: 0.49421, AUROC: 0.71222, AUPRC: 0.55742
EarlyStopping counter: 4 out of 20
Updating learning rate to 0.0012789911060392294
Epoch: 42 cost time: 4.489154100418091
Epoch: 42, Steps: 22, | Train Loss: 0.17836
Validation results --- Loss: 2.30467, Accuracy: 0.48919, Precision: 0.47709, Recall: 0.47966, F1: 0.47718, AUROC: 0.65607, AUPRC: 0.51691
Test results --- Loss: 1.92180, Accuracy: 0.54860, Precision: 0.51234, Recall: 0.49758 F1: 0.49663, AUROC: 0.70143, AUPRC: 0.54773
EarlyStopping counter: 5 out of 20
Updating learning rate to 0.0012486898871648551
Epoch: 43 cost time: 4.397741794586182
Epoch: 43, Steps: 22, | Train Loss: 0.15206
Validation results --- Loss: 2.31027, Accuracy: 0.46476, Precision: 0.44727, Recall: 0.45709, F1: 0.44961, AUROC: 0.64154, AUPRC: 0.48679
Test results --- Loss: 1.89060, Accuracy: 0.54765, Precision: 0.49758, Recall: 0.49354 F1: 0.48791, AUROC: 0.70619, AUPRC: 0.55229
EarlyStopping counter: 6 out of 20
Updating learning rate to 0.0012181432413965428
Epoch: 44 cost time: 4.3738791942596436
Epoch: 44, Steps: 22, | Train Loss: 0.13691
Validation results --- Loss: 2.89289, Accuracy: 0.44690, Precision: 0.41113, Recall: 0.44452, F1: 0.40612, AUROC: 0.63101, AUPRC: 0.46867
Test results --- Loss: 2.12877, Accuracy: 0.59791, Precision: 0.49080, Recall: 0.53585 F1: 0.50086, AUROC: 0.71733, AUPRC: 0.55568
EarlyStopping counter: 7 out of 20
Updating learning rate to 0.0011873813145857248
Epoch: 45 cost time: 4.473829030990601
Epoch: 45, Steps: 22, | Train Loss: 0.12418
Validation results --- Loss: 2.79799, Accuracy: 0.44831, Precision: 0.43401, Recall: 0.44356, F1: 0.43491, AUROC: 0.62129, AUPRC: 0.46350
Test results --- Loss: 2.16403, Accuracy: 0.55287, Precision: 0.49229, Recall: 0.49846 F1: 0.48816, AUROC: 0.69585, AUPRC: 0.54504
EarlyStopping counter: 8 out of 20
Updating learning rate to 0.001156434465040231
Epoch: 46 cost time: 4.489224433898926
Epoch: 46, Steps: 22, | Train Loss: 0.10232
Validation results --- Loss: 2.65940, Accuracy: 0.44972, Precision: 0.43272, Recall: 0.44774, F1: 0.43022, AUROC: 0.64027, AUPRC: 0.47544
Test results --- Loss: 2.06407, Accuracy: 0.58701, Precision: 0.50262, Recall: 0.53013 F1: 0.51084, AUROC: 0.71231, AUPRC: 0.55190
EarlyStopping counter: 9 out of 20
Updating learning rate to 0.0011253332335643042
Epoch: 47 cost time: 4.3745715618133545
Epoch: 47, Steps: 22, | Train Loss: 0.08616
Validation results --- Loss: 2.72231, Accuracy: 0.47321, Precision: 0.44602, Recall: 0.45652, F1: 0.44976, AUROC: 0.64302, AUPRC: 0.47208
Test results --- Loss: 2.16189, Accuracy: 0.55761, Precision: 0.50195, Recall: 0.49657 F1: 0.48537, AUROC: 0.72073, AUPRC: 0.56608
EarlyStopping counter: 10 out of 20
Updating learning rate to 0.0010941083133185145
Epoch: 48 cost time: 4.457459926605225
Epoch: 48, Steps: 22, | Train Loss: 0.07343
Validation results --- Loss: 3.05018, Accuracy: 0.46335, Precision: 0.44045, Recall: 0.45137, F1: 0.44442, AUROC: 0.63326, AUPRC: 0.46232
Test results --- Loss: 2.37027, Accuracy: 0.56472, Precision: 0.49289, Recall: 0.50142 F1: 0.48426, AUROC: 0.70886, AUPRC: 0.55246
EarlyStopping counter: 11 out of 20
Updating learning rate to 0.0010627905195293135
Epoch: 49 cost time: 4.378255605697632
Epoch: 49, Steps: 22, | Train Loss: 0.06546
Validation results --- Loss: 2.92645, Accuracy: 0.46617, Precision: 0.44255, Recall: 0.44889, F1: 0.44525, AUROC: 0.63494, AUPRC: 0.46130
Test results --- Loss: 2.26854, Accuracy: 0.54860, Precision: 0.49375, Recall: 0.48723 F1: 0.47723, AUROC: 0.71455, AUPRC: 0.55847
EarlyStopping counter: 12 out of 20
Updating learning rate to 0.0010314107590781282
Epoch: 50 cost time: 4.368507623672485
Epoch: 50, Steps: 22, | Train Loss: 0.05721
Validation results --- Loss: 3.49184, Accuracy: 0.45583, Precision: 0.43442, Recall: 0.45840, F1: 0.42889, AUROC: 0.63389, AUPRC: 0.46204
Test results --- Loss: 2.39391, Accuracy: 0.60408, Precision: 0.51495, Recall: 0.54566 F1: 0.51911, AUROC: 0.72661, AUPRC: 0.56006
EarlyStopping counter: 13 out of 20
Updating learning rate to 0.001
Epoch: 51 cost time: 4.50125789642334
Epoch: 51, Steps: 22, | Train Loss: 0.04452
Validation results --- Loss: 3.50372, Accuracy: 0.43327, Precision: 0.41759, Recall: 0.42063, F1: 0.41884, AUROC: 0.60769, AUPRC: 0.43728
Test results --- Loss: 2.59196, Accuracy: 0.52489, Precision: 0.48240, Recall: 0.46749 F1: 0.46282, AUROC: 0.69699, AUPRC: 0.54549
EarlyStopping counter: 14 out of 20
Updating learning rate to 0.0009685892409218717
Epoch: 52 cost time: 4.393171310424805
Epoch: 52, Steps: 22, | Train Loss: 0.06508
Validation results --- Loss: 3.27716, Accuracy: 0.45771, Precision: 0.45005, Recall: 0.45660, F1: 0.44943, AUROC: 0.63384, AUPRC: 0.46022
Test results --- Loss: 2.50064, Accuracy: 0.54149, Precision: 0.48294, Recall: 0.48887 F1: 0.48285, AUROC: 0.69834, AUPRC: 0.53891
EarlyStopping counter: 15 out of 20
Updating learning rate to 0.0009372094804706866
Epoch: 53 cost time: 4.38670015335083
Epoch: 53, Steps: 22, | Train Loss: 0.08341
Validation results --- Loss: 3.19268, Accuracy: 0.47744, Precision: 0.44830, Recall: 0.47105, F1: 0.44859, AUROC: 0.64706, AUPRC: 0.47464
Test results --- Loss: 2.27936, Accuracy: 0.61735, Precision: 0.53586, Recall: 0.55896 F1: 0.53628, AUROC: 0.73188, AUPRC: 0.57077
EarlyStopping counter: 16 out of 20
Updating learning rate to 0.0009058916866814857
Epoch: 54 cost time: 4.449277877807617
Epoch: 54, Steps: 22, | Train Loss: 0.04617
Validation results --- Loss: 3.50655, Accuracy: 0.44032, Precision: 0.41890, Recall: 0.43492, F1: 0.42066, AUROC: 0.61761, AUPRC: 0.45145
Test results --- Loss: 2.32899, Accuracy: 0.60408, Precision: 0.52790, Recall: 0.54742 F1: 0.52985, AUROC: 0.72173, AUPRC: 0.56243
EarlyStopping counter: 17 out of 20
Updating learning rate to 0.0008746667664356957
Epoch: 55 cost time: 4.437418460845947
Epoch: 55, Steps: 22, | Train Loss: 0.03612
Validation results --- Loss: 3.55118, Accuracy: 0.45489, Precision: 0.43385, Recall: 0.45903, F1: 0.43072, AUROC: 0.63737, AUPRC: 0.46752
Test results --- Loss: 2.44518, Accuracy: 0.60028, Precision: 0.52132, Recall: 0.54632 F1: 0.52292, AUROC: 0.72934, AUPRC: 0.55955
EarlyStopping counter: 18 out of 20
Updating learning rate to 0.000843565534959769
Epoch: 56 cost time: 4.49092435836792
Epoch: 56, Steps: 22, | Train Loss: 0.04408
Validation results --- Loss: 3.46031, Accuracy: 0.47650, Precision: 0.45065, Recall: 0.46988, F1: 0.45381, AUROC: 0.64565, AUPRC: 0.47690
Test results --- Loss: 2.51695, Accuracy: 0.58701, Precision: 0.50516, Recall: 0.52848 F1: 0.50870, AUROC: 0.71906, AUPRC: 0.55513
EarlyStopping counter: 19 out of 20
Updating learning rate to 0.0008126186854142752
Epoch: 57 cost time: 4.450536727905273
Epoch: 57, Steps: 22, | Train Loss: 0.03593
Validation results --- Loss: 3.34221, Accuracy: 0.46100, Precision: 0.42536, Recall: 0.43786, F1: 0.42916, AUROC: 0.62872, AUPRC: 0.44506
Test results --- Loss: 2.55693, Accuracy: 0.57895, Precision: 0.50171, Recall: 0.50946 F1: 0.48833, AUROC: 0.71985, AUPRC: 0.56409
EarlyStopping counter: 20 out of 20
Early stopping
>>>>>>>testing : eeg_mixer_v4_outAttentionPoolingFusion_AD65_seed_45_dm_128_dp_0.1_tl_4_bs_128_lr0.002_aug_none_pl_80_cb32_kb16_tb16_pe128_ps20_ca0_cp1_git1f056a2_20260503_164107<<<<<<<<<<<<<<<<<<<<<<<<<<<<<<<<<
Validation results --- Loss: 2.22086, Accuracy: 0.48167, Precision: 0.48405, Recall: 0.48352, F1: 0.47819, AUROC: 0.63823, AUPRC: 0.49123
Test results --- Loss: 1.69494, Accuracy: 0.55382, Precision: 0.52990, Recall: 0.51615, F1: 0.51930, AUROC: 0.71321, AUPRC: 0.56655

Validation results --- Loss: 2.22086, Accuracy: 0.48167, Precision: 0.48405, Recall: 0.48352, F1: 0.47819, AUROC: 0.63823, AUPRC: 0.49123
Test results --- Loss: 1.69494, Accuracy: 0.55382, Precision: 0.52990, Recall: 0.51615, F1: 0.51930, AUROC: 0.71321, AUPRC: 0.56655

[result] Saved experiment record to: results/runs/3635086_AD65_eeg_mixer_v4_outAttentionPoolingFusion_seed45.yaml
Use GPU (single): visible=0 -> cuda:0
================================================================================
[Model] eeg_mixer_v4_outAttentionPoolingFusion
[Model Params] Total: 302,459 (0.302 M)
[Model Params] Trainable: 302,459 (0.302 M)
[Model Params] Non-trainable: 0 (0.000 M)
[Model Size] Parameters: 1.15 MB
[Model Size] Buffers: 0.00 MB
[Model Size] Total estimated: 1.15 MB
================================================================================
>>>>>>>start training : eeg_mixer_v4_outAttentionPoolingFusion_AD65_seed_46_dm_128_dp_0.1_tl_4_bs_128_lr0.002_aug_none_pl_80_cb32_kb16_tb16_pe128_ps20_ca0_cp1_git1f056a2_20260503_164737>>>>>>>>>>>>>>>>>>>>>>>>>>
(2701, 2000, 19)
(2701,)
(2128, 2000, 19)
(2128,)
(2109, 2000, 19)
(2109,)
Epoch: 1 cost time: 4.4553117752075195
Epoch: 1, Steps: 22, | Train Loss: 1.48719
Validation results --- Loss: 1.15741, Accuracy: 0.43797, Precision: 0.14599, Recall: 0.33333, F1: 0.20305, AUROC: 0.49019, AUPRC: 0.32876
Test results --- Loss: 1.11315, Accuracy: 0.42579, Precision: 0.14193, Recall: 0.33333 F1: 0.19909, AUROC: 0.49599, AUPRC: 0.33721
Metric score decreased (inf --> -0.203050).  Saving model ...

Updating learning rate to 0.0019995065603657315
Epoch: 2 cost time: 4.425480127334595
Epoch: 2, Steps: 22, | Train Loss: 1.08851
Validation results --- Loss: 1.09731, Accuracy: 0.29652, Precision: 0.09884, Recall: 0.33333, F1: 0.15247, AUROC: 0.48544, AUPRC: 0.32850
Test results --- Loss: 1.07548, Accuracy: 0.34471, Precision: 0.11490, Recall: 0.33333 F1: 0.17090, AUROC: 0.49882, AUPRC: 0.34112
EarlyStopping counter: 1 out of 20
Updating learning rate to 0.0019980267284282717
Epoch: 3 cost time: 4.427863359451294
Epoch: 3, Steps: 22, | Train Loss: 1.07351
Validation results --- Loss: 1.08401, Accuracy: 0.43797, Precision: 0.14599, Recall: 0.33333, F1: 0.20305, AUROC: 0.48623, AUPRC: 0.33003
Test results --- Loss: 1.06904, Accuracy: 0.42579, Precision: 0.14193, Recall: 0.33333 F1: 0.19909, AUROC: 0.50157, AUPRC: 0.34324
EarlyStopping counter: 2 out of 20
Updating learning rate to 0.00199556196460308
Epoch: 4 cost time: 4.4339423179626465
Epoch: 4, Steps: 22, | Train Loss: 1.08535
Validation results --- Loss: 1.08430, Accuracy: 0.43797, Precision: 0.14599, Recall: 0.33333, F1: 0.20305, AUROC: 0.48507, AUPRC: 0.32889
Test results --- Loss: 1.06860, Accuracy: 0.42579, Precision: 0.14193, Recall: 0.33333 F1: 0.19909, AUROC: 0.50146, AUPRC: 0.34399
EarlyStopping counter: 3 out of 20
Updating learning rate to 0.001992114701314478
Epoch: 5 cost time: 4.452940940856934
Epoch: 5, Steps: 22, | Train Loss: 1.06836
Validation results --- Loss: 1.08648, Accuracy: 0.43797, Precision: 0.14599, Recall: 0.33333, F1: 0.20305, AUROC: 0.48372, AUPRC: 0.32694
Test results --- Loss: 1.06861, Accuracy: 0.42579, Precision: 0.14193, Recall: 0.33333 F1: 0.19909, AUROC: 0.49981, AUPRC: 0.34076
EarlyStopping counter: 4 out of 20
Updating learning rate to 0.0019876883405951376
Epoch: 6 cost time: 4.425725936889648
Epoch: 6, Steps: 22, | Train Loss: 1.07343
Validation results --- Loss: 1.10826, Accuracy: 0.29652, Precision: 0.09884, Recall: 0.33333, F1: 0.15247, AUROC: 0.48276, AUPRC: 0.32707
Test results --- Loss: 1.08652, Accuracy: 0.34471, Precision: 0.11490, Recall: 0.33333 F1: 0.17090, AUROC: 0.50103, AUPRC: 0.34236
EarlyStopping counter: 5 out of 20
Updating learning rate to 0.001982287250728689
Epoch: 7 cost time: 4.368315696716309
Epoch: 7, Steps: 22, | Train Loss: 1.07235
Validation results --- Loss: 1.10056, Accuracy: 0.38534, Precision: 0.23684, Recall: 0.32347, F1: 0.26999, AUROC: 0.49010, AUPRC: 0.32989
Test results --- Loss: 1.07426, Accuracy: 0.41110, Precision: 0.26668, Recall: 0.34199 F1: 0.29197, AUROC: 0.50033, AUPRC: 0.34009
Metric score decreased (-0.203050 --> -0.269986).  Saving model ...

Updating learning rate to 0.0019759167619387476
Epoch: 8 cost time: 4.405784368515015
Epoch: 8, Steps: 22, | Train Loss: 1.07174
Validation results --- Loss: 1.09386, Accuracy: 0.43797, Precision: 0.14599, Recall: 0.33333, F1: 0.20305, AUROC: 0.49926, AUPRC: 0.33547
Test results --- Loss: 1.07260, Accuracy: 0.42579, Precision: 0.14193, Recall: 0.33333 F1: 0.19909, AUROC: 0.50367, AUPRC: 0.34155
EarlyStopping counter: 1 out of 20
Updating learning rate to 0.001968583161128631
Epoch: 9 cost time: 4.399515151977539
Epoch: 9, Steps: 22, | Train Loss: 1.07393
Validation results --- Loss: 1.10166, Accuracy: 0.31250, Precision: 0.24250, Recall: 0.32997, F1: 0.21400, AUROC: 0.49952, AUPRC: 0.33726
Test results --- Loss: 1.07900, Accuracy: 0.35704, Precision: 0.25800, Recall: 0.33460 F1: 0.23365, AUROC: 0.50334, AUPRC: 0.34272
EarlyStopping counter: 2 out of 20
Updating learning rate to 0.0019602936856769433
Epoch: 10 cost time: 4.483765602111816
Epoch: 10, Steps: 22, | Train Loss: 1.06626
Validation results --- Loss: 1.10707, Accuracy: 0.41353, Precision: 0.25213, Recall: 0.33879, F1: 0.27577, AUROC: 0.50181, AUPRC: 0.33767
Test results --- Loss: 1.07882, Accuracy: 0.42674, Precision: 0.28064, Recall: 0.34944 F1: 0.28874, AUROC: 0.50379, AUPRC: 0.34111
Metric score decreased (-0.269986 --> -0.275770).  Saving model ...

Updating learning rate to 0.0019510565162951536
Epoch: 11 cost time: 4.480312824249268
Epoch: 11, Steps: 22, | Train Loss: 1.07355
Validation results --- Loss: 1.10792, Accuracy: 0.38346, Precision: 0.25815, Recall: 0.35019, F1: 0.29304, AUROC: 0.50589, AUPRC: 0.33971
Test results --- Loss: 1.07753, Accuracy: 0.40066, Precision: 0.26714, Recall: 0.34719 F1: 0.30110, AUROC: 0.50947, AUPRC: 0.34400
Metric score decreased (-0.275770 --> -0.293043).  Saving model ...

Updating learning rate to 0.0019408807689542257
Epoch: 12 cost time: 4.46607232093811
Epoch: 12, Steps: 22, | Train Loss: 1.06100
Validation results --- Loss: 1.08784, Accuracy: 0.39803, Precision: 0.34667, Recall: 0.34558, F1: 0.32816, AUROC: 0.51380, AUPRC: 0.34301
Test results --- Loss: 1.08216, Accuracy: 0.40967, Precision: 0.36290, Recall: 0.35550 F1: 0.33616, AUROC: 0.51285, AUPRC: 0.35018
Metric score decreased (-0.293043 --> -0.328159).  Saving model ...

Updating learning rate to 0.0019297764858882513
Epoch: 13 cost time: 4.464651584625244
Epoch: 13, Steps: 22, | Train Loss: 1.05224
Validation results --- Loss: 1.10548, Accuracy: 0.35714, Precision: 0.38147, Recall: 0.33773, F1: 0.28625, AUROC: 0.50843, AUPRC: 0.34441
Test results --- Loss: 1.07954, Accuracy: 0.40872, Precision: 0.36404, Recall: 0.36031 F1: 0.32128, AUROC: 0.51846, AUPRC: 0.35778
EarlyStopping counter: 1 out of 20
Updating learning rate to 0.001917754625683981
Epoch: 14 cost time: 4.443072319030762
Epoch: 14, Steps: 22, | Train Loss: 1.03479
Validation results --- Loss: 1.12572, Accuracy: 0.37829, Precision: 0.49870, Recall: 0.37641, F1: 0.28699, AUROC: 0.55133, AUPRC: 0.37892
Test results --- Loss: 1.08733, Accuracy: 0.43528, Precision: 0.35529, Recall: 0.38831 F1: 0.32763, AUROC: 0.55114, AUPRC: 0.38317
EarlyStopping counter: 2 out of 20
Updating learning rate to 0.0019048270524660196
Epoch: 15 cost time: 4.443425178527832
Epoch: 15, Steps: 22, | Train Loss: 0.97020
Validation results --- Loss: 1.05496, Accuracy: 0.44455, Precision: 0.40223, Recall: 0.41148, F1: 0.36394, AUROC: 0.60403, AUPRC: 0.41089
Test results --- Loss: 1.10337, Accuracy: 0.46752, Precision: 0.39828, Recall: 0.40485 F1: 0.37301, AUROC: 0.56041, AUPRC: 0.39032
Metric score decreased (-0.328159 --> -0.363940).  Saving model ...

Updating learning rate to 0.0018910065241883678
Epoch: 16 cost time: 4.428694009780884
Epoch: 16, Steps: 22, | Train Loss: 0.94556
Validation results --- Loss: 1.13229, Accuracy: 0.45818, Precision: 0.36899, Recall: 0.41190, F1: 0.34965, AUROC: 0.60410, AUPRC: 0.40687
Test results --- Loss: 1.14548, Accuracy: 0.47653, Precision: 0.37497, Recall: 0.40378 F1: 0.35472, AUROC: 0.58089, AUPRC: 0.40290
EarlyStopping counter: 1 out of 20
Updating learning rate to 0.0018763066800438636
Epoch: 17 cost time: 4.41924262046814
Epoch: 17, Steps: 22, | Train Loss: 0.95693
Validation results --- Loss: 1.16077, Accuracy: 0.39568, Precision: 0.38664, Recall: 0.40191, F1: 0.33449, AUROC: 0.60518, AUPRC: 0.40604
Test results --- Loss: 1.14654, Accuracy: 0.44761, Precision: 0.39429, Recall: 0.41084 F1: 0.37503, AUROC: 0.58634, AUPRC: 0.40454
EarlyStopping counter: 2 out of 20
Updating learning rate to 0.0018607420270039437
Epoch: 18 cost time: 4.4139180183410645
Epoch: 18, Steps: 22, | Train Loss: 0.94385
Validation results --- Loss: 1.15978, Accuracy: 0.38816, Precision: 0.40506, Recall: 0.39610, F1: 0.28816, AUROC: 0.62150, AUPRC: 0.42412
Test results --- Loss: 1.12136, Accuracy: 0.44429, Precision: 0.41065, Recall: 0.40316 F1: 0.33134, AUROC: 0.58596, AUPRC: 0.41194
EarlyStopping counter: 3 out of 20
Updating learning rate to 0.001844327925502015
Epoch: 19 cost time: 4.4021382331848145
Epoch: 19, Steps: 22, | Train Loss: 0.87879
Validation results --- Loss: 1.11259, Accuracy: 0.48261, Precision: 0.45135, Recall: 0.45776, F1: 0.41671, AUROC: 0.63891, AUPRC: 0.43864
Test results --- Loss: 1.13657, Accuracy: 0.48743, Precision: 0.42279, Recall: 0.42870 F1: 0.40427, AUROC: 0.60133, AUPRC: 0.41779
Metric score decreased (-0.363940 --> -0.416714).  Saving model ...

Updating learning rate to 0.0018270805742745617
Epoch: 20 cost time: 4.472787141799927
Epoch: 20, Steps: 22, | Train Loss: 0.89854
Validation results --- Loss: 1.20704, Accuracy: 0.38393, Precision: 0.40737, Recall: 0.39786, F1: 0.30946, AUROC: 0.63423, AUPRC: 0.43194
Test results --- Loss: 1.15758, Accuracy: 0.42485, Precision: 0.39712, Recall: 0.39815 F1: 0.33303, AUROC: 0.60508, AUPRC: 0.42036
EarlyStopping counter: 1 out of 20
Updating learning rate to 0.0018090169943749475
Epoch: 21 cost time: 4.389297246932983
Epoch: 21, Steps: 22, | Train Loss: 0.83590
Validation results --- Loss: 1.16010, Accuracy: 0.45583, Precision: 0.43270, Recall: 0.43405, F1: 0.43068, AUROC: 0.62956, AUPRC: 0.41572
Test results --- Loss: 1.28621, Accuracy: 0.41916, Precision: 0.40378, Recall: 0.38418 F1: 0.38548, AUROC: 0.58767, AUPRC: 0.39390
Metric score decreased (-0.416714 --> -0.430678).  Saving model ...

Updating learning rate to 0.0017901550123756904
Epoch: 22 cost time: 4.484421253204346
Epoch: 22, Steps: 22, | Train Loss: 0.80607
Validation results --- Loss: 1.15493, Accuracy: 0.46006, Precision: 0.41505, Recall: 0.40841, F1: 0.39356, AUROC: 0.61956, AUPRC: 0.41188
Test results --- Loss: 1.27080, Accuracy: 0.46136, Precision: 0.42875, Recall: 0.40069 F1: 0.38138, AUROC: 0.60553, AUPRC: 0.41232
EarlyStopping counter: 1 out of 20
Updating learning rate to 0.0017705132427757893
Epoch: 23 cost time: 4.473583698272705
Epoch: 23, Steps: 22, | Train Loss: 0.76949
Validation results --- Loss: 1.26224, Accuracy: 0.43327, Precision: 0.41227, Recall: 0.39713, F1: 0.39638, AUROC: 0.61230, AUPRC: 0.40274
Test results --- Loss: 1.45154, Accuracy: 0.42532, Precision: 0.42065, Recall: 0.38368 F1: 0.37776, AUROC: 0.57905, AUPRC: 0.38778
EarlyStopping counter: 2 out of 20
Updating learning rate to 0.0017501110696304595
Epoch: 24 cost time: 4.387775421142578
Epoch: 24, Steps: 22, | Train Loss: 0.72989
Validation results --- Loss: 1.24220, Accuracy: 0.47932, Precision: 0.42040, Recall: 0.42644, F1: 0.40112, AUROC: 0.61554, AUPRC: 0.40811
Test results --- Loss: 1.32391, Accuracy: 0.48127, Precision: 0.43226, Recall: 0.41400 F1: 0.39197, AUROC: 0.61571, AUPRC: 0.42288
EarlyStopping counter: 3 out of 20
Updating learning rate to 0.0017289686274214115
Epoch: 25 cost time: 4.518712043762207
Epoch: 25, Steps: 22, | Train Loss: 0.72250
Validation results --- Loss: 1.18790, Accuracy: 0.50987, Precision: 0.40350, Recall: 0.44597, F1: 0.38801, AUROC: 0.62171, AUPRC: 0.41597
Test results --- Loss: 1.23367, Accuracy: 0.50071, Precision: 0.42298, Recall: 0.41725 F1: 0.36499, AUROC: 0.61275, AUPRC: 0.41661
EarlyStopping counter: 4 out of 20
Updating learning rate to 0.0017071067811865474
Epoch: 26 cost time: 4.4751551151275635
Epoch: 26, Steps: 22, | Train Loss: 0.74175
Validation results --- Loss: 1.21989, Accuracy: 0.43186, Precision: 0.40563, Recall: 0.38836, F1: 0.38432, AUROC: 0.59918, AUPRC: 0.39943
Test results --- Loss: 1.34016, Accuracy: 0.42485, Precision: 0.42324, Recall: 0.37744 F1: 0.36857, AUROC: 0.59382, AUPRC: 0.40223
EarlyStopping counter: 5 out of 20
Updating learning rate to 0.0016845471059286888
Epoch: 27 cost time: 4.412572383880615
Epoch: 27, Steps: 22, | Train Loss: 0.71178
Validation results --- Loss: 1.24104, Accuracy: 0.49624, Precision: 0.42218, Recall: 0.46500, F1: 0.39948, AUROC: 0.63789, AUPRC: 0.44366
Test results --- Loss: 1.11545, Accuracy: 0.52821, Precision: 0.44625, Recall: 0.46089 F1: 0.42371, AUROC: 0.64432, AUPRC: 0.45742
EarlyStopping counter: 6 out of 20
Updating learning rate to 0.0016613118653236519
Epoch: 28 cost time: 4.446779489517212
Epoch: 28, Steps: 22, | Train Loss: 0.67158
Validation results --- Loss: 1.42113, Accuracy: 0.45959, Precision: 0.42237, Recall: 0.41198, F1: 0.40208, AUROC: 0.58942, AUPRC: 0.39279
Test results --- Loss: 1.50548, Accuracy: 0.45187, Precision: 0.42631, Recall: 0.39332 F1: 0.37666, AUROC: 0.61173, AUPRC: 0.41630
EarlyStopping counter: 7 out of 20
Updating learning rate to 0.0016374239897486897
Epoch: 29 cost time: 4.47235894203186
Epoch: 29, Steps: 22, | Train Loss: 0.71374
Validation results --- Loss: 1.23691, Accuracy: 0.46147, Precision: 0.41055, Recall: 0.45287, F1: 0.40013, AUROC: 0.63399, AUPRC: 0.42510
Test results --- Loss: 1.11019, Accuracy: 0.48933, Precision: 0.42994, Recall: 0.44851 F1: 0.42796, AUROC: 0.63681, AUPRC: 0.44421
EarlyStopping counter: 8 out of 20
Updating learning rate to 0.0016129070536529766
Epoch: 30 cost time: 4.388443946838379
Epoch: 30, Steps: 22, | Train Loss: 0.67559
Validation results --- Loss: 1.28125, Accuracy: 0.49906, Precision: 0.39847, Recall: 0.43543, F1: 0.38399, AUROC: 0.60772, AUPRC: 0.40795
Test results --- Loss: 1.25949, Accuracy: 0.48838, Precision: 0.42597, Recall: 0.40915 F1: 0.36578, AUROC: 0.62812, AUPRC: 0.43600
EarlyStopping counter: 9 out of 20
Updating learning rate to 0.0015877852522924731
Epoch: 31 cost time: 4.496060132980347
Epoch: 31, Steps: 22, | Train Loss: 0.64231
Validation results --- Loss: 1.55298, Accuracy: 0.48120, Precision: 0.47045, Recall: 0.47571, F1: 0.42394, AUROC: 0.64091, AUPRC: 0.44391
Test results --- Loss: 1.24853, Accuracy: 0.53864, Precision: 0.48887, Recall: 0.49554 F1: 0.46908, AUROC: 0.66870, AUPRC: 0.48448
EarlyStopping counter: 10 out of 20
Updating learning rate to 0.0015620833778521306
Epoch: 32 cost time: 4.405221223831177
Epoch: 32, Steps: 22, | Train Loss: 0.63827
Validation results --- Loss: 1.29352, Accuracy: 0.47180, Precision: 0.42093, Recall: 0.44269, F1: 0.42263, AUROC: 0.61559, AUPRC: 0.40827
Test results --- Loss: 1.20529, Accuracy: 0.48317, Precision: 0.43601, Recall: 0.43416 F1: 0.42800, AUROC: 0.63594, AUPRC: 0.44567
EarlyStopping counter: 11 out of 20
Updating learning rate to 0.0015358267949789966
Epoch: 33 cost time: 4.376145601272583
Epoch: 33, Steps: 22, | Train Loss: 0.61977
Validation results --- Loss: 1.30478, Accuracy: 0.50564, Precision: 0.45026, Recall: 0.47423, F1: 0.43977, AUROC: 0.63577, AUPRC: 0.43317
Test results --- Loss: 1.16997, Accuracy: 0.50640, Precision: 0.43562, Recall: 0.44832 F1: 0.43096, AUROC: 0.65665, AUPRC: 0.46707
Metric score decreased (-0.430678 --> -0.439774).  Saving model ...

Updating learning rate to 0.0015090414157503714
Epoch: 34 cost time: 4.488562822341919
Epoch: 34, Steps: 22, | Train Loss: 0.63363
Validation results --- Loss: 1.35796, Accuracy: 0.49483, Precision: 0.39664, Recall: 0.46205, F1: 0.40129, AUROC: 0.63445, AUPRC: 0.42914
Test results --- Loss: 1.16796, Accuracy: 0.52300, Precision: 0.43098, Recall: 0.45820 F1: 0.42249, AUROC: 0.65322, AUPRC: 0.46204
EarlyStopping counter: 1 out of 20
Updating learning rate to 0.0014817536741017151
Epoch: 35 cost time: 4.425498723983765
Epoch: 35, Steps: 22, | Train Loss: 0.60328
Validation results --- Loss: 1.58302, Accuracy: 0.46053, Precision: 0.37387, Recall: 0.44546, F1: 0.36715, AUROC: 0.63055, AUPRC: 0.43669
Test results --- Loss: 1.25340, Accuracy: 0.53295, Precision: 0.44368, Recall: 0.47860 F1: 0.42824, AUROC: 0.66463, AUPRC: 0.47922
EarlyStopping counter: 2 out of 20
Updating learning rate to 0.0014539904997395467
Epoch: 36 cost time: 4.423473358154297
Epoch: 36, Steps: 22, | Train Loss: 0.53967
Validation results --- Loss: 1.57305, Accuracy: 0.50188, Precision: 0.41901, Recall: 0.46939, F1: 0.41464, AUROC: 0.62351, AUPRC: 0.41479
Test results --- Loss: 1.29492, Accuracy: 0.53580, Precision: 0.46442, Recall: 0.47342 F1: 0.44480, AUROC: 0.66297, AUPRC: 0.47091
EarlyStopping counter: 3 out of 20
Updating learning rate to 0.0014257792915650727
Epoch: 37 cost time: 4.452934980392456
Epoch: 37, Steps: 22, | Train Loss: 0.51253
Validation results --- Loss: 2.04531, Accuracy: 0.47180, Precision: 0.52745, Recall: 0.46317, F1: 0.37567, AUROC: 0.66420, AUPRC: 0.49657
Test results --- Loss: 1.64035, Accuracy: 0.52679, Precision: 0.53659, Recall: 0.47876 F1: 0.41268, AUROC: 0.69447, AUPRC: 0.53291
EarlyStopping counter: 4 out of 20
Updating learning rate to 0.0013971478906347806
Epoch: 38 cost time: 4.3774518966674805
Epoch: 38, Steps: 22, | Train Loss: 0.69252
Validation results --- Loss: 1.58045, Accuracy: 0.45207, Precision: 0.39966, Recall: 0.38386, F1: 0.35340, AUROC: 0.58649, AUPRC: 0.38899
Test results --- Loss: 1.75384, Accuracy: 0.46515, Precision: 0.44801, Recall: 0.39564 F1: 0.36357, AUROC: 0.60472, AUPRC: 0.41761
EarlyStopping counter: 5 out of 20
Updating learning rate to 0.0013681245526846783
Epoch: 39 cost time: 4.402999639511108
Epoch: 39, Steps: 22, | Train Loss: 0.69417
Validation results --- Loss: 1.48585, Accuracy: 0.48543, Precision: 0.40098, Recall: 0.46633, F1: 0.37939, AUROC: 0.65537, AUPRC: 0.45367
Test results --- Loss: 1.17361, Accuracy: 0.55951, Precision: 0.47541, Recall: 0.49660 F1: 0.43536, AUROC: 0.69015, AUPRC: 0.51085
EarlyStopping counter: 6 out of 20
Updating learning rate to 0.0013387379202452916
Epoch: 40 cost time: 4.470800399780273
Epoch: 40, Steps: 22, | Train Loss: 0.49366
Validation results --- Loss: 1.55110, Accuracy: 0.50893, Precision: 0.45521, Recall: 0.47355, F1: 0.44272, AUROC: 0.63209, AUPRC: 0.42496
Test results --- Loss: 1.29812, Accuracy: 0.53011, Precision: 0.48062, Recall: 0.47231 F1: 0.46126, AUROC: 0.67846, AUPRC: 0.49732
Metric score decreased (-0.439774 --> -0.442724).  Saving model ...

Updating learning rate to 0.0013090169943749475
Epoch: 41 cost time: 4.375856876373291
Epoch: 41, Steps: 22, | Train Loss: 0.42293
Validation results --- Loss: 1.64150, Accuracy: 0.44220, Precision: 0.44551, Recall: 0.44981, F1: 0.44145, AUROC: 0.62723, AUPRC: 0.42580
Test results --- Loss: 1.55597, Accuracy: 0.46088, Precision: 0.46668, Recall: 0.44899 F1: 0.45012, AUROC: 0.65834, AUPRC: 0.48924
EarlyStopping counter: 1 out of 20
Updating learning rate to 0.0012789911060392294
Epoch: 42 cost time: 4.446606636047363
Epoch: 42, Steps: 22, | Train Loss: 0.49385
Validation results --- Loss: 1.54552, Accuracy: 0.45113, Precision: 0.44388, Recall: 0.44446, F1: 0.44379, AUROC: 0.61768, AUPRC: 0.41505
Test results --- Loss: 1.42468, Accuracy: 0.46183, Precision: 0.45315, Recall: 0.43524 F1: 0.43739, AUROC: 0.65900, AUPRC: 0.47964
Metric score decreased (-0.442724 --> -0.443787).  Saving model ...

Updating learning rate to 0.0012486898871648551
Epoch: 43 cost time: 4.454294681549072
Epoch: 43, Steps: 22, | Train Loss: 0.44703
Validation results --- Loss: 1.76452, Accuracy: 0.48778, Precision: 0.44357, Recall: 0.46749, F1: 0.40231, AUROC: 0.64547, AUPRC: 0.45406
Test results --- Loss: 1.35400, Accuracy: 0.56804, Precision: 0.51954, Recall: 0.51171 F1: 0.47725, AUROC: 0.69218, AUPRC: 0.52605
EarlyStopping counter: 1 out of 20
Updating learning rate to 0.0012181432413965428
Epoch: 44 cost time: 4.386423826217651
Epoch: 44, Steps: 22, | Train Loss: 0.41669
Validation results --- Loss: 1.65425, Accuracy: 0.48778, Precision: 0.44586, Recall: 0.47201, F1: 0.44550, AUROC: 0.63530, AUPRC: 0.42798
Test results --- Loss: 1.34415, Accuracy: 0.53153, Precision: 0.48763, Recall: 0.48969 F1: 0.48501, AUROC: 0.68375, AUPRC: 0.51223
Metric score decreased (-0.443787 --> -0.445497).  Saving model ...

Updating learning rate to 0.0011873813145857248
Epoch: 45 cost time: 4.434475898742676
Epoch: 45, Steps: 22, | Train Loss: 0.37501
Validation results --- Loss: 1.81907, Accuracy: 0.47039, Precision: 0.43074, Recall: 0.45858, F1: 0.43485, AUROC: 0.61715, AUPRC: 0.41693
Test results --- Loss: 1.46344, Accuracy: 0.51494, Precision: 0.47663, Recall: 0.47842 F1: 0.47601, AUROC: 0.67055, AUPRC: 0.49421
EarlyStopping counter: 1 out of 20
Updating learning rate to 0.001156434465040231
Epoch: 46 cost time: 4.461238622665405
Epoch: 46, Steps: 22, | Train Loss: 0.37442
Validation results --- Loss: 2.02797, Accuracy: 0.48261, Precision: 0.44319, Recall: 0.42407, F1: 0.40771, AUROC: 0.60568, AUPRC: 0.40896
Test results --- Loss: 2.12793, Accuracy: 0.50119, Precision: 0.49466, Recall: 0.43395 F1: 0.41098, AUROC: 0.65758, AUPRC: 0.47152
EarlyStopping counter: 2 out of 20
Updating learning rate to 0.0011253332335643042
Epoch: 47 cost time: 4.4009644985198975
Epoch: 47, Steps: 22, | Train Loss: 0.47229
Validation results --- Loss: 1.94974, Accuracy: 0.49295, Precision: 0.41386, Recall: 0.46860, F1: 0.40279, AUROC: 0.64032, AUPRC: 0.43796
Test results --- Loss: 1.37639, Accuracy: 0.59080, Precision: 0.51486, Recall: 0.52616 F1: 0.48297, AUROC: 0.71472, AUPRC: 0.53792
EarlyStopping counter: 3 out of 20
Updating learning rate to 0.0010941083133185145
Epoch: 48 cost time: 4.438352108001709
Epoch: 48, Steps: 22, | Train Loss: 0.41501
Validation results --- Loss: 1.89855, Accuracy: 0.44173, Precision: 0.41764, Recall: 0.44351, F1: 0.40329, AUROC: 0.63601, AUPRC: 0.42994
Test results --- Loss: 1.40767, Accuracy: 0.56472, Precision: 0.52890, Recall: 0.53445 F1: 0.51933, AUROC: 0.69712, AUPRC: 0.51994
EarlyStopping counter: 4 out of 20
Updating learning rate to 0.0010627905195293135
Epoch: 49 cost time: 4.4933106899261475
Epoch: 49, Steps: 22, | Train Loss: 0.39434
Validation results --- Loss: 1.96372, Accuracy: 0.39756, Precision: 0.41568, Recall: 0.39070, F1: 0.39648, AUROC: 0.58483, AUPRC: 0.39183
Test results --- Loss: 1.92734, Accuracy: 0.44002, Precision: 0.47212, Recall: 0.42418 F1: 0.42087, AUROC: 0.64736, AUPRC: 0.46480
EarlyStopping counter: 5 out of 20
Updating learning rate to 0.0010314107590781282
Epoch: 50 cost time: 4.3796000480651855
Epoch: 50, Steps: 22, | Train Loss: 0.39105
Validation results --- Loss: 1.84937, Accuracy: 0.49765, Precision: 0.44683, Recall: 0.47052, F1: 0.44564, AUROC: 0.63208, AUPRC: 0.42748
Test results --- Loss: 1.58385, Accuracy: 0.53011, Precision: 0.48979, Recall: 0.48027 F1: 0.47583, AUROC: 0.68329, AUPRC: 0.50324
Metric score decreased (-0.445497 --> -0.445636).  Saving model ...

Updating learning rate to 0.001
Epoch: 51 cost time: 4.441007375717163
Epoch: 51, Steps: 22, | Train Loss: 0.32489
Validation results --- Loss: 1.58598, Accuracy: 0.50611, Precision: 0.48777, Recall: 0.50135, F1: 0.49020, AUROC: 0.66033, AUPRC: 0.45974
Test results --- Loss: 1.43300, Accuracy: 0.50024, Precision: 0.46939, Recall: 0.46687 F1: 0.46757, AUROC: 0.68421, AUPRC: 0.51031
Metric score decreased (-0.445636 --> -0.490196).  Saving model ...

Updating learning rate to 0.0009685892409218717
Epoch: 52 cost time: 4.480156898498535
Epoch: 52, Steps: 22, | Train Loss: 0.32285
Validation results --- Loss: 1.88373, Accuracy: 0.51739, Precision: 0.46502, Recall: 0.46810, F1: 0.44266, AUROC: 0.63351, AUPRC: 0.43200
Test results --- Loss: 1.75720, Accuracy: 0.51067, Precision: 0.48889, Recall: 0.44439 F1: 0.42743, AUROC: 0.68694, AUPRC: 0.50708
EarlyStopping counter: 1 out of 20
Updating learning rate to 0.0009372094804706866
Epoch: 53 cost time: 4.40823221206665
Epoch: 53, Steps: 22, | Train Loss: 0.25652
Validation results --- Loss: 1.92034, Accuracy: 0.51551, Precision: 0.47331, Recall: 0.47278, F1: 0.44623, AUROC: 0.63548, AUPRC: 0.43838
Test results --- Loss: 1.71797, Accuracy: 0.52157, Precision: 0.49443, Recall: 0.45738 F1: 0.44361, AUROC: 0.69148, AUPRC: 0.52118
EarlyStopping counter: 2 out of 20
Updating learning rate to 0.0009058916866814857
Epoch: 54 cost time: 4.455019950866699
Epoch: 54, Steps: 22, | Train Loss: 0.25614
Validation results --- Loss: 2.23214, Accuracy: 0.47462, Precision: 0.46048, Recall: 0.47711, F1: 0.43791, AUROC: 0.65602, AUPRC: 0.45489
Test results --- Loss: 1.72582, Accuracy: 0.56046, Precision: 0.52708, Recall: 0.53049 F1: 0.51897, AUROC: 0.70397, AUPRC: 0.53866
EarlyStopping counter: 3 out of 20
Updating learning rate to 0.0008746667664356957
Epoch: 55 cost time: 4.475351810455322
Epoch: 55, Steps: 22, | Train Loss: 0.29749
Validation results --- Loss: 1.90743, Accuracy: 0.48026, Precision: 0.45277, Recall: 0.44770, F1: 0.44539, AUROC: 0.62435, AUPRC: 0.42563
Test results --- Loss: 1.88478, Accuracy: 0.49312, Precision: 0.47746, Recall: 0.44690 F1: 0.44257, AUROC: 0.67518, AUPRC: 0.49964
EarlyStopping counter: 4 out of 20
Updating learning rate to 0.000843565534959769
Epoch: 56 cost time: 4.469581127166748
Epoch: 56, Steps: 22, | Train Loss: 0.25201
Validation results --- Loss: 2.05801, Accuracy: 0.50846, Precision: 0.46891, Recall: 0.48404, F1: 0.45927, AUROC: 0.65374, AUPRC: 0.45880
Test results --- Loss: 1.75933, Accuracy: 0.55382, Precision: 0.51561, Recall: 0.50469 F1: 0.50050, AUROC: 0.69855, AUPRC: 0.53286
EarlyStopping counter: 5 out of 20
Updating learning rate to 0.0008126186854142752
Epoch: 57 cost time: 4.450028419494629
Epoch: 57, Steps: 22, | Train Loss: 0.23203
Validation results --- Loss: 2.17842, Accuracy: 0.51692, Precision: 0.46728, Recall: 0.48124, F1: 0.43263, AUROC: 0.64882, AUPRC: 0.44997
Test results --- Loss: 1.77231, Accuracy: 0.55524, Precision: 0.51755, Recall: 0.48882 F1: 0.46538, AUROC: 0.70206, AUPRC: 0.53169
EarlyStopping counter: 6 out of 20
Updating learning rate to 0.0007818567586034578
Epoch: 58 cost time: 4.432281255722046
Epoch: 58, Steps: 22, | Train Loss: 0.20316
Validation results --- Loss: 2.32258, Accuracy: 0.51410, Precision: 0.45113, Recall: 0.47755, F1: 0.43928, AUROC: 0.63563, AUPRC: 0.44228
Test results --- Loss: 1.96545, Accuracy: 0.53343, Precision: 0.49617, Recall: 0.47471 F1: 0.46274, AUROC: 0.68891, AUPRC: 0.51385
EarlyStopping counter: 7 out of 20
Updating learning rate to 0.0007513101128351453
Epoch: 59 cost time: 4.397640943527222
Epoch: 59, Steps: 22, | Train Loss: 0.19209
Validation results --- Loss: 2.31015, Accuracy: 0.49624, Precision: 0.44807, Recall: 0.46328, F1: 0.44679, AUROC: 0.63080, AUPRC: 0.42923
Test results --- Loss: 2.16996, Accuracy: 0.50688, Precision: 0.47242, Recall: 0.45500 F1: 0.44992, AUROC: 0.67338, AUPRC: 0.49203
EarlyStopping counter: 8 out of 20
Updating learning rate to 0.0007210088939607708
Epoch: 60 cost time: 4.467560529708862
Epoch: 60, Steps: 22, | Train Loss: 0.18305
Validation results --- Loss: 2.52425, Accuracy: 0.51081, Precision: 0.46448, Recall: 0.47549, F1: 0.42417, AUROC: 0.64531, AUPRC: 0.44807
Test results --- Loss: 2.04424, Accuracy: 0.55666, Precision: 0.53807, Recall: 0.49075 F1: 0.46592, AUROC: 0.69655, AUPRC: 0.53004
EarlyStopping counter: 9 out of 20
Updating learning rate to 0.0006909830056250527
Epoch: 61 cost time: 4.440404891967773
Epoch: 61, Steps: 22, | Train Loss: 0.19387
Validation results --- Loss: 2.25209, Accuracy: 0.50282, Precision: 0.46178, Recall: 0.47331, F1: 0.45877, AUROC: 0.63958, AUPRC: 0.43796
Test results --- Loss: 2.12453, Accuracy: 0.50830, Precision: 0.47341, Recall: 0.45976 F1: 0.45630, AUROC: 0.67234, AUPRC: 0.49412
EarlyStopping counter: 10 out of 20
Updating learning rate to 0.0006612620797547086
Epoch: 62 cost time: 4.348492622375488
Epoch: 62, Steps: 22, | Train Loss: 0.17965
Validation results --- Loss: 2.37303, Accuracy: 0.50846, Precision: 0.45860, Recall: 0.46144, F1: 0.43876, AUROC: 0.63035, AUPRC: 0.43104
Test results --- Loss: 2.39178, Accuracy: 0.50972, Precision: 0.49753, Recall: 0.44625 F1: 0.43247, AUROC: 0.66871, AUPRC: 0.49362
EarlyStopping counter: 11 out of 20
Updating learning rate to 0.0006318754473153221
Epoch: 63 cost time: 4.477271556854248
Epoch: 63, Steps: 22, | Train Loss: 0.16777
Validation results --- Loss: 2.46704, Accuracy: 0.49765, Precision: 0.45401, Recall: 0.47174, F1: 0.45280, AUROC: 0.63290, AUPRC: 0.43181
Test results --- Loss: 2.19078, Accuracy: 0.52252, Precision: 0.48259, Recall: 0.47226 F1: 0.46785, AUROC: 0.67669, AUPRC: 0.49372
EarlyStopping counter: 12 out of 20
Updating learning rate to 0.0006028521093652195
Epoch: 64 cost time: 4.4129958152771
Epoch: 64, Steps: 22, | Train Loss: 0.13728
Validation results --- Loss: 2.59373, Accuracy: 0.51739, Precision: 0.46617, Recall: 0.48047, F1: 0.44402, AUROC: 0.64095, AUPRC: 0.44055
Test results --- Loss: 2.18889, Accuracy: 0.54481, Precision: 0.51827, Recall: 0.48287 F1: 0.47039, AUROC: 0.70112, AUPRC: 0.53188
EarlyStopping counter: 13 out of 20
Updating learning rate to 0.0005742207084349273
Epoch: 65 cost time: 4.397331714630127
Epoch: 65, Steps: 22, | Train Loss: 0.14747
Validation results --- Loss: 2.75235, Accuracy: 0.46476, Precision: 0.43950, Recall: 0.46476, F1: 0.43150, AUROC: 0.63883, AUPRC: 0.43394
Test results --- Loss: 2.12791, Accuracy: 0.56093, Precision: 0.53127, Recall: 0.53287 F1: 0.52779, AUROC: 0.69555, AUPRC: 0.52733
EarlyStopping counter: 14 out of 20
Updating learning rate to 0.0005460095002604533
Epoch: 66 cost time: 4.486470699310303
Epoch: 66, Steps: 22, | Train Loss: 0.15387
Validation results --- Loss: 2.63724, Accuracy: 0.46992, Precision: 0.44162, Recall: 0.46690, F1: 0.43893, AUROC: 0.63777, AUPRC: 0.43617
Test results --- Loss: 2.16735, Accuracy: 0.53627, Precision: 0.50357, Recall: 0.50667 F1: 0.50419, AUROC: 0.68405, AUPRC: 0.51011
EarlyStopping counter: 15 out of 20
Updating learning rate to 0.0005182463258982846
Epoch: 67 cost time: 4.4404895305633545
Epoch: 67, Steps: 22, | Train Loss: 0.12574
Validation results --- Loss: 2.71688, Accuracy: 0.49624, Precision: 0.45849, Recall: 0.47970, F1: 0.44397, AUROC: 0.65147, AUPRC: 0.45238
Test results --- Loss: 2.13140, Accuracy: 0.57658, Precision: 0.53416, Recall: 0.52612 F1: 0.51596, AUROC: 0.70755, AUPRC: 0.54048
EarlyStopping counter: 16 out of 20
Updating learning rate to 0.0004909585842496287
Epoch: 68 cost time: 4.34781551361084
Epoch: 68, Steps: 22, | Train Loss: 0.10527
Validation results --- Loss: 2.55823, Accuracy: 0.50940, Precision: 0.47816, Recall: 0.48605, F1: 0.47787, AUROC: 0.64747, AUPRC: 0.44891
Test results --- Loss: 2.49551, Accuracy: 0.51683, Precision: 0.49097, Recall: 0.47237 F1: 0.47121, AUROC: 0.68206, AUPRC: 0.51369
EarlyStopping counter: 17 out of 20
Updating learning rate to 0.0004641732050210031
Epoch: 69 cost time: 4.457306385040283
Epoch: 69, Steps: 22, | Train Loss: 0.09463
Validation results --- Loss: 2.66349, Accuracy: 0.51128, Precision: 0.46798, Recall: 0.48050, F1: 0.45476, AUROC: 0.64839, AUPRC: 0.45230
Test results --- Loss: 2.38601, Accuracy: 0.54054, Precision: 0.50151, Recall: 0.48374 F1: 0.47499, AUROC: 0.69152, AUPRC: 0.52347
EarlyStopping counter: 18 out of 20
Updating learning rate to 0.0004379166221478696
Epoch: 70 cost time: 4.389475584030151
Epoch: 70, Steps: 22, | Train Loss: 0.07879
Validation results --- Loss: 2.73226, Accuracy: 0.49577, Precision: 0.46885, Recall: 0.47801, F1: 0.47149, AUROC: 0.64297, AUPRC: 0.44434
Test results --- Loss: 2.73794, Accuracy: 0.51636, Precision: 0.49251, Recall: 0.47856 F1: 0.47894, AUROC: 0.66929, AUPRC: 0.49619
EarlyStopping counter: 19 out of 20
Updating learning rate to 0.00041221474770752696
Epoch: 71 cost time: 4.380087614059448
Epoch: 71, Steps: 22, | Train Loss: 0.10921
Validation results --- Loss: 2.75984, Accuracy: 0.50470, Precision: 0.46021, Recall: 0.46808, F1: 0.45240, AUROC: 0.64031, AUPRC: 0.43754
Test results --- Loss: 2.67703, Accuracy: 0.51731, Precision: 0.48947, Recall: 0.45972 F1: 0.45215, AUROC: 0.68222, AUPRC: 0.51012
EarlyStopping counter: 20 out of 20
Early stopping
>>>>>>>testing : eeg_mixer_v4_outAttentionPoolingFusion_AD65_seed_46_dm_128_dp_0.1_tl_4_bs_128_lr0.002_aug_none_pl_80_cb32_kb16_tb16_pe128_ps20_ca0_cp1_git1f056a2_20260503_164737<<<<<<<<<<<<<<<<<<<<<<<<<<<<<<<<<
Validation results --- Loss: 1.58598, Accuracy: 0.50611, Precision: 0.48777, Recall: 0.50135, F1: 0.49020, AUROC: 0.66033, AUPRC: 0.45974
Test results --- Loss: 1.43300, Accuracy: 0.50024, Precision: 0.46939, Recall: 0.46687, F1: 0.46757, AUROC: 0.68421, AUPRC: 0.51031

Validation results --- Loss: 1.58598, Accuracy: 0.50611, Precision: 0.48777, Recall: 0.50135, F1: 0.49020, AUROC: 0.66033, AUPRC: 0.45974
Test results --- Loss: 1.43300, Accuracy: 0.50024, Precision: 0.46939, Recall: 0.46687, F1: 0.46757, AUROC: 0.68421, AUPRC: 0.51031

[result] Saved experiment record to: results/runs/3635086_AD65_eeg_mixer_v4_outAttentionPoolingFusion_seed46.yaml
Mean accuracy: 0.5178, precision: 0.4606,recall: 0.4717, f1: 0.4598, AUROC: 0.6618, AUPRC: 0.4896
Std accuracy: 0.0192, precision: 0.0508,recall: 0.0233, f1: 0.0419, AUROC: 0.0219, AUPRC: 0.0220
