[device] set CUDA_VISIBLE_DEVICES=0
[dataset_cfg] BCIC2A root_path -> /work/bme-shenxk/data/BCIC2A_wsn
[dataset_cfg] applied 30 params for BCIC2A
A total 12 CPUs are used, making sure that num_worker is small than the number of CPUs
Use GPU (single): visible=0 -> cuda:0
================================================================================
[Model] eeg_mixer_v4_outAttentionPoolingFusion
[Model Params] Total: 303,934 (0.304 M)
[Model Params] Trainable: 303,934 (0.304 M)
[Model Params] Non-trainable: 0 (0.000 M)
[Model Size] Parameters: 1.16 MB
[Model Size] Buffers: 0.00 MB
[Model Size] Total estimated: 1.16 MB
================================================================================
>>>>>>>start training : eeg_mixer_v4_outAttentionPoolingFusion_BCIC2A_seed_42_dm_128_dp_0.1_tl_4_bs_128_lr0.002_aug_none_pl_80_cb32_kb16_tb16_pe128_ps20_ca1_cp1_git1f056a2_20260503_165554>>>>>>>>>>>>>>>>>>>>>>>>>>
(2304, 800, 22)
(2304,)
(1152, 800, 22)
(1152,)
(1728, 800, 22)
(1728,)
Epoch: 1 cost time: 3.6295387744903564
Epoch: 1, Steps: 18, | Train Loss: 1.70320
Validation results --- Loss: 1.39405, Accuracy: 0.25868, Precision: 0.12909, Recall: 0.25868, F1: 0.15242, AUROC: 0.54524, AUPRC: 0.27929
Test results --- Loss: 1.39227, Accuracy: 0.28241, Precision: 0.13885, Recall: 0.28241 F1: 0.17791, AUROC: 0.56613, AUPRC: 0.29591
Metric score decreased (inf --> -0.152415).  Saving model ...

Updating learning rate to 0.0019995065603657315
Epoch: 2 cost time: 3.3108696937561035
Epoch: 2, Steps: 18, | Train Loss: 1.39873
Validation results --- Loss: 1.39239, Accuracy: 0.28559, Precision: 0.22334, Recall: 0.28559, F1: 0.23184, AUROC: 0.55236, AUPRC: 0.28831
Test results --- Loss: 1.38832, Accuracy: 0.28935, Precision: 0.22050, Recall: 0.28935 F1: 0.22641, AUROC: 0.57513, AUPRC: 0.30327
Metric score decreased (-0.152415 --> -0.231840).  Saving model ...

Updating learning rate to 0.0019980267284282717
Epoch: 3 cost time: 3.2909140586853027
Epoch: 3, Steps: 18, | Train Loss: 1.37977
Validation results --- Loss: 1.39913, Accuracy: 0.26823, Precision: 0.21074, Recall: 0.26823, F1: 0.17061, AUROC: 0.55985, AUPRC: 0.29553
Test results --- Loss: 1.38598, Accuracy: 0.27778, Precision: 0.23120, Recall: 0.27778 F1: 0.18581, AUROC: 0.57916, AUPRC: 0.30570
EarlyStopping counter: 1 out of 20
Updating learning rate to 0.00199556196460308
Epoch: 4 cost time: 3.2712302207946777
Epoch: 4, Steps: 18, | Train Loss: 1.37051
Validation results --- Loss: 1.41976, Accuracy: 0.27951, Precision: 0.24281, Recall: 0.27951, F1: 0.19895, AUROC: 0.56870, AUPRC: 0.30244
Test results --- Loss: 1.39613, Accuracy: 0.26620, Precision: 0.21973, Recall: 0.26620 F1: 0.18408, AUROC: 0.57903, AUPRC: 0.30508
EarlyStopping counter: 2 out of 20
Updating learning rate to 0.001992114701314478
Epoch: 5 cost time: 3.250734806060791
Epoch: 5, Steps: 18, | Train Loss: 1.34053
Validation results --- Loss: 1.40646, Accuracy: 0.32205, Precision: 0.31393, Recall: 0.32205, F1: 0.28346, AUROC: 0.58123, AUPRC: 0.31245
Test results --- Loss: 1.36308, Accuracy: 0.34028, Precision: 0.32175, Recall: 0.34028 F1: 0.29845, AUROC: 0.60938, AUPRC: 0.33591
Metric score decreased (-0.231840 --> -0.283459).  Saving model ...

Updating learning rate to 0.0019876883405951376
Epoch: 6 cost time: 3.3101985454559326
Epoch: 6, Steps: 18, | Train Loss: 1.27100
Validation results --- Loss: 1.47445, Accuracy: 0.30382, Precision: 0.31801, Recall: 0.30382, F1: 0.28374, AUROC: 0.57076, AUPRC: 0.31244
Test results --- Loss: 1.40649, Accuracy: 0.35995, Precision: 0.40170, Recall: 0.35995 F1: 0.31093, AUROC: 0.65955, AUPRC: 0.38301
Metric score decreased (-0.283459 --> -0.283736).  Saving model ...

Updating learning rate to 0.001982287250728689
Epoch: 7 cost time: 3.3101725578308105
Epoch: 7, Steps: 18, | Train Loss: 1.20179
Validation results --- Loss: 1.58090, Accuracy: 0.31510, Precision: 0.33441, Recall: 0.31510, F1: 0.30199, AUROC: 0.57260, AUPRC: 0.31953
Test results --- Loss: 1.31781, Accuracy: 0.37558, Precision: 0.37289, Recall: 0.37558 F1: 0.35837, AUROC: 0.66977, AUPRC: 0.39513
Metric score decreased (-0.283736 --> -0.301986).  Saving model ...

Updating learning rate to 0.0019759167619387476
Epoch: 8 cost time: 3.280043601989746
Epoch: 8, Steps: 18, | Train Loss: 1.09723
Validation results --- Loss: 1.78236, Accuracy: 0.32205, Precision: 0.37752, Recall: 0.32205, F1: 0.29989, AUROC: 0.57958, AUPRC: 0.32453
Test results --- Loss: 1.36517, Accuracy: 0.37326, Precision: 0.37659, Recall: 0.37326 F1: 0.37032, AUROC: 0.66672, AUPRC: 0.39316
EarlyStopping counter: 1 out of 20
Updating learning rate to 0.001968583161128631
Epoch: 9 cost time: 3.2335429191589355
Epoch: 9, Steps: 18, | Train Loss: 1.02053
Validation results --- Loss: 1.70691, Accuracy: 0.33507, Precision: 0.35742, Recall: 0.33507, F1: 0.32251, AUROC: 0.59336, AUPRC: 0.33271
Test results --- Loss: 1.36326, Accuracy: 0.41262, Precision: 0.42753, Recall: 0.41262 F1: 0.40313, AUROC: 0.70011, AUPRC: 0.44188
Metric score decreased (-0.301986 --> -0.322508).  Saving model ...

Updating learning rate to 0.0019602936856769433
Epoch: 10 cost time: 3.309706449508667
Epoch: 10, Steps: 18, | Train Loss: 0.94009
Validation results --- Loss: 1.85479, Accuracy: 0.32986, Precision: 0.37331, Recall: 0.32986, F1: 0.30884, AUROC: 0.59555, AUPRC: 0.33568
Test results --- Loss: 1.48733, Accuracy: 0.37731, Precision: 0.38800, Recall: 0.37731 F1: 0.36426, AUROC: 0.68322, AUPRC: 0.41132
EarlyStopping counter: 1 out of 20
Updating learning rate to 0.0019510565162951536
Epoch: 11 cost time: 3.3179945945739746
Epoch: 11, Steps: 18, | Train Loss: 0.86716
Validation results --- Loss: 1.93941, Accuracy: 0.33160, Precision: 0.34294, Recall: 0.33160, F1: 0.32745, AUROC: 0.59791, AUPRC: 0.32515
Test results --- Loss: 1.45142, Accuracy: 0.43981, Precision: 0.45703, Recall: 0.43981 F1: 0.43092, AUROC: 0.72063, AUPRC: 0.46346
Metric score decreased (-0.322508 --> -0.327445).  Saving model ...

Updating learning rate to 0.0019408807689542257
Epoch: 12 cost time: 3.2938969135284424
Epoch: 12, Steps: 18, | Train Loss: 0.81240
Validation results --- Loss: 1.89878, Accuracy: 0.35503, Precision: 0.36431, Recall: 0.35503, F1: 0.34788, AUROC: 0.60954, AUPRC: 0.33600
Test results --- Loss: 1.46385, Accuracy: 0.45602, Precision: 0.47493, Recall: 0.45602 F1: 0.44775, AUROC: 0.72590, AUPRC: 0.47172
Metric score decreased (-0.327445 --> -0.347879).  Saving model ...

Updating learning rate to 0.0019297764858882513
Epoch: 13 cost time: 3.259906053543091
Epoch: 13, Steps: 18, | Train Loss: 0.73868
Validation results --- Loss: 2.01624, Accuracy: 0.32899, Precision: 0.34189, Recall: 0.32899, F1: 0.31781, AUROC: 0.60428, AUPRC: 0.33406
Test results --- Loss: 1.40604, Accuracy: 0.45139, Precision: 0.45828, Recall: 0.45139 F1: 0.45097, AUROC: 0.73346, AUPRC: 0.47867
EarlyStopping counter: 1 out of 20
Updating learning rate to 0.001917754625683981
Epoch: 14 cost time: 3.292083263397217
Epoch: 14, Steps: 18, | Train Loss: 0.66967
Validation results --- Loss: 2.17192, Accuracy: 0.35417, Precision: 0.36347, Recall: 0.35417, F1: 0.35028, AUROC: 0.61325, AUPRC: 0.34071
Test results --- Loss: 1.55182, Accuracy: 0.47280, Precision: 0.48315, Recall: 0.47280 F1: 0.46696, AUROC: 0.74087, AUPRC: 0.50043
Metric score decreased (-0.347879 --> -0.350280).  Saving model ...

Updating learning rate to 0.0019048270524660196
Epoch: 15 cost time: 3.3153491020202637
Epoch: 15, Steps: 18, | Train Loss: 0.59134
Validation results --- Loss: 2.17604, Accuracy: 0.35069, Precision: 0.35422, Recall: 0.35069, F1: 0.34667, AUROC: 0.61464, AUPRC: 0.34874
Test results --- Loss: 1.55662, Accuracy: 0.46933, Precision: 0.47393, Recall: 0.46933 F1: 0.46542, AUROC: 0.73800, AUPRC: 0.48903
EarlyStopping counter: 1 out of 20
Updating learning rate to 0.0018910065241883678
Epoch: 16 cost time: 3.2763102054595947
Epoch: 16, Steps: 18, | Train Loss: 0.52592
Validation results --- Loss: 2.37399, Accuracy: 0.35243, Precision: 0.35569, Recall: 0.35243, F1: 0.34814, AUROC: 0.61713, AUPRC: 0.34929
Test results --- Loss: 1.65118, Accuracy: 0.47685, Precision: 0.47948, Recall: 0.47685 F1: 0.47694, AUROC: 0.73471, AUPRC: 0.48593
EarlyStopping counter: 2 out of 20
Updating learning rate to 0.0018763066800438636
Epoch: 17 cost time: 3.289026975631714
Epoch: 17, Steps: 18, | Train Loss: 0.48779
Validation results --- Loss: 2.42432, Accuracy: 0.36719, Precision: 0.38156, Recall: 0.36719, F1: 0.36407, AUROC: 0.62117, AUPRC: 0.36052
Test results --- Loss: 1.78367, Accuracy: 0.46238, Precision: 0.48423, Recall: 0.46238 F1: 0.45768, AUROC: 0.73539, AUPRC: 0.48048
Metric score decreased (-0.350280 --> -0.364071).  Saving model ...

Updating learning rate to 0.0018607420270039437
Epoch: 18 cost time: 3.2542128562927246
Epoch: 18, Steps: 18, | Train Loss: 0.45748
Validation results --- Loss: 2.47207, Accuracy: 0.37326, Precision: 0.37985, Recall: 0.37326, F1: 0.37044, AUROC: 0.62585, AUPRC: 0.36585
Test results --- Loss: 1.73692, Accuracy: 0.46644, Precision: 0.46535, Recall: 0.46644 F1: 0.46426, AUROC: 0.73824, AUPRC: 0.48711
Metric score decreased (-0.364071 --> -0.370439).  Saving model ...

Updating learning rate to 0.001844327925502015
Epoch: 19 cost time: 3.3071372509002686
Epoch: 19, Steps: 18, | Train Loss: 0.38689
Validation results --- Loss: 2.70287, Accuracy: 0.37674, Precision: 0.38211, Recall: 0.37674, F1: 0.36601, AUROC: 0.64055, AUPRC: 0.36925
Test results --- Loss: 2.03036, Accuracy: 0.47338, Precision: 0.49182, Recall: 0.47338 F1: 0.46210, AUROC: 0.73797, AUPRC: 0.48632
EarlyStopping counter: 1 out of 20
Updating learning rate to 0.0018270805742745617
Epoch: 20 cost time: 3.306368827819824
Epoch: 20, Steps: 18, | Train Loss: 0.34876
Validation results --- Loss: 2.80841, Accuracy: 0.36111, Precision: 0.36400, Recall: 0.36111, F1: 0.35544, AUROC: 0.62610, AUPRC: 0.36126
Test results --- Loss: 1.92759, Accuracy: 0.48148, Precision: 0.48975, Recall: 0.48148 F1: 0.47854, AUROC: 0.74604, AUPRC: 0.49449
EarlyStopping counter: 2 out of 20
Updating learning rate to 0.0018090169943749475
Epoch: 21 cost time: 3.282480001449585
Epoch: 21, Steps: 18, | Train Loss: 0.30149
Validation results --- Loss: 2.94107, Accuracy: 0.37326, Precision: 0.37527, Recall: 0.37326, F1: 0.37033, AUROC: 0.61994, AUPRC: 0.35857
Test results --- Loss: 2.02495, Accuracy: 0.47685, Precision: 0.48821, Recall: 0.47685 F1: 0.47590, AUROC: 0.73768, AUPRC: 0.48092
EarlyStopping counter: 3 out of 20
Updating learning rate to 0.0017901550123756904
Epoch: 22 cost time: 3.23386287689209
Epoch: 22, Steps: 18, | Train Loss: 0.27030
Validation results --- Loss: 2.96515, Accuracy: 0.37326, Precision: 0.37503, Recall: 0.37326, F1: 0.36987, AUROC: 0.63307, AUPRC: 0.36916
Test results --- Loss: 2.07736, Accuracy: 0.47512, Precision: 0.47573, Recall: 0.47512 F1: 0.47439, AUROC: 0.73571, AUPRC: 0.47996
EarlyStopping counter: 4 out of 20
Updating learning rate to 0.0017705132427757893
Epoch: 23 cost time: 3.314954996109009
Epoch: 23, Steps: 18, | Train Loss: 0.24334
Validation results --- Loss: 3.16670, Accuracy: 0.37500, Precision: 0.38096, Recall: 0.37500, F1: 0.37003, AUROC: 0.63244, AUPRC: 0.36614
Test results --- Loss: 2.08555, Accuracy: 0.48206, Precision: 0.48452, Recall: 0.48206 F1: 0.48224, AUROC: 0.73971, AUPRC: 0.48575
EarlyStopping counter: 5 out of 20
Updating learning rate to 0.0017501110696304595
Epoch: 24 cost time: 3.3111484050750732
Epoch: 24, Steps: 18, | Train Loss: 0.23067
Validation results --- Loss: 3.33841, Accuracy: 0.36806, Precision: 0.36996, Recall: 0.36806, F1: 0.36630, AUROC: 0.62409, AUPRC: 0.36362
Test results --- Loss: 2.31785, Accuracy: 0.47106, Precision: 0.47599, Recall: 0.47106 F1: 0.46703, AUROC: 0.73487, AUPRC: 0.48286
EarlyStopping counter: 6 out of 20
Updating learning rate to 0.0017289686274214115
Epoch: 25 cost time: 3.290900945663452
Epoch: 25, Steps: 18, | Train Loss: 0.20395
Validation results --- Loss: 3.48056, Accuracy: 0.38194, Precision: 0.38514, Recall: 0.38194, F1: 0.37814, AUROC: 0.63159, AUPRC: 0.37025
Test results --- Loss: 2.31386, Accuracy: 0.46007, Precision: 0.46850, Recall: 0.46007 F1: 0.45994, AUROC: 0.73927, AUPRC: 0.48390
Metric score decreased (-0.370439 --> -0.378137).  Saving model ...

Updating learning rate to 0.0017071067811865474
Epoch: 26 cost time: 3.2636473178863525
Epoch: 26, Steps: 18, | Train Loss: 0.18807
Validation results --- Loss: 3.61222, Accuracy: 0.37587, Precision: 0.38183, Recall: 0.37587, F1: 0.36975, AUROC: 0.63398, AUPRC: 0.36979
Test results --- Loss: 2.32251, Accuracy: 0.48438, Precision: 0.48682, Recall: 0.48438 F1: 0.48456, AUROC: 0.74800, AUPRC: 0.50144
EarlyStopping counter: 1 out of 20
Updating learning rate to 0.0016845471059286888
Epoch: 27 cost time: 3.30316424369812
Epoch: 27, Steps: 18, | Train Loss: 0.17970
Validation results --- Loss: 3.55204, Accuracy: 0.37066, Precision: 0.37873, Recall: 0.37066, F1: 0.36568, AUROC: 0.63620, AUPRC: 0.36758
Test results --- Loss: 2.40669, Accuracy: 0.46933, Precision: 0.47000, Recall: 0.46933 F1: 0.46861, AUROC: 0.73617, AUPRC: 0.48032
EarlyStopping counter: 2 out of 20
Updating learning rate to 0.0016613118653236519
Epoch: 28 cost time: 3.320523262023926
Epoch: 28, Steps: 18, | Train Loss: 0.13307
Validation results --- Loss: 3.74474, Accuracy: 0.36545, Precision: 0.37088, Recall: 0.36545, F1: 0.35366, AUROC: 0.63222, AUPRC: 0.36436
Test results --- Loss: 2.54204, Accuracy: 0.46991, Precision: 0.47401, Recall: 0.46991 F1: 0.46495, AUROC: 0.73423, AUPRC: 0.48312
EarlyStopping counter: 3 out of 20
Updating learning rate to 0.0016374239897486897
Epoch: 29 cost time: 3.2873387336730957
Epoch: 29, Steps: 18, | Train Loss: 0.13457
Validation results --- Loss: 3.64062, Accuracy: 0.38021, Precision: 0.38666, Recall: 0.38021, F1: 0.37444, AUROC: 0.64010, AUPRC: 0.37700
Test results --- Loss: 2.59637, Accuracy: 0.48264, Precision: 0.50410, Recall: 0.48264 F1: 0.47485, AUROC: 0.74304, AUPRC: 0.49855
EarlyStopping counter: 4 out of 20
Updating learning rate to 0.0016129070536529766
Epoch: 30 cost time: 3.2914960384368896
Epoch: 30, Steps: 18, | Train Loss: 0.14428
Validation results --- Loss: 3.88529, Accuracy: 0.37326, Precision: 0.38017, Recall: 0.37326, F1: 0.36882, AUROC: 0.63260, AUPRC: 0.36193
Test results --- Loss: 2.55110, Accuracy: 0.47917, Precision: 0.48414, Recall: 0.47917 F1: 0.47911, AUROC: 0.74348, AUPRC: 0.48807
EarlyStopping counter: 5 out of 20
Updating learning rate to 0.0015877852522924731
Epoch: 31 cost time: 3.254669427871704
Epoch: 31, Steps: 18, | Train Loss: 0.12654
Validation results --- Loss: 3.75481, Accuracy: 0.39236, Precision: 0.39635, Recall: 0.39236, F1: 0.38632, AUROC: 0.64788, AUPRC: 0.38475
Test results --- Loss: 2.60642, Accuracy: 0.48206, Precision: 0.48264, Recall: 0.48206 F1: 0.47578, AUROC: 0.74526, AUPRC: 0.49836
Metric score decreased (-0.378137 --> -0.386320).  Saving model ...

Updating learning rate to 0.0015620833778521306
Epoch: 32 cost time: 3.305314779281616
Epoch: 32, Steps: 18, | Train Loss: 0.10593
Validation results --- Loss: 4.03166, Accuracy: 0.38194, Precision: 0.38328, Recall: 0.38194, F1: 0.38087, AUROC: 0.62788, AUPRC: 0.36500
Test results --- Loss: 2.80800, Accuracy: 0.46470, Precision: 0.46981, Recall: 0.46470 F1: 0.46177, AUROC: 0.73012, AUPRC: 0.47171
EarlyStopping counter: 1 out of 20
Updating learning rate to 0.0015358267949789966
Epoch: 33 cost time: 3.306236505508423
Epoch: 33, Steps: 18, | Train Loss: 0.07723
Validation results --- Loss: 4.11831, Accuracy: 0.37500, Precision: 0.37957, Recall: 0.37500, F1: 0.37386, AUROC: 0.63438, AUPRC: 0.37209
Test results --- Loss: 2.70717, Accuracy: 0.47917, Precision: 0.48131, Recall: 0.47917 F1: 0.47871, AUROC: 0.73925, AUPRC: 0.48617
EarlyStopping counter: 2 out of 20
Updating learning rate to 0.0015090414157503714
Epoch: 34 cost time: 3.275134801864624
Epoch: 34, Steps: 18, | Train Loss: 0.06428
Validation results --- Loss: 4.20450, Accuracy: 0.38976, Precision: 0.39294, Recall: 0.38976, F1: 0.38750, AUROC: 0.63682, AUPRC: 0.37043
Test results --- Loss: 2.81622, Accuracy: 0.47106, Precision: 0.47320, Recall: 0.47106 F1: 0.46845, AUROC: 0.73762, AUPRC: 0.48378
Metric score decreased (-0.386320 --> -0.387500).  Saving model ...

Updating learning rate to 0.0014817536741017151
Epoch: 35 cost time: 3.233124017715454
Epoch: 35, Steps: 18, | Train Loss: 0.06325
Validation results --- Loss: 4.30699, Accuracy: 0.38715, Precision: 0.39892, Recall: 0.38715, F1: 0.38209, AUROC: 0.64144, AUPRC: 0.37322
Test results --- Loss: 2.91428, Accuracy: 0.47627, Precision: 0.47910, Recall: 0.47627 F1: 0.47469, AUROC: 0.73705, AUPRC: 0.48702
EarlyStopping counter: 1 out of 20
Updating learning rate to 0.0014539904997395467
Epoch: 36 cost time: 3.3104469776153564
Epoch: 36, Steps: 18, | Train Loss: 0.06567
Validation results --- Loss: 4.28376, Accuracy: 0.38455, Precision: 0.38723, Recall: 0.38455, F1: 0.38321, AUROC: 0.64174, AUPRC: 0.37831
Test results --- Loss: 2.94360, Accuracy: 0.48148, Precision: 0.48295, Recall: 0.48148 F1: 0.47864, AUROC: 0.74136, AUPRC: 0.49158
EarlyStopping counter: 2 out of 20
Updating learning rate to 0.0014257792915650727
Epoch: 37 cost time: 3.3127429485321045
Epoch: 37, Steps: 18, | Train Loss: 0.07678
Validation results --- Loss: 4.43738, Accuracy: 0.38281, Precision: 0.39461, Recall: 0.38281, F1: 0.37650, AUROC: 0.63726, AUPRC: 0.36625
Test results --- Loss: 2.90125, Accuracy: 0.48322, Precision: 0.48614, Recall: 0.48322 F1: 0.48206, AUROC: 0.74146, AUPRC: 0.49543
EarlyStopping counter: 3 out of 20
Updating learning rate to 0.0013971478906347806
Epoch: 38 cost time: 3.2907795906066895
Epoch: 38, Steps: 18, | Train Loss: 0.06450
Validation results --- Loss: 4.72445, Accuracy: 0.34722, Precision: 0.35664, Recall: 0.34722, F1: 0.33994, AUROC: 0.62716, AUPRC: 0.35986
Test results --- Loss: 3.18265, Accuracy: 0.46644, Precision: 0.47987, Recall: 0.46644 F1: 0.45761, AUROC: 0.73740, AUPRC: 0.49416
EarlyStopping counter: 4 out of 20
Updating learning rate to 0.0013681245526846783
Epoch: 39 cost time: 3.260327100753784
Epoch: 39, Steps: 18, | Train Loss: 0.06042
Validation results --- Loss: 4.61514, Accuracy: 0.37674, Precision: 0.37997, Recall: 0.37674, F1: 0.37528, AUROC: 0.63416, AUPRC: 0.36800
Test results --- Loss: 3.05165, Accuracy: 0.47396, Precision: 0.48460, Recall: 0.47396 F1: 0.47469, AUROC: 0.73912, AUPRC: 0.48601
EarlyStopping counter: 5 out of 20
Updating learning rate to 0.0013387379202452916
Epoch: 40 cost time: 3.299426317214966
Epoch: 40, Steps: 18, | Train Loss: 0.07131
Validation results --- Loss: 4.59237, Accuracy: 0.37847, Precision: 0.38754, Recall: 0.37847, F1: 0.37542, AUROC: 0.63887, AUPRC: 0.37272
Test results --- Loss: 3.22214, Accuracy: 0.47106, Precision: 0.48593, Recall: 0.47106 F1: 0.46281, AUROC: 0.74069, AUPRC: 0.49659
EarlyStopping counter: 6 out of 20
Updating learning rate to 0.0013090169943749475
Epoch: 41 cost time: 3.3125598430633545
Epoch: 41, Steps: 18, | Train Loss: 0.05991
Validation results --- Loss: 4.43650, Accuracy: 0.38368, Precision: 0.38739, Recall: 0.38368, F1: 0.38332, AUROC: 0.63759, AUPRC: 0.36663
Test results --- Loss: 3.06873, Accuracy: 0.46528, Precision: 0.46665, Recall: 0.46528 F1: 0.46386, AUROC: 0.73944, AUPRC: 0.49386
EarlyStopping counter: 7 out of 20
Updating learning rate to 0.0012789911060392294
Epoch: 42 cost time: 3.3037109375
Epoch: 42, Steps: 18, | Train Loss: 0.03902
Validation results --- Loss: 4.50415, Accuracy: 0.38628, Precision: 0.39446, Recall: 0.38628, F1: 0.38343, AUROC: 0.64386, AUPRC: 0.37557
Test results --- Loss: 3.06883, Accuracy: 0.48032, Precision: 0.48121, Recall: 0.48032 F1: 0.47999, AUROC: 0.74133, AUPRC: 0.49793
EarlyStopping counter: 8 out of 20
Updating learning rate to 0.0012486898871648551
Epoch: 43 cost time: 3.284636974334717
Epoch: 43, Steps: 18, | Train Loss: 0.02956
Validation results --- Loss: 4.70614, Accuracy: 0.38889, Precision: 0.39769, Recall: 0.38889, F1: 0.38504, AUROC: 0.64010, AUPRC: 0.37127
Test results --- Loss: 3.12232, Accuracy: 0.47743, Precision: 0.48071, Recall: 0.47743 F1: 0.47748, AUROC: 0.74348, AUPRC: 0.50067
EarlyStopping counter: 9 out of 20
Updating learning rate to 0.0012181432413965428
Epoch: 44 cost time: 3.2628097534179688
Epoch: 44, Steps: 18, | Train Loss: 0.03051
Validation results --- Loss: 4.76928, Accuracy: 0.37934, Precision: 0.38586, Recall: 0.37934, F1: 0.37436, AUROC: 0.63984, AUPRC: 0.37030
Test results --- Loss: 3.17271, Accuracy: 0.47917, Precision: 0.47896, Recall: 0.47917 F1: 0.47808, AUROC: 0.73978, AUPRC: 0.49015
EarlyStopping counter: 10 out of 20
Updating learning rate to 0.0011873813145857248
Epoch: 45 cost time: 3.2991604804992676
Epoch: 45, Steps: 18, | Train Loss: 0.03265
Validation results --- Loss: 4.82822, Accuracy: 0.38802, Precision: 0.39552, Recall: 0.38802, F1: 0.38268, AUROC: 0.64427, AUPRC: 0.37914
Test results --- Loss: 3.20206, Accuracy: 0.47222, Precision: 0.47258, Recall: 0.47222 F1: 0.47047, AUROC: 0.74098, AUPRC: 0.49529
EarlyStopping counter: 11 out of 20
Updating learning rate to 0.001156434465040231
Epoch: 46 cost time: 3.3017663955688477
Epoch: 46, Steps: 18, | Train Loss: 0.02971
Validation results --- Loss: 4.86002, Accuracy: 0.37934, Precision: 0.39182, Recall: 0.37934, F1: 0.37385, AUROC: 0.64226, AUPRC: 0.37624
Test results --- Loss: 3.27281, Accuracy: 0.47454, Precision: 0.47434, Recall: 0.47454 F1: 0.47318, AUROC: 0.73661, AUPRC: 0.48718
EarlyStopping counter: 12 out of 20
Updating learning rate to 0.0011253332335643042
Epoch: 47 cost time: 3.2850496768951416
Epoch: 47, Steps: 18, | Train Loss: 0.02233
Validation results --- Loss: 5.02940, Accuracy: 0.37760, Precision: 0.38912, Recall: 0.37760, F1: 0.37280, AUROC: 0.63442, AUPRC: 0.36593
Test results --- Loss: 3.33107, Accuracy: 0.47280, Precision: 0.47454, Recall: 0.47280 F1: 0.47163, AUROC: 0.73752, AUPRC: 0.48702
EarlyStopping counter: 13 out of 20
Updating learning rate to 0.0010941083133185145
Epoch: 48 cost time: 3.23412823677063
Epoch: 48, Steps: 18, | Train Loss: 0.02194
Validation results --- Loss: 4.96024, Accuracy: 0.38021, Precision: 0.38998, Recall: 0.38021, F1: 0.37429, AUROC: 0.64048, AUPRC: 0.37122
Test results --- Loss: 3.25001, Accuracy: 0.47106, Precision: 0.47242, Recall: 0.47106 F1: 0.47036, AUROC: 0.73900, AUPRC: 0.48796
EarlyStopping counter: 14 out of 20
Updating learning rate to 0.0010627905195293135
Epoch: 49 cost time: 3.3047211170196533
Epoch: 49, Steps: 18, | Train Loss: 0.02913
Validation results --- Loss: 5.08467, Accuracy: 0.38021, Precision: 0.39007, Recall: 0.38021, F1: 0.37616, AUROC: 0.64044, AUPRC: 0.37347
Test results --- Loss: 3.27604, Accuracy: 0.47106, Precision: 0.47099, Recall: 0.47106 F1: 0.46953, AUROC: 0.74287, AUPRC: 0.49265
EarlyStopping counter: 15 out of 20
Updating learning rate to 0.0010314107590781282
Epoch: 50 cost time: 3.310755968093872
Epoch: 50, Steps: 18, | Train Loss: 0.01840
Validation results --- Loss: 5.13212, Accuracy: 0.38194, Precision: 0.38890, Recall: 0.38194, F1: 0.37737, AUROC: 0.63686, AUPRC: 0.37041
Test results --- Loss: 3.36321, Accuracy: 0.47685, Precision: 0.47923, Recall: 0.47685 F1: 0.47498, AUROC: 0.73886, AUPRC: 0.49059
EarlyStopping counter: 16 out of 20
Updating learning rate to 0.001
Epoch: 51 cost time: 3.292604923248291
Epoch: 51, Steps: 18, | Train Loss: 0.01585
Validation results --- Loss: 5.12149, Accuracy: 0.38021, Precision: 0.38619, Recall: 0.38021, F1: 0.37865, AUROC: 0.63804, AUPRC: 0.36939
Test results --- Loss: 3.38146, Accuracy: 0.47106, Precision: 0.47354, Recall: 0.47106 F1: 0.46917, AUROC: 0.73874, AUPRC: 0.49109
EarlyStopping counter: 17 out of 20
Updating learning rate to 0.0009685892409218717
Epoch: 52 cost time: 3.2624001502990723
Epoch: 52, Steps: 18, | Train Loss: 0.00956
Validation results --- Loss: 5.10319, Accuracy: 0.38455, Precision: 0.39328, Recall: 0.38455, F1: 0.38337, AUROC: 0.63951, AUPRC: 0.37052
Test results --- Loss: 3.35776, Accuracy: 0.47917, Precision: 0.48055, Recall: 0.47917 F1: 0.47881, AUROC: 0.74061, AUPRC: 0.49335
EarlyStopping counter: 18 out of 20
Updating learning rate to 0.0009372094804706866
Epoch: 53 cost time: 3.292524814605713
Epoch: 53, Steps: 18, | Train Loss: 0.01090
Validation results --- Loss: 5.27676, Accuracy: 0.38455, Precision: 0.39731, Recall: 0.38455, F1: 0.38069, AUROC: 0.63708, AUPRC: 0.36818
Test results --- Loss: 3.39944, Accuracy: 0.47280, Precision: 0.48136, Recall: 0.47280 F1: 0.47187, AUROC: 0.74122, AUPRC: 0.49237
EarlyStopping counter: 19 out of 20
Updating learning rate to 0.0009058916866814857
Epoch: 54 cost time: 3.3088176250457764
Epoch: 54, Steps: 18, | Train Loss: 0.02045
Validation results --- Loss: 5.12165, Accuracy: 0.38715, Precision: 0.39522, Recall: 0.38715, F1: 0.38389, AUROC: 0.64188, AUPRC: 0.37286
Test results --- Loss: 3.41790, Accuracy: 0.47280, Precision: 0.48250, Recall: 0.47280 F1: 0.47255, AUROC: 0.73890, AUPRC: 0.48874
EarlyStopping counter: 20 out of 20
Early stopping
>>>>>>>testing : eeg_mixer_v4_outAttentionPoolingFusion_BCIC2A_seed_42_dm_128_dp_0.1_tl_4_bs_128_lr0.002_aug_none_pl_80_cb32_kb16_tb16_pe128_ps20_ca1_cp1_git1f056a2_20260503_165554<<<<<<<<<<<<<<<<<<<<<<<<<<<<<<<<<
Validation results --- Loss: 4.20450, Accuracy: 0.38976, Precision: 0.39294, Recall: 0.38976, F1: 0.38750, AUROC: 0.63682, AUPRC: 0.37043
Test results --- Loss: 2.81622, Accuracy: 0.47106, Precision: 0.47320, Recall: 0.47106, F1: 0.46845, AUROC: 0.73762, AUPRC: 0.48378

Validation results --- Loss: 4.20450, Accuracy: 0.38976, Precision: 0.39294, Recall: 0.38976, F1: 0.38750, AUROC: 0.63682, AUPRC: 0.37043
Test results --- Loss: 2.81622, Accuracy: 0.47106, Precision: 0.47320, Recall: 0.47106, F1: 0.46845, AUROC: 0.73762, AUPRC: 0.48378

[result] Saved experiment record to: results/runs/3635086_BCIC2A_eeg_mixer_v4_outAttentionPoolingFusion_seed42.yaml
Use GPU (single): visible=0 -> cuda:0
================================================================================
[Model] eeg_mixer_v4_outAttentionPoolingFusion
[Model Params] Total: 303,934 (0.304 M)
[Model Params] Trainable: 303,934 (0.304 M)
[Model Params] Non-trainable: 0 (0.000 M)
[Model Size] Parameters: 1.16 MB
[Model Size] Buffers: 0.00 MB
[Model Size] Total estimated: 1.16 MB
================================================================================
>>>>>>>start training : eeg_mixer_v4_outAttentionPoolingFusion_BCIC2A_seed_43_dm_128_dp_0.1_tl_4_bs_128_lr0.002_aug_none_pl_80_cb32_kb16_tb16_pe128_ps20_ca1_cp1_git1f056a2_20260503_170006>>>>>>>>>>>>>>>>>>>>>>>>>>
(2304, 800, 22)
(2304,)
(1152, 800, 22)
(1152,)
(1728, 800, 22)
(1728,)
Epoch: 1 cost time: 3.2615244388580322
Epoch: 1, Steps: 18, | Train Loss: 1.73048
Validation results --- Loss: 1.39368, Accuracy: 0.25000, Precision: 0.06250, Recall: 0.25000, F1: 0.10000, AUROC: 0.50794, AUPRC: 0.26484
Test results --- Loss: 1.39330, Accuracy: 0.25000, Precision: 0.06250, Recall: 0.25000 F1: 0.10000, AUROC: 0.50456, AUPRC: 0.26066
Metric score decreased (inf --> -0.100000).  Saving model ...

Updating learning rate to 0.0019995065603657315
Epoch: 2 cost time: 3.3060336112976074
Epoch: 2, Steps: 18, | Train Loss: 1.40960
Validation results --- Loss: 1.39444, Accuracy: 0.24653, Precision: 0.11864, Recall: 0.24653, F1: 0.12122, AUROC: 0.51950, AUPRC: 0.27246
Test results --- Loss: 1.39413, Accuracy: 0.24653, Precision: 0.11052, Recall: 0.24653 F1: 0.10611, AUROC: 0.52043, AUPRC: 0.26921
Metric score decreased (-0.100000 --> -0.121218).  Saving model ...

Updating learning rate to 0.0019980267284282717
Epoch: 3 cost time: 3.3099498748779297
Epoch: 3, Steps: 18, | Train Loss: 1.39942
Validation results --- Loss: 1.38838, Accuracy: 0.25260, Precision: 0.17388, Recall: 0.25260, F1: 0.10701, AUROC: 0.53545, AUPRC: 0.28142
Test results --- Loss: 1.38832, Accuracy: 0.25231, Precision: 0.15654, Recall: 0.25231 F1: 0.10698, AUROC: 0.53846, AUPRC: 0.27993
EarlyStopping counter: 1 out of 20
Updating learning rate to 0.00199556196460308
Epoch: 4 cost time: 3.2512333393096924
Epoch: 4, Steps: 18, | Train Loss: 1.38627
Validation results --- Loss: 1.39601, Accuracy: 0.25260, Precision: 0.13245, Recall: 0.25260, F1: 0.11557, AUROC: 0.55446, AUPRC: 0.29644
Test results --- Loss: 1.39663, Accuracy: 0.24942, Precision: 0.08191, Recall: 0.24942 F1: 0.10126, AUROC: 0.55701, AUPRC: 0.28873
EarlyStopping counter: 2 out of 20
Updating learning rate to 0.001992114701314478
Epoch: 5 cost time: 3.2633674144744873
Epoch: 5, Steps: 18, | Train Loss: 1.38786
Validation results --- Loss: 1.38482, Accuracy: 0.28646, Precision: 0.27074, Recall: 0.28646, F1: 0.21359, AUROC: 0.56992, AUPRC: 0.30542
Test results --- Loss: 1.38612, Accuracy: 0.28183, Precision: 0.25008, Recall: 0.28183 F1: 0.20723, AUROC: 0.56672, AUPRC: 0.29588
Metric score decreased (-0.121218 --> -0.213588).  Saving model ...

Updating learning rate to 0.0019876883405951376
Epoch: 6 cost time: 3.2833919525146484
Epoch: 6, Steps: 18, | Train Loss: 1.36012
Validation results --- Loss: 1.38895, Accuracy: 0.31076, Precision: 0.33054, Recall: 0.31076, F1: 0.26144, AUROC: 0.58054, AUPRC: 0.31198
Test results --- Loss: 1.39180, Accuracy: 0.29514, Precision: 0.30465, Recall: 0.29514 F1: 0.23925, AUROC: 0.58210, AUPRC: 0.31118
Metric score decreased (-0.213588 --> -0.261435).  Saving model ...

Updating learning rate to 0.001982287250728689
Epoch: 7 cost time: 3.2826337814331055
Epoch: 7, Steps: 18, | Train Loss: 1.33045
Validation results --- Loss: 1.37853, Accuracy: 0.30556, Precision: 0.31309, Recall: 0.30556, F1: 0.27418, AUROC: 0.58293, AUPRC: 0.30722
Test results --- Loss: 1.37377, Accuracy: 0.30613, Precision: 0.31520, Recall: 0.30613 F1: 0.27283, AUROC: 0.58932, AUPRC: 0.32022
Metric score decreased (-0.261435 --> -0.274176).  Saving model ...

Updating learning rate to 0.0019759167619387476
Epoch: 8 cost time: 3.2623085975646973
Epoch: 8, Steps: 18, | Train Loss: 1.32289
Validation results --- Loss: 1.37040, Accuracy: 0.31337, Precision: 0.30799, Recall: 0.31337, F1: 0.29803, AUROC: 0.58882, AUPRC: 0.31401
Test results --- Loss: 1.35295, Accuracy: 0.33738, Precision: 0.33390, Recall: 0.33738 F1: 0.32231, AUROC: 0.60162, AUPRC: 0.32936
Metric score decreased (-0.274176 --> -0.298034).  Saving model ...

Updating learning rate to 0.001968583161128631
Epoch: 9 cost time: 3.2934014797210693
Epoch: 9, Steps: 18, | Train Loss: 1.28796
Validation results --- Loss: 1.35868, Accuracy: 0.33594, Precision: 0.32315, Recall: 0.33594, F1: 0.30913, AUROC: 0.60545, AUPRC: 0.33817
Test results --- Loss: 1.32769, Accuracy: 0.36111, Precision: 0.33863, Recall: 0.36111 F1: 0.32598, AUROC: 0.63310, AUPRC: 0.36221
Metric score decreased (-0.298034 --> -0.309126).  Saving model ...

Updating learning rate to 0.0019602936856769433
Epoch: 10 cost time: 3.309353828430176
Epoch: 10, Steps: 18, | Train Loss: 1.26121
Validation results --- Loss: 1.34917, Accuracy: 0.32552, Precision: 0.32823, Recall: 0.32552, F1: 0.32275, AUROC: 0.60266, AUPRC: 0.33997
Test results --- Loss: 1.30328, Accuracy: 0.37731, Precision: 0.37283, Recall: 0.37731 F1: 0.37007, AUROC: 0.64269, AUPRC: 0.37387
Metric score decreased (-0.309126 --> -0.322746).  Saving model ...

Updating learning rate to 0.0019510565162951536
Epoch: 11 cost time: 3.317862033843994
Epoch: 11, Steps: 18, | Train Loss: 1.23078
Validation results --- Loss: 1.34617, Accuracy: 0.34635, Precision: 0.33872, Recall: 0.34635, F1: 0.32654, AUROC: 0.61865, AUPRC: 0.35548
Test results --- Loss: 1.29181, Accuracy: 0.37384, Precision: 0.36412, Recall: 0.37384 F1: 0.35594, AUROC: 0.65255, AUPRC: 0.38608
Metric score decreased (-0.322746 --> -0.326540).  Saving model ...

Updating learning rate to 0.0019408807689542257
Epoch: 12 cost time: 3.2603518962860107
Epoch: 12, Steps: 18, | Train Loss: 1.20192
Validation results --- Loss: 1.42605, Accuracy: 0.33160, Precision: 0.38580, Recall: 0.33160, F1: 0.31418, AUROC: 0.61098, AUPRC: 0.34949
Test results --- Loss: 1.33482, Accuracy: 0.37674, Precision: 0.41647, Recall: 0.37674 F1: 0.35281, AUROC: 0.65786, AUPRC: 0.39135
EarlyStopping counter: 1 out of 20
Updating learning rate to 0.0019297764858882513
Epoch: 13 cost time: 3.2457332611083984
Epoch: 13, Steps: 18, | Train Loss: 1.13995
Validation results --- Loss: 1.40065, Accuracy: 0.36806, Precision: 0.39760, Recall: 0.36806, F1: 0.36520, AUROC: 0.62178, AUPRC: 0.36516
Test results --- Loss: 1.30277, Accuracy: 0.40509, Precision: 0.40560, Recall: 0.40509 F1: 0.39048, AUROC: 0.67506, AUPRC: 0.41397
Metric score decreased (-0.326540 --> -0.365200).  Saving model ...

Updating learning rate to 0.001917754625683981
Epoch: 14 cost time: 3.281752109527588
Epoch: 14, Steps: 18, | Train Loss: 1.09935
Validation results --- Loss: 1.43526, Accuracy: 0.34896, Precision: 0.34528, Recall: 0.34896, F1: 0.34413, AUROC: 0.61554, AUPRC: 0.34660
Test results --- Loss: 1.35217, Accuracy: 0.39699, Precision: 0.38387, Recall: 0.39699 F1: 0.36954, AUROC: 0.66465, AUPRC: 0.40330
EarlyStopping counter: 1 out of 20
Updating learning rate to 0.0019048270524660196
Epoch: 15 cost time: 3.2588095664978027
Epoch: 15, Steps: 18, | Train Loss: 1.07961
Validation results --- Loss: 1.43647, Accuracy: 0.34462, Precision: 0.36733, Recall: 0.34462, F1: 0.33819, AUROC: 0.61432, AUPRC: 0.34472
Test results --- Loss: 1.27581, Accuracy: 0.39641, Precision: 0.42109, Recall: 0.39641 F1: 0.38257, AUROC: 0.69192, AUPRC: 0.43062
EarlyStopping counter: 2 out of 20
Updating learning rate to 0.0018910065241883678
Epoch: 16 cost time: 3.2370681762695312
Epoch: 16, Steps: 18, | Train Loss: 1.01806
Validation results --- Loss: 1.50152, Accuracy: 0.33941, Precision: 0.35734, Recall: 0.33941, F1: 0.34250, AUROC: 0.61711, AUPRC: 0.34401
Test results --- Loss: 1.32078, Accuracy: 0.40914, Precision: 0.40801, Recall: 0.40914 F1: 0.40192, AUROC: 0.68994, AUPRC: 0.41511
EarlyStopping counter: 3 out of 20
Updating learning rate to 0.0018763066800438636
Epoch: 17 cost time: 3.286630868911743
Epoch: 17, Steps: 18, | Train Loss: 0.93393
Validation results --- Loss: 1.54872, Accuracy: 0.36372, Precision: 0.37153, Recall: 0.36372, F1: 0.36254, AUROC: 0.62996, AUPRC: 0.35868
Test results --- Loss: 1.39508, Accuracy: 0.42535, Precision: 0.42812, Recall: 0.42535 F1: 0.40894, AUROC: 0.69859, AUPRC: 0.43494
EarlyStopping counter: 4 out of 20
Updating learning rate to 0.0018607420270039437
Epoch: 18 cost time: 3.3047571182250977
Epoch: 18, Steps: 18, | Train Loss: 0.88735
Validation results --- Loss: 1.68214, Accuracy: 0.34983, Precision: 0.37406, Recall: 0.34983, F1: 0.34682, AUROC: 0.62832, AUPRC: 0.35446
Test results --- Loss: 1.39985, Accuracy: 0.43981, Precision: 0.44454, Recall: 0.43981 F1: 0.43408, AUROC: 0.70672, AUPRC: 0.43861
EarlyStopping counter: 5 out of 20
Updating learning rate to 0.001844327925502015
Epoch: 19 cost time: 3.3033201694488525
Epoch: 19, Steps: 18, | Train Loss: 0.80054
Validation results --- Loss: 1.68218, Accuracy: 0.35851, Precision: 0.38683, Recall: 0.35851, F1: 0.34768, AUROC: 0.64025, AUPRC: 0.37468
Test results --- Loss: 1.44588, Accuracy: 0.42882, Precision: 0.43887, Recall: 0.42882 F1: 0.42208, AUROC: 0.70080, AUPRC: 0.43246
EarlyStopping counter: 6 out of 20
Updating learning rate to 0.0018270805742745617
Epoch: 20 cost time: 3.256025552749634
Epoch: 20, Steps: 18, | Train Loss: 0.74047
Validation results --- Loss: 1.90850, Accuracy: 0.31944, Precision: 0.38712, Recall: 0.31944, F1: 0.28745, AUROC: 0.64198, AUPRC: 0.37378
Test results --- Loss: 1.46513, Accuracy: 0.41667, Precision: 0.45244, Recall: 0.41667 F1: 0.41258, AUROC: 0.71193, AUPRC: 0.44108
EarlyStopping counter: 7 out of 20
Updating learning rate to 0.0018090169943749475
Epoch: 21 cost time: 3.2485179901123047
Epoch: 21, Steps: 18, | Train Loss: 0.67415
Validation results --- Loss: 1.84537, Accuracy: 0.36545, Precision: 0.38943, Recall: 0.36545, F1: 0.35918, AUROC: 0.64378, AUPRC: 0.38271
Test results --- Loss: 1.52314, Accuracy: 0.44213, Precision: 0.46213, Recall: 0.44213 F1: 0.43875, AUROC: 0.71379, AUPRC: 0.45013
EarlyStopping counter: 8 out of 20
Updating learning rate to 0.0017901550123756904
Epoch: 22 cost time: 3.286977767944336
Epoch: 22, Steps: 18, | Train Loss: 0.62930
Validation results --- Loss: 1.99911, Accuracy: 0.38542, Precision: 0.40728, Recall: 0.38542, F1: 0.38570, AUROC: 0.65116, AUPRC: 0.38669
Test results --- Loss: 1.64726, Accuracy: 0.46238, Precision: 0.46160, Recall: 0.46238 F1: 0.45838, AUROC: 0.72058, AUPRC: 0.45220
Metric score decreased (-0.365200 --> -0.385705).  Saving model ...

Updating learning rate to 0.0017705132427757893
Epoch: 23 cost time: 3.2402541637420654
Epoch: 23, Steps: 18, | Train Loss: 0.56768
Validation results --- Loss: 1.96145, Accuracy: 0.37847, Precision: 0.40630, Recall: 0.37847, F1: 0.37927, AUROC: 0.65287, AUPRC: 0.38944
Test results --- Loss: 1.63689, Accuracy: 0.48148, Precision: 0.48678, Recall: 0.48148 F1: 0.47320, AUROC: 0.72945, AUPRC: 0.46608
EarlyStopping counter: 1 out of 20
Updating learning rate to 0.0017501110696304595
Epoch: 24 cost time: 3.2595534324645996
Epoch: 24, Steps: 18, | Train Loss: 0.55280
Validation results --- Loss: 2.07807, Accuracy: 0.37934, Precision: 0.40583, Recall: 0.37934, F1: 0.37578, AUROC: 0.65132, AUPRC: 0.38948
Test results --- Loss: 1.70802, Accuracy: 0.46470, Precision: 0.46400, Recall: 0.46470 F1: 0.45833, AUROC: 0.71804, AUPRC: 0.44749
EarlyStopping counter: 2 out of 20
Updating learning rate to 0.0017289686274214115
Epoch: 25 cost time: 3.276125431060791
Epoch: 25, Steps: 18, | Train Loss: 0.50894
Validation results --- Loss: 2.04865, Accuracy: 0.38628, Precision: 0.40254, Recall: 0.38628, F1: 0.38739, AUROC: 0.65087, AUPRC: 0.39007
Test results --- Loss: 1.71211, Accuracy: 0.47859, Precision: 0.48115, Recall: 0.47859 F1: 0.47206, AUROC: 0.72613, AUPRC: 0.46782
Metric score decreased (-0.385705 --> -0.387386).  Saving model ...

Updating learning rate to 0.0017071067811865474
Epoch: 26 cost time: 3.2395710945129395
Epoch: 26, Steps: 18, | Train Loss: 0.46592
Validation results --- Loss: 2.22912, Accuracy: 0.38194, Precision: 0.41762, Recall: 0.38194, F1: 0.37328, AUROC: 0.65702, AUPRC: 0.38700
Test results --- Loss: 1.71708, Accuracy: 0.46701, Precision: 0.47257, Recall: 0.46701 F1: 0.46840, AUROC: 0.72649, AUPRC: 0.45930
EarlyStopping counter: 1 out of 20
Updating learning rate to 0.0016845471059286888
Epoch: 27 cost time: 3.2792608737945557
Epoch: 27, Steps: 18, | Train Loss: 0.39365
Validation results --- Loss: 2.41725, Accuracy: 0.39670, Precision: 0.41084, Recall: 0.39670, F1: 0.39594, AUROC: 0.64913, AUPRC: 0.38260
Test results --- Loss: 1.94634, Accuracy: 0.47049, Precision: 0.47724, Recall: 0.47049 F1: 0.46924, AUROC: 0.72589, AUPRC: 0.46268
Metric score decreased (-0.387386 --> -0.395939).  Saving model ...

Updating learning rate to 0.0016613118653236519
Epoch: 28 cost time: 3.240859270095825
Epoch: 28, Steps: 18, | Train Loss: 0.35540
Validation results --- Loss: 2.64305, Accuracy: 0.36806, Precision: 0.40413, Recall: 0.36806, F1: 0.35821, AUROC: 0.65685, AUPRC: 0.39028
Test results --- Loss: 2.01607, Accuracy: 0.46644, Precision: 0.48047, Recall: 0.46644 F1: 0.46827, AUROC: 0.72377, AUPRC: 0.45803
EarlyStopping counter: 1 out of 20
Updating learning rate to 0.0016374239897486897
Epoch: 29 cost time: 3.2433648109436035
Epoch: 29, Steps: 18, | Train Loss: 0.32522
Validation results --- Loss: 2.67651, Accuracy: 0.36458, Precision: 0.38630, Recall: 0.36458, F1: 0.35832, AUROC: 0.64338, AUPRC: 0.37512
Test results --- Loss: 2.09892, Accuracy: 0.46007, Precision: 0.46034, Recall: 0.46007 F1: 0.45830, AUROC: 0.71638, AUPRC: 0.45193
EarlyStopping counter: 2 out of 20
Updating learning rate to 0.0016129070536529766
Epoch: 30 cost time: 3.2841720581054688
Epoch: 30, Steps: 18, | Train Loss: 0.28654
Validation results --- Loss: 2.88208, Accuracy: 0.37066, Precision: 0.40198, Recall: 0.37066, F1: 0.36244, AUROC: 0.65208, AUPRC: 0.38808
Test results --- Loss: 2.27675, Accuracy: 0.45197, Precision: 0.44950, Recall: 0.45197 F1: 0.44726, AUROC: 0.70954, AUPRC: 0.44160
EarlyStopping counter: 3 out of 20
Updating learning rate to 0.0015877852522924731
Epoch: 31 cost time: 3.2386810779571533
Epoch: 31, Steps: 18, | Train Loss: 0.25904
Validation results --- Loss: 2.95521, Accuracy: 0.38455, Precision: 0.40855, Recall: 0.38455, F1: 0.37644, AUROC: 0.65290, AUPRC: 0.39259
Test results --- Loss: 2.33080, Accuracy: 0.45197, Precision: 0.45718, Recall: 0.45197 F1: 0.44824, AUROC: 0.71835, AUPRC: 0.45326
EarlyStopping counter: 4 out of 20
Updating learning rate to 0.0015620833778521306
Epoch: 32 cost time: 3.277967929840088
Epoch: 32, Steps: 18, | Train Loss: 0.24035
Validation results --- Loss: 2.77962, Accuracy: 0.40104, Precision: 0.41610, Recall: 0.40104, F1: 0.40147, AUROC: 0.66288, AUPRC: 0.40329
Test results --- Loss: 2.29824, Accuracy: 0.45428, Precision: 0.46171, Recall: 0.45428 F1: 0.45435, AUROC: 0.72206, AUPRC: 0.45475
Metric score decreased (-0.395939 --> -0.401468).  Saving model ...

Updating learning rate to 0.0015358267949789966
Epoch: 33 cost time: 3.2627806663513184
Epoch: 33, Steps: 18, | Train Loss: 0.27443
Validation results --- Loss: 2.89780, Accuracy: 0.40017, Precision: 0.41809, Recall: 0.40017, F1: 0.39581, AUROC: 0.66339, AUPRC: 0.40083
Test results --- Loss: 2.22512, Accuracy: 0.48495, Precision: 0.48658, Recall: 0.48495 F1: 0.48532, AUROC: 0.73383, AUPRC: 0.47608
EarlyStopping counter: 1 out of 20
Updating learning rate to 0.0015090414157503714
Epoch: 34 cost time: 3.2258620262145996
Epoch: 34, Steps: 18, | Train Loss: 0.20842
Validation results --- Loss: 3.29006, Accuracy: 0.37153, Precision: 0.39335, Recall: 0.37153, F1: 0.36481, AUROC: 0.64538, AUPRC: 0.37878
Test results --- Loss: 2.39480, Accuracy: 0.48900, Precision: 0.49070, Recall: 0.48900 F1: 0.48629, AUROC: 0.73234, AUPRC: 0.47399
EarlyStopping counter: 2 out of 20
Updating learning rate to 0.0014817536741017151
Epoch: 35 cost time: 3.2937612533569336
Epoch: 35, Steps: 18, | Train Loss: 0.18081
Validation results --- Loss: 3.16831, Accuracy: 0.39583, Precision: 0.41448, Recall: 0.39583, F1: 0.38844, AUROC: 0.65664, AUPRC: 0.39440
Test results --- Loss: 2.48093, Accuracy: 0.46412, Precision: 0.46219, Recall: 0.46412 F1: 0.46243, AUROC: 0.72283, AUPRC: 0.45577
EarlyStopping counter: 3 out of 20
Updating learning rate to 0.0014539904997395467
Epoch: 36 cost time: 3.311643362045288
Epoch: 36, Steps: 18, | Train Loss: 0.16873
Validation results --- Loss: 3.02418, Accuracy: 0.39931, Precision: 0.40632, Recall: 0.39931, F1: 0.39919, AUROC: 0.66515, AUPRC: 0.40397
Test results --- Loss: 2.60188, Accuracy: 0.46991, Precision: 0.47871, Recall: 0.46991 F1: 0.46135, AUROC: 0.72593, AUPRC: 0.46448
EarlyStopping counter: 4 out of 20
Updating learning rate to 0.0014257792915650727
Epoch: 37 cost time: 3.2915453910827637
Epoch: 37, Steps: 18, | Train Loss: 0.15848
Validation results --- Loss: 3.40488, Accuracy: 0.37674, Precision: 0.39641, Recall: 0.37674, F1: 0.37053, AUROC: 0.65552, AUPRC: 0.39455
Test results --- Loss: 2.65446, Accuracy: 0.46412, Precision: 0.46395, Recall: 0.46412 F1: 0.46081, AUROC: 0.72371, AUPRC: 0.45858
EarlyStopping counter: 5 out of 20
Updating learning rate to 0.0013971478906347806
Epoch: 38 cost time: 3.2609639167785645
Epoch: 38, Steps: 18, | Train Loss: 0.16441
Validation results --- Loss: 3.59152, Accuracy: 0.38194, Precision: 0.41409, Recall: 0.38194, F1: 0.37700, AUROC: 0.65402, AUPRC: 0.38841
Test results --- Loss: 2.71868, Accuracy: 0.46354, Precision: 0.46812, Recall: 0.46354 F1: 0.46381, AUROC: 0.72749, AUPRC: 0.46558
EarlyStopping counter: 6 out of 20
Updating learning rate to 0.0013681245526846783
Epoch: 39 cost time: 3.2698240280151367
Epoch: 39, Steps: 18, | Train Loss: 0.15123
Validation results --- Loss: 3.46199, Accuracy: 0.38976, Precision: 0.40088, Recall: 0.38976, F1: 0.38693, AUROC: 0.65193, AUPRC: 0.38668
Test results --- Loss: 2.71410, Accuracy: 0.45833, Precision: 0.46715, Recall: 0.45833 F1: 0.45765, AUROC: 0.72516, AUPRC: 0.46264
EarlyStopping counter: 7 out of 20
Updating learning rate to 0.0013387379202452916
Epoch: 40 cost time: 3.292431116104126
Epoch: 40, Steps: 18, | Train Loss: 0.11987
Validation results --- Loss: 3.79171, Accuracy: 0.36111, Precision: 0.38634, Recall: 0.36111, F1: 0.35326, AUROC: 0.64689, AUPRC: 0.37427
Test results --- Loss: 2.75004, Accuracy: 0.46412, Precision: 0.46482, Recall: 0.46412 F1: 0.46403, AUROC: 0.72495, AUPRC: 0.46143
EarlyStopping counter: 8 out of 20
Updating learning rate to 0.0013090169943749475
Epoch: 41 cost time: 3.285763740539551
Epoch: 41, Steps: 18, | Train Loss: 0.11455
Validation results --- Loss: 3.70950, Accuracy: 0.38108, Precision: 0.40103, Recall: 0.38108, F1: 0.37789, AUROC: 0.65127, AUPRC: 0.38230
Test results --- Loss: 2.75502, Accuracy: 0.47569, Precision: 0.48110, Recall: 0.47569 F1: 0.47520, AUROC: 0.73237, AUPRC: 0.47382
EarlyStopping counter: 9 out of 20
Updating learning rate to 0.0012789911060392294
Epoch: 42 cost time: 3.27779221534729
Epoch: 42, Steps: 18, | Train Loss: 0.09328
Validation results --- Loss: 3.82521, Accuracy: 0.38108, Precision: 0.39212, Recall: 0.38108, F1: 0.37967, AUROC: 0.64579, AUPRC: 0.38149
Test results --- Loss: 2.96351, Accuracy: 0.46991, Precision: 0.46858, Recall: 0.46991 F1: 0.46665, AUROC: 0.72410, AUPRC: 0.46345
EarlyStopping counter: 10 out of 20
Updating learning rate to 0.0012486898871648551
Epoch: 43 cost time: 3.2280585765838623
Epoch: 43, Steps: 18, | Train Loss: 0.08556
Validation results --- Loss: 3.83279, Accuracy: 0.37413, Precision: 0.38849, Recall: 0.37413, F1: 0.37170, AUROC: 0.65063, AUPRC: 0.38672
Test results --- Loss: 2.91314, Accuracy: 0.46817, Precision: 0.46784, Recall: 0.46817 F1: 0.46487, AUROC: 0.72704, AUPRC: 0.46784
EarlyStopping counter: 11 out of 20
Updating learning rate to 0.0012181432413965428
Epoch: 44 cost time: 3.2953906059265137
Epoch: 44, Steps: 18, | Train Loss: 0.08841
Validation results --- Loss: 4.02712, Accuracy: 0.37674, Precision: 0.39442, Recall: 0.37674, F1: 0.37390, AUROC: 0.65039, AUPRC: 0.38662
Test results --- Loss: 3.06813, Accuracy: 0.46238, Precision: 0.46577, Recall: 0.46238 F1: 0.46234, AUROC: 0.72344, AUPRC: 0.46093
EarlyStopping counter: 12 out of 20
Updating learning rate to 0.0011873813145857248
Epoch: 45 cost time: 3.2888169288635254
Epoch: 45, Steps: 18, | Train Loss: 0.07822
Validation results --- Loss: 4.03631, Accuracy: 0.37153, Precision: 0.38690, Recall: 0.37153, F1: 0.36516, AUROC: 0.64887, AUPRC: 0.38211
Test results --- Loss: 3.04509, Accuracy: 0.48206, Precision: 0.48153, Recall: 0.48206 F1: 0.47898, AUROC: 0.73163, AUPRC: 0.47099
EarlyStopping counter: 13 out of 20
Updating learning rate to 0.001156434465040231
Epoch: 46 cost time: 3.2634685039520264
Epoch: 46, Steps: 18, | Train Loss: 0.06669
Validation results --- Loss: 4.21076, Accuracy: 0.36372, Precision: 0.38861, Recall: 0.36372, F1: 0.35858, AUROC: 0.64562, AUPRC: 0.38532
Test results --- Loss: 3.15768, Accuracy: 0.46007, Precision: 0.46681, Recall: 0.46007 F1: 0.45897, AUROC: 0.72182, AUPRC: 0.45331
EarlyStopping counter: 14 out of 20
Updating learning rate to 0.0011253332335643042
Epoch: 47 cost time: 3.225520133972168
Epoch: 47, Steps: 18, | Train Loss: 0.07819
Validation results --- Loss: 4.19061, Accuracy: 0.36892, Precision: 0.38978, Recall: 0.36892, F1: 0.36401, AUROC: 0.65280, AUPRC: 0.38704
Test results --- Loss: 3.10618, Accuracy: 0.47049, Precision: 0.47038, Recall: 0.47049 F1: 0.46995, AUROC: 0.73100, AUPRC: 0.46894
EarlyStopping counter: 15 out of 20
Updating learning rate to 0.0010941083133185145
Epoch: 48 cost time: 3.2946784496307373
Epoch: 48, Steps: 18, | Train Loss: 0.06479
Validation results --- Loss: 4.18077, Accuracy: 0.37587, Precision: 0.39734, Recall: 0.37587, F1: 0.37241, AUROC: 0.65304, AUPRC: 0.38755
Test results --- Loss: 3.18983, Accuracy: 0.46933, Precision: 0.46972, Recall: 0.46933 F1: 0.46811, AUROC: 0.72696, AUPRC: 0.46004
EarlyStopping counter: 16 out of 20
Updating learning rate to 0.0010627905195293135
Epoch: 49 cost time: 3.3064141273498535
Epoch: 49, Steps: 18, | Train Loss: 0.05943
Validation results --- Loss: 4.37541, Accuracy: 0.37674, Precision: 0.40144, Recall: 0.37674, F1: 0.36607, AUROC: 0.65417, AUPRC: 0.38349
Test results --- Loss: 3.16346, Accuracy: 0.48032, Precision: 0.47939, Recall: 0.48032 F1: 0.47962, AUROC: 0.73266, AUPRC: 0.47044
EarlyStopping counter: 17 out of 20
Updating learning rate to 0.0010314107590781282
Epoch: 50 cost time: 3.2906458377838135
Epoch: 50, Steps: 18, | Train Loss: 0.05528
Validation results --- Loss: 4.25309, Accuracy: 0.38542, Precision: 0.39880, Recall: 0.38542, F1: 0.38032, AUROC: 0.65515, AUPRC: 0.38823
Test results --- Loss: 3.16066, Accuracy: 0.47396, Precision: 0.47607, Recall: 0.47396 F1: 0.47287, AUROC: 0.73382, AUPRC: 0.47256
EarlyStopping counter: 18 out of 20
Updating learning rate to 0.001
Epoch: 51 cost time: 3.251126527786255
Epoch: 51, Steps: 18, | Train Loss: 0.04425
Validation results --- Loss: 4.33589, Accuracy: 0.37760, Precision: 0.39205, Recall: 0.37760, F1: 0.37213, AUROC: 0.65344, AUPRC: 0.38285
Test results --- Loss: 3.23484, Accuracy: 0.46354, Precision: 0.46641, Recall: 0.46354 F1: 0.46307, AUROC: 0.72910, AUPRC: 0.46428
EarlyStopping counter: 19 out of 20
Updating learning rate to 0.0009685892409218717
Epoch: 52 cost time: 3.2458839416503906
Epoch: 52, Steps: 18, | Train Loss: 0.05115
Validation results --- Loss: 4.25213, Accuracy: 0.38715, Precision: 0.40367, Recall: 0.38715, F1: 0.38506, AUROC: 0.65370, AUPRC: 0.39173
Test results --- Loss: 3.34758, Accuracy: 0.46296, Precision: 0.46649, Recall: 0.46296 F1: 0.46207, AUROC: 0.72033, AUPRC: 0.45098
EarlyStopping counter: 20 out of 20
Early stopping
>>>>>>>testing : eeg_mixer_v4_outAttentionPoolingFusion_BCIC2A_seed_43_dm_128_dp_0.1_tl_4_bs_128_lr0.002_aug_none_pl_80_cb32_kb16_tb16_pe128_ps20_ca1_cp1_git1f056a2_20260503_170006<<<<<<<<<<<<<<<<<<<<<<<<<<<<<<<<<
Validation results --- Loss: 2.77962, Accuracy: 0.40104, Precision: 0.41610, Recall: 0.40104, F1: 0.40147, AUROC: 0.66288, AUPRC: 0.40329
Test results --- Loss: 2.29824, Accuracy: 0.45428, Precision: 0.46171, Recall: 0.45428, F1: 0.45435, AUROC: 0.72206, AUPRC: 0.45475

Validation results --- Loss: 2.77962, Accuracy: 0.40104, Precision: 0.41610, Recall: 0.40104, F1: 0.40147, AUROC: 0.66288, AUPRC: 0.40329
Test results --- Loss: 2.29824, Accuracy: 0.45428, Precision: 0.46171, Recall: 0.45428, F1: 0.45435, AUROC: 0.72206, AUPRC: 0.45475

[result] Saved experiment record to: results/runs/3635086_BCIC2A_eeg_mixer_v4_outAttentionPoolingFusion_seed43.yaml
Use GPU (single): visible=0 -> cuda:0
================================================================================
[Model] eeg_mixer_v4_outAttentionPoolingFusion
[Model Params] Total: 303,934 (0.304 M)
[Model Params] Trainable: 303,934 (0.304 M)
[Model Params] Non-trainable: 0 (0.000 M)
[Model Size] Parameters: 1.16 MB
[Model Size] Buffers: 0.00 MB
[Model Size] Total estimated: 1.16 MB
================================================================================
>>>>>>>start training : eeg_mixer_v4_outAttentionPoolingFusion_BCIC2A_seed_44_dm_128_dp_0.1_tl_4_bs_128_lr0.002_aug_none_pl_80_cb32_kb16_tb16_pe128_ps20_ca1_cp1_git1f056a2_20260503_170401>>>>>>>>>>>>>>>>>>>>>>>>>>
(2304, 800, 22)
(2304,)
(1152, 800, 22)
(1152,)
(1728, 800, 22)
(1728,)
Epoch: 1 cost time: 3.295600414276123
Epoch: 1, Steps: 18, | Train Loss: 1.76214
Validation results --- Loss: 1.40138, Accuracy: 0.25000, Precision: 0.06250, Recall: 0.25000, F1: 0.10000, AUROC: 0.52029, AUPRC: 0.26163
Test results --- Loss: 1.40122, Accuracy: 0.25000, Precision: 0.06250, Recall: 0.25000 F1: 0.10000, AUROC: 0.52911, AUPRC: 0.27399
Metric score decreased (inf --> -0.100000).  Saving model ...

Updating learning rate to 0.0019995065603657315
Epoch: 2 cost time: 3.2422454357147217
Epoch: 2, Steps: 18, | Train Loss: 1.39832
Validation results --- Loss: 1.39883, Accuracy: 0.25000, Precision: 0.06250, Recall: 0.25000, F1: 0.10000, AUROC: 0.54850, AUPRC: 0.28133
Test results --- Loss: 1.39904, Accuracy: 0.25000, Precision: 0.06250, Recall: 0.25000 F1: 0.10000, AUROC: 0.54233, AUPRC: 0.28296
EarlyStopping counter: 1 out of 20
Updating learning rate to 0.0019980267284282717
Epoch: 3 cost time: 3.286301851272583
Epoch: 3, Steps: 18, | Train Loss: 1.40673
Validation results --- Loss: 1.38794, Accuracy: 0.28646, Precision: 0.14501, Recall: 0.28646, F1: 0.18547, AUROC: 0.56591, AUPRC: 0.29244
Test results --- Loss: 1.38826, Accuracy: 0.26215, Precision: 0.13001, Recall: 0.26215 F1: 0.16338, AUROC: 0.55254, AUPRC: 0.29279
Metric score decreased (-0.100000 --> -0.185465).  Saving model ...

Updating learning rate to 0.00199556196460308
Epoch: 4 cost time: 3.3066060543060303
Epoch: 4, Steps: 18, | Train Loss: 1.39924
Validation results --- Loss: 1.38269, Accuracy: 0.25694, Precision: 0.26628, Recall: 0.25694, F1: 0.12110, AUROC: 0.57736, AUPRC: 0.30005
Test results --- Loss: 1.38359, Accuracy: 0.26678, Precision: 0.35050, Recall: 0.26678 F1: 0.13664, AUROC: 0.55622, AUPRC: 0.29718
EarlyStopping counter: 1 out of 20
Updating learning rate to 0.001992114701314478
Epoch: 5 cost time: 3.293384552001953
Epoch: 5, Steps: 18, | Train Loss: 1.38287
Validation results --- Loss: 1.37309, Accuracy: 0.26910, Precision: 0.29022, Recall: 0.26910, F1: 0.23496, AUROC: 0.58256, AUPRC: 0.30797
Test results --- Loss: 1.38181, Accuracy: 0.25347, Precision: 0.30453, Recall: 0.25347 F1: 0.23077, AUROC: 0.55782, AUPRC: 0.29947
Metric score decreased (-0.185465 --> -0.234964).  Saving model ...

Updating learning rate to 0.0019876883405951376
Epoch: 6 cost time: 3.2683920860290527
Epoch: 6, Steps: 18, | Train Loss: 1.35884
Validation results --- Loss: 1.35613, Accuracy: 0.31771, Precision: 0.32367, Recall: 0.31771, F1: 0.31196, AUROC: 0.59411, AUPRC: 0.32153
Test results --- Loss: 1.36775, Accuracy: 0.31076, Precision: 0.32353, Recall: 0.31076 F1: 0.30239, AUROC: 0.57827, AUPRC: 0.31870
Metric score decreased (-0.234964 --> -0.311959).  Saving model ...

Updating learning rate to 0.001982287250728689
Epoch: 7 cost time: 3.247755527496338
Epoch: 7, Steps: 18, | Train Loss: 1.32527
Validation results --- Loss: 1.33964, Accuracy: 0.34462, Precision: 0.33906, Recall: 0.34462, F1: 0.32518, AUROC: 0.61713, AUPRC: 0.33819
Test results --- Loss: 1.34224, Accuracy: 0.34780, Precision: 0.33908, Recall: 0.34780 F1: 0.32687, AUROC: 0.61029, AUPRC: 0.34551
Metric score decreased (-0.311959 --> -0.325184).  Saving model ...

Updating learning rate to 0.0019759167619387476
Epoch: 8 cost time: 3.2925801277160645
Epoch: 8, Steps: 18, | Train Loss: 1.29824
Validation results --- Loss: 1.33156, Accuracy: 0.35938, Precision: 0.36639, Recall: 0.35938, F1: 0.34628, AUROC: 0.62745, AUPRC: 0.35993
Test results --- Loss: 1.31212, Accuracy: 0.37731, Precision: 0.37657, Recall: 0.37731 F1: 0.35768, AUROC: 0.65380, AUPRC: 0.38746
Metric score decreased (-0.325184 --> -0.346277).  Saving model ...

Updating learning rate to 0.001968583161128631
Epoch: 9 cost time: 3.283923387527466
Epoch: 9, Steps: 18, | Train Loss: 1.25904
Validation results --- Loss: 1.33030, Accuracy: 0.38021, Precision: 0.37702, Recall: 0.38021, F1: 0.36134, AUROC: 0.64996, AUPRC: 0.37776
Test results --- Loss: 1.31378, Accuracy: 0.37326, Precision: 0.36528, Recall: 0.37326 F1: 0.34691, AUROC: 0.65749, AUPRC: 0.38733
Metric score decreased (-0.346277 --> -0.361339).  Saving model ...

Updating learning rate to 0.0019602936856769433
Epoch: 10 cost time: 3.260627269744873
Epoch: 10, Steps: 18, | Train Loss: 1.23326
Validation results --- Loss: 1.31282, Accuracy: 0.37934, Precision: 0.41747, Recall: 0.37934, F1: 0.36181, AUROC: 0.65406, AUPRC: 0.39070
Test results --- Loss: 1.28544, Accuracy: 0.39062, Precision: 0.43383, Recall: 0.39062 F1: 0.36980, AUROC: 0.68090, AUPRC: 0.41894
Metric score decreased (-0.361339 --> -0.361807).  Saving model ...

Updating learning rate to 0.0019510565162951536
Epoch: 11 cost time: 3.2184343338012695
Epoch: 11, Steps: 18, | Train Loss: 1.19676
Validation results --- Loss: 1.28975, Accuracy: 0.40712, Precision: 0.39160, Recall: 0.40712, F1: 0.38774, AUROC: 0.66817, AUPRC: 0.40310
Test results --- Loss: 1.25992, Accuracy: 0.43229, Precision: 0.42652, Recall: 0.43229 F1: 0.41109, AUROC: 0.68491, AUPRC: 0.42669
Metric score decreased (-0.361807 --> -0.387738).  Saving model ...

Updating learning rate to 0.0019408807689542257
Epoch: 12 cost time: 3.292965888977051
Epoch: 12, Steps: 18, | Train Loss: 1.17775
Validation results --- Loss: 1.27212, Accuracy: 0.43576, Precision: 0.44073, Recall: 0.43576, F1: 0.42751, AUROC: 0.68745, AUPRC: 0.42870
Test results --- Loss: 1.24957, Accuracy: 0.42593, Precision: 0.43544, Recall: 0.42593 F1: 0.41423, AUROC: 0.70197, AUPRC: 0.44510
Metric score decreased (-0.387738 --> -0.427508).  Saving model ...

Updating learning rate to 0.0019297764858882513
Epoch: 13 cost time: 3.296356439590454
Epoch: 13, Steps: 18, | Train Loss: 1.12689
Validation results --- Loss: 1.28094, Accuracy: 0.42535, Precision: 0.44128, Recall: 0.42535, F1: 0.42730, AUROC: 0.68028, AUPRC: 0.42619
Test results --- Loss: 1.26141, Accuracy: 0.44039, Precision: 0.44083, Recall: 0.44039 F1: 0.42270, AUROC: 0.69779, AUPRC: 0.44240
EarlyStopping counter: 1 out of 20
Updating learning rate to 0.001917754625683981
Epoch: 14 cost time: 3.275974750518799
Epoch: 14, Steps: 18, | Train Loss: 1.06732
Validation results --- Loss: 1.34428, Accuracy: 0.41059, Precision: 0.44159, Recall: 0.41059, F1: 0.40629, AUROC: 0.68181, AUPRC: 0.42971
Test results --- Loss: 1.28089, Accuracy: 0.44039, Precision: 0.46360, Recall: 0.44039 F1: 0.42898, AUROC: 0.70274, AUPRC: 0.44083
EarlyStopping counter: 2 out of 20
Updating learning rate to 0.0019048270524660196
Epoch: 15 cost time: 3.249570369720459
Epoch: 15, Steps: 18, | Train Loss: 0.98538
Validation results --- Loss: 1.39816, Accuracy: 0.41840, Precision: 0.47286, Recall: 0.41840, F1: 0.40668, AUROC: 0.69222, AUPRC: 0.44444
Test results --- Loss: 1.32751, Accuracy: 0.44502, Precision: 0.45178, Recall: 0.44502 F1: 0.42356, AUROC: 0.70998, AUPRC: 0.45035
EarlyStopping counter: 3 out of 20
Updating learning rate to 0.0018910065241883678
Epoch: 16 cost time: 3.2936391830444336
Epoch: 16, Steps: 18, | Train Loss: 0.90153
Validation results --- Loss: 1.43839, Accuracy: 0.43316, Precision: 0.46981, Recall: 0.43316, F1: 0.43271, AUROC: 0.69878, AUPRC: 0.45436
Test results --- Loss: 1.30754, Accuracy: 0.45428, Precision: 0.46561, Recall: 0.45428 F1: 0.44793, AUROC: 0.71566, AUPRC: 0.45696
Metric score decreased (-0.427508 --> -0.432706).  Saving model ...

Updating learning rate to 0.0018763066800438636
Epoch: 17 cost time: 3.309812307357788
Epoch: 17, Steps: 18, | Train Loss: 0.84475
Validation results --- Loss: 1.50559, Accuracy: 0.42622, Precision: 0.45040, Recall: 0.42622, F1: 0.42388, AUROC: 0.69405, AUPRC: 0.44860
Test results --- Loss: 1.30331, Accuracy: 0.44734, Precision: 0.44647, Recall: 0.44734 F1: 0.44519, AUROC: 0.71742, AUPRC: 0.45691
EarlyStopping counter: 1 out of 20
Updating learning rate to 0.0018607420270039437
Epoch: 18 cost time: 3.299551486968994
Epoch: 18, Steps: 18, | Train Loss: 0.77397
Validation results --- Loss: 1.72055, Accuracy: 0.42014, Precision: 0.45790, Recall: 0.42014, F1: 0.41356, AUROC: 0.69936, AUPRC: 0.45448
Test results --- Loss: 1.41113, Accuracy: 0.46470, Precision: 0.46531, Recall: 0.46470 F1: 0.46399, AUROC: 0.72970, AUPRC: 0.47112
EarlyStopping counter: 2 out of 20
Updating learning rate to 0.001844327925502015
Epoch: 19 cost time: 3.272444725036621
Epoch: 19, Steps: 18, | Train Loss: 0.69383
Validation results --- Loss: 1.71757, Accuracy: 0.41927, Precision: 0.44398, Recall: 0.41927, F1: 0.41125, AUROC: 0.69309, AUPRC: 0.44934
Test results --- Loss: 1.46591, Accuracy: 0.46065, Precision: 0.46235, Recall: 0.46065 F1: 0.45758, AUROC: 0.72036, AUPRC: 0.46833
EarlyStopping counter: 3 out of 20
Updating learning rate to 0.0018270805742745617
Epoch: 20 cost time: 3.263674736022949
Epoch: 20, Steps: 18, | Train Loss: 0.62980
Validation results --- Loss: 1.65694, Accuracy: 0.43663, Precision: 0.45439, Recall: 0.43663, F1: 0.43703, AUROC: 0.69849, AUPRC: 0.44951
Test results --- Loss: 1.47236, Accuracy: 0.47569, Precision: 0.48609, Recall: 0.47569 F1: 0.46844, AUROC: 0.72749, AUPRC: 0.47434
Metric score decreased (-0.432706 --> -0.437034).  Saving model ...

Updating learning rate to 0.0018090169943749475
Epoch: 21 cost time: 3.2887043952941895
Epoch: 21, Steps: 18, | Train Loss: 0.61468
Validation results --- Loss: 1.83608, Accuracy: 0.43403, Precision: 0.47133, Recall: 0.43403, F1: 0.42469, AUROC: 0.70349, AUPRC: 0.45215
Test results --- Loss: 1.49835, Accuracy: 0.48032, Precision: 0.48525, Recall: 0.48032 F1: 0.47875, AUROC: 0.74159, AUPRC: 0.49426
EarlyStopping counter: 1 out of 20
Updating learning rate to 0.0017901550123756904
Epoch: 22 cost time: 3.2924587726593018
Epoch: 22, Steps: 18, | Train Loss: 0.50758
Validation results --- Loss: 1.98178, Accuracy: 0.42188, Precision: 0.44725, Recall: 0.42188, F1: 0.41389, AUROC: 0.70136, AUPRC: 0.45020
Test results --- Loss: 1.62344, Accuracy: 0.48669, Precision: 0.48956, Recall: 0.48669 F1: 0.48575, AUROC: 0.73739, AUPRC: 0.48640
EarlyStopping counter: 2 out of 20
Updating learning rate to 0.0017705132427757893
Epoch: 23 cost time: 3.2761404514312744
Epoch: 23, Steps: 18, | Train Loss: 0.50181
Validation results --- Loss: 1.85078, Accuracy: 0.44358, Precision: 0.48041, Recall: 0.44358, F1: 0.43831, AUROC: 0.71007, AUPRC: 0.46257
Test results --- Loss: 1.63259, Accuracy: 0.48090, Precision: 0.48193, Recall: 0.48090 F1: 0.47436, AUROC: 0.73242, AUPRC: 0.47878
Metric score decreased (-0.437034 --> -0.438309).  Saving model ...

Updating learning rate to 0.0017501110696304595
Epoch: 24 cost time: 3.2227048873901367
Epoch: 24, Steps: 18, | Train Loss: 0.43340
Validation results --- Loss: 2.18888, Accuracy: 0.41059, Precision: 0.43073, Recall: 0.41059, F1: 0.39965, AUROC: 0.69453, AUPRC: 0.44201
Test results --- Loss: 1.76443, Accuracy: 0.48380, Precision: 0.48786, Recall: 0.48380 F1: 0.47649, AUROC: 0.73599, AUPRC: 0.47972
EarlyStopping counter: 1 out of 20
Updating learning rate to 0.0017289686274214115
Epoch: 25 cost time: 3.29376220703125
Epoch: 25, Steps: 18, | Train Loss: 0.38865
Validation results --- Loss: 2.16563, Accuracy: 0.43229, Precision: 0.46261, Recall: 0.43229, F1: 0.42235, AUROC: 0.70618, AUPRC: 0.46239
Test results --- Loss: 1.85079, Accuracy: 0.47454, Precision: 0.48656, Recall: 0.47454 F1: 0.46187, AUROC: 0.73899, AUPRC: 0.48061
EarlyStopping counter: 2 out of 20
Updating learning rate to 0.0017071067811865474
Epoch: 26 cost time: 3.3016154766082764
Epoch: 26, Steps: 18, | Train Loss: 0.37333
Validation results --- Loss: 2.46585, Accuracy: 0.39844, Precision: 0.42674, Recall: 0.39844, F1: 0.39034, AUROC: 0.68577, AUPRC: 0.43612
Test results --- Loss: 2.04227, Accuracy: 0.46412, Precision: 0.48605, Recall: 0.46412 F1: 0.44849, AUROC: 0.73793, AUPRC: 0.48100
EarlyStopping counter: 3 out of 20
Updating learning rate to 0.0016845471059286888
Epoch: 27 cost time: 3.2823548316955566
Epoch: 27, Steps: 18, | Train Loss: 0.34343
Validation results --- Loss: 2.47620, Accuracy: 0.42274, Precision: 0.43332, Recall: 0.42274, F1: 0.41296, AUROC: 0.69740, AUPRC: 0.44013
Test results --- Loss: 2.03468, Accuracy: 0.48495, Precision: 0.49163, Recall: 0.48495 F1: 0.47838, AUROC: 0.74123, AUPRC: 0.48814
EarlyStopping counter: 4 out of 20
Updating learning rate to 0.0016613118653236519
Epoch: 28 cost time: 3.2329156398773193
Epoch: 28, Steps: 18, | Train Loss: 0.29849
Validation results --- Loss: 2.54163, Accuracy: 0.41493, Precision: 0.43291, Recall: 0.41493, F1: 0.40214, AUROC: 0.69656, AUPRC: 0.43572
Test results --- Loss: 1.93433, Accuracy: 0.48900, Precision: 0.49716, Recall: 0.48900 F1: 0.48583, AUROC: 0.74676, AUPRC: 0.50161
EarlyStopping counter: 5 out of 20
Updating learning rate to 0.0016374239897486897
Epoch: 29 cost time: 3.28021240234375
Epoch: 29, Steps: 18, | Train Loss: 0.23778
Validation results --- Loss: 2.64680, Accuracy: 0.42014, Precision: 0.44330, Recall: 0.42014, F1: 0.40932, AUROC: 0.69878, AUPRC: 0.44684
Test results --- Loss: 2.01375, Accuracy: 0.50116, Precision: 0.50163, Recall: 0.50116 F1: 0.49892, AUROC: 0.74392, AUPRC: 0.49139
EarlyStopping counter: 6 out of 20
Updating learning rate to 0.0016129070536529766
Epoch: 30 cost time: 3.3016090393066406
Epoch: 30, Steps: 18, | Train Loss: 0.22430
Validation results --- Loss: 2.63731, Accuracy: 0.42795, Precision: 0.44005, Recall: 0.42795, F1: 0.42155, AUROC: 0.69869, AUPRC: 0.44395
Test results --- Loss: 2.06871, Accuracy: 0.49769, Precision: 0.49836, Recall: 0.49769 F1: 0.49388, AUROC: 0.74770, AUPRC: 0.49989
EarlyStopping counter: 7 out of 20
Updating learning rate to 0.0015877852522924731
Epoch: 31 cost time: 3.2666149139404297
Epoch: 31, Steps: 18, | Train Loss: 0.20153
Validation results --- Loss: 2.94782, Accuracy: 0.40625, Precision: 0.44277, Recall: 0.40625, F1: 0.39479, AUROC: 0.69072, AUPRC: 0.43106
Test results --- Loss: 2.40965, Accuracy: 0.47106, Precision: 0.48836, Recall: 0.47106 F1: 0.45743, AUROC: 0.73946, AUPRC: 0.48356
EarlyStopping counter: 8 out of 20
Updating learning rate to 0.0015620833778521306
Epoch: 32 cost time: 3.278444766998291
Epoch: 32, Steps: 18, | Train Loss: 0.20569
Validation results --- Loss: 2.95553, Accuracy: 0.42795, Precision: 0.45476, Recall: 0.42795, F1: 0.41816, AUROC: 0.69491, AUPRC: 0.43796
Test results --- Loss: 2.39524, Accuracy: 0.46181, Precision: 0.47172, Recall: 0.46181 F1: 0.45822, AUROC: 0.73407, AUPRC: 0.47384
EarlyStopping counter: 9 out of 20
Updating learning rate to 0.0015358267949789966
Epoch: 33 cost time: 3.244706869125366
Epoch: 33, Steps: 18, | Train Loss: 0.21948
Validation results --- Loss: 2.99371, Accuracy: 0.42361, Precision: 0.43909, Recall: 0.42361, F1: 0.41364, AUROC: 0.68990, AUPRC: 0.43206
Test results --- Loss: 2.34875, Accuracy: 0.48264, Precision: 0.48987, Recall: 0.48264 F1: 0.48032, AUROC: 0.74195, AUPRC: 0.48633
EarlyStopping counter: 10 out of 20
Updating learning rate to 0.0015090414157503714
Epoch: 34 cost time: 3.29697585105896
Epoch: 34, Steps: 18, | Train Loss: 0.18190
Validation results --- Loss: 2.95955, Accuracy: 0.43924, Precision: 0.46048, Recall: 0.43924, F1: 0.43008, AUROC: 0.70008, AUPRC: 0.44102
Test results --- Loss: 2.28708, Accuracy: 0.48322, Precision: 0.48561, Recall: 0.48322 F1: 0.48240, AUROC: 0.74612, AUPRC: 0.49496
EarlyStopping counter: 11 out of 20
Updating learning rate to 0.0014817536741017151
Epoch: 35 cost time: 3.295006275177002
Epoch: 35, Steps: 18, | Train Loss: 0.15345
Validation results --- Loss: 3.16867, Accuracy: 0.41840, Precision: 0.43536, Recall: 0.41840, F1: 0.40777, AUROC: 0.68693, AUPRC: 0.44081
Test results --- Loss: 2.52552, Accuracy: 0.45544, Precision: 0.46252, Recall: 0.45544 F1: 0.44658, AUROC: 0.73555, AUPRC: 0.47679
EarlyStopping counter: 12 out of 20
Updating learning rate to 0.0014539904997395467
Epoch: 36 cost time: 3.285172700881958
Epoch: 36, Steps: 18, | Train Loss: 0.12539
Validation results --- Loss: 3.23832, Accuracy: 0.42795, Precision: 0.44461, Recall: 0.42795, F1: 0.42116, AUROC: 0.69828, AUPRC: 0.45094
Test results --- Loss: 2.42283, Accuracy: 0.47512, Precision: 0.47800, Recall: 0.47512 F1: 0.47428, AUROC: 0.74859, AUPRC: 0.49407
EarlyStopping counter: 13 out of 20
Updating learning rate to 0.0014257792915650727
Epoch: 37 cost time: 3.2327399253845215
Epoch: 37, Steps: 18, | Train Loss: 0.09358
Validation results --- Loss: 3.20137, Accuracy: 0.44531, Precision: 0.45788, Recall: 0.44531, F1: 0.44327, AUROC: 0.69701, AUPRC: 0.45071
Test results --- Loss: 2.64648, Accuracy: 0.48090, Precision: 0.48975, Recall: 0.48090 F1: 0.47439, AUROC: 0.74043, AUPRC: 0.48477
Metric score decreased (-0.438309 --> -0.443269).  Saving model ...

Updating learning rate to 0.0013971478906347806
Epoch: 38 cost time: 3.2960922718048096
Epoch: 38, Steps: 18, | Train Loss: 0.08100
Validation results --- Loss: 3.30787, Accuracy: 0.43229, Precision: 0.44243, Recall: 0.43229, F1: 0.42747, AUROC: 0.70034, AUPRC: 0.45599
Test results --- Loss: 2.60605, Accuracy: 0.49884, Precision: 0.49926, Recall: 0.49884 F1: 0.49739, AUROC: 0.74770, AUPRC: 0.49799
EarlyStopping counter: 1 out of 20
Updating learning rate to 0.0013681245526846783
Epoch: 39 cost time: 3.306002140045166
Epoch: 39, Steps: 18, | Train Loss: 0.07462
Validation results --- Loss: 3.48104, Accuracy: 0.43229, Precision: 0.44771, Recall: 0.43229, F1: 0.42437, AUROC: 0.69701, AUPRC: 0.45010
Test results --- Loss: 2.84489, Accuracy: 0.48264, Precision: 0.49126, Recall: 0.48264 F1: 0.47430, AUROC: 0.74485, AUPRC: 0.49187
EarlyStopping counter: 2 out of 20
Updating learning rate to 0.0013387379202452916
Epoch: 40 cost time: 3.2728688716888428
Epoch: 40, Steps: 18, | Train Loss: 0.07687
Validation results --- Loss: 3.47377, Accuracy: 0.43750, Precision: 0.45590, Recall: 0.43750, F1: 0.42949, AUROC: 0.70728, AUPRC: 0.46396
Test results --- Loss: 2.76154, Accuracy: 0.49421, Precision: 0.49481, Recall: 0.49421 F1: 0.49060, AUROC: 0.74681, AUPRC: 0.49619
EarlyStopping counter: 3 out of 20
Updating learning rate to 0.0013090169943749475
Epoch: 41 cost time: 3.2591421604156494
Epoch: 41, Steps: 18, | Train Loss: 0.05587
Validation results --- Loss: 3.48328, Accuracy: 0.44097, Precision: 0.44972, Recall: 0.44097, F1: 0.43871, AUROC: 0.69990, AUPRC: 0.45263
Test results --- Loss: 2.92059, Accuracy: 0.48148, Precision: 0.48687, Recall: 0.48148 F1: 0.47592, AUROC: 0.74358, AUPRC: 0.48658
EarlyStopping counter: 4 out of 20
Updating learning rate to 0.0012789911060392294
Epoch: 42 cost time: 3.273052453994751
Epoch: 42, Steps: 18, | Train Loss: 0.06331
Validation results --- Loss: 3.66214, Accuracy: 0.43142, Precision: 0.44719, Recall: 0.43142, F1: 0.42230, AUROC: 0.70597, AUPRC: 0.45504
Test results --- Loss: 2.93974, Accuracy: 0.48669, Precision: 0.48758, Recall: 0.48669 F1: 0.48339, AUROC: 0.74356, AUPRC: 0.49476
EarlyStopping counter: 5 out of 20
Updating learning rate to 0.0012486898871648551
Epoch: 43 cost time: 3.3029375076293945
Epoch: 43, Steps: 18, | Train Loss: 0.05616
Validation results --- Loss: 3.75142, Accuracy: 0.42101, Precision: 0.44321, Recall: 0.42101, F1: 0.40971, AUROC: 0.70271, AUPRC: 0.45058
Test results --- Loss: 3.02103, Accuracy: 0.47801, Precision: 0.48283, Recall: 0.47801 F1: 0.47407, AUROC: 0.73842, AUPRC: 0.48869
EarlyStopping counter: 6 out of 20
Updating learning rate to 0.0012181432413965428
Epoch: 44 cost time: 3.2871580123901367
Epoch: 44, Steps: 18, | Train Loss: 0.04498
Validation results --- Loss: 3.67295, Accuracy: 0.44705, Precision: 0.45522, Recall: 0.44705, F1: 0.44310, AUROC: 0.69953, AUPRC: 0.45095
Test results --- Loss: 3.11759, Accuracy: 0.48438, Precision: 0.49050, Recall: 0.48438 F1: 0.47799, AUROC: 0.74261, AUPRC: 0.48670
EarlyStopping counter: 7 out of 20
Updating learning rate to 0.0011873813145857248
Epoch: 45 cost time: 3.2797398567199707
Epoch: 45, Steps: 18, | Train Loss: 0.04389
Validation results --- Loss: 3.73258, Accuracy: 0.42882, Precision: 0.44312, Recall: 0.42882, F1: 0.42282, AUROC: 0.70400, AUPRC: 0.46048
Test results --- Loss: 3.00972, Accuracy: 0.48785, Precision: 0.49138, Recall: 0.48785 F1: 0.48378, AUROC: 0.74605, AUPRC: 0.49510
EarlyStopping counter: 8 out of 20
Updating learning rate to 0.001156434465040231
Epoch: 46 cost time: 3.2371013164520264
Epoch: 46, Steps: 18, | Train Loss: 0.03568
Validation results --- Loss: 3.84442, Accuracy: 0.41927, Precision: 0.43060, Recall: 0.41927, F1: 0.41092, AUROC: 0.69964, AUPRC: 0.45068
Test results --- Loss: 3.08214, Accuracy: 0.48438, Precision: 0.48767, Recall: 0.48438 F1: 0.48151, AUROC: 0.74430, AUPRC: 0.49205
EarlyStopping counter: 9 out of 20
Updating learning rate to 0.0011253332335643042
Epoch: 47 cost time: 3.2852423191070557
Epoch: 47, Steps: 18, | Train Loss: 0.04282
Validation results --- Loss: 3.90328, Accuracy: 0.43576, Precision: 0.44360, Recall: 0.43576, F1: 0.43217, AUROC: 0.69572, AUPRC: 0.44288
Test results --- Loss: 3.13311, Accuracy: 0.47222, Precision: 0.47994, Recall: 0.47222 F1: 0.46794, AUROC: 0.74504, AUPRC: 0.48931
EarlyStopping counter: 10 out of 20
Updating learning rate to 0.0010941083133185145
Epoch: 48 cost time: 3.296053171157837
Epoch: 48, Steps: 18, | Train Loss: 0.03710
Validation results --- Loss: 3.91551, Accuracy: 0.42101, Precision: 0.42949, Recall: 0.42101, F1: 0.41526, AUROC: 0.69143, AUPRC: 0.43840
Test results --- Loss: 3.16434, Accuracy: 0.48322, Precision: 0.48640, Recall: 0.48322 F1: 0.47845, AUROC: 0.74264, AUPRC: 0.48829
EarlyStopping counter: 11 out of 20
Updating learning rate to 0.0010627905195293135
Epoch: 49 cost time: 3.2709810733795166
Epoch: 49, Steps: 18, | Train Loss: 0.03794
Validation results --- Loss: 3.90559, Accuracy: 0.45226, Precision: 0.46631, Recall: 0.45226, F1: 0.44991, AUROC: 0.70031, AUPRC: 0.45382
Test results --- Loss: 3.21792, Accuracy: 0.47512, Precision: 0.48384, Recall: 0.47512 F1: 0.46698, AUROC: 0.74786, AUPRC: 0.49419
Metric score decreased (-0.443269 --> -0.449910).  Saving model ...

Updating learning rate to 0.0010314107590781282
Epoch: 50 cost time: 3.236966133117676
Epoch: 50, Steps: 18, | Train Loss: 0.03329
Validation results --- Loss: 4.02999, Accuracy: 0.43663, Precision: 0.45185, Recall: 0.43663, F1: 0.43143, AUROC: 0.69904, AUPRC: 0.45301
Test results --- Loss: 3.21955, Accuracy: 0.48727, Precision: 0.49121, Recall: 0.48727 F1: 0.48172, AUROC: 0.74719, AUPRC: 0.49289
EarlyStopping counter: 1 out of 20
Updating learning rate to 0.001
Epoch: 51 cost time: 3.2971436977386475
Epoch: 51, Steps: 18, | Train Loss: 0.02843
Validation results --- Loss: 4.03044, Accuracy: 0.43229, Precision: 0.44106, Recall: 0.43229, F1: 0.42488, AUROC: 0.70262, AUPRC: 0.45659
Test results --- Loss: 3.27739, Accuracy: 0.48148, Precision: 0.48683, Recall: 0.48148 F1: 0.47649, AUROC: 0.74526, AUPRC: 0.48802
EarlyStopping counter: 2 out of 20
Updating learning rate to 0.0009685892409218717
Epoch: 52 cost time: 3.306887626647949
Epoch: 52, Steps: 18, | Train Loss: 0.02347
Validation results --- Loss: 4.05400, Accuracy: 0.42795, Precision: 0.43731, Recall: 0.42795, F1: 0.41950, AUROC: 0.70455, AUPRC: 0.45678
Test results --- Loss: 3.21061, Accuracy: 0.47743, Precision: 0.47978, Recall: 0.47743 F1: 0.47315, AUROC: 0.74368, AUPRC: 0.49083
EarlyStopping counter: 3 out of 20
Updating learning rate to 0.0009372094804706866
Epoch: 53 cost time: 3.2936904430389404
Epoch: 53, Steps: 18, | Train Loss: 0.02024
Validation results --- Loss: 4.02290, Accuracy: 0.43490, Precision: 0.44463, Recall: 0.43490, F1: 0.42862, AUROC: 0.70499, AUPRC: 0.45681
Test results --- Loss: 3.22876, Accuracy: 0.48206, Precision: 0.48517, Recall: 0.48206 F1: 0.47814, AUROC: 0.74735, AUPRC: 0.49587
EarlyStopping counter: 4 out of 20
Updating learning rate to 0.0009058916866814857
Epoch: 54 cost time: 3.2583701610565186
Epoch: 54, Steps: 18, | Train Loss: 0.01833
Validation results --- Loss: 4.15409, Accuracy: 0.44010, Precision: 0.45332, Recall: 0.44010, F1: 0.43773, AUROC: 0.69993, AUPRC: 0.45148
Test results --- Loss: 3.36760, Accuracy: 0.47627, Precision: 0.47982, Recall: 0.47627 F1: 0.47163, AUROC: 0.74648, AUPRC: 0.49206
EarlyStopping counter: 5 out of 20
Updating learning rate to 0.0008746667664356957
Epoch: 55 cost time: 3.2792716026306152
Epoch: 55, Steps: 18, | Train Loss: 0.01781
Validation results --- Loss: 4.31002, Accuracy: 0.43229, Precision: 0.45012, Recall: 0.43229, F1: 0.42685, AUROC: 0.69863, AUPRC: 0.44820
Test results --- Loss: 3.39276, Accuracy: 0.47396, Precision: 0.47552, Recall: 0.47396 F1: 0.46957, AUROC: 0.74403, AUPRC: 0.48823
EarlyStopping counter: 6 out of 20
Updating learning rate to 0.000843565534959769
Epoch: 56 cost time: 3.2987709045410156
Epoch: 56, Steps: 18, | Train Loss: 0.02082
Validation results --- Loss: 4.26229, Accuracy: 0.43576, Precision: 0.45261, Recall: 0.43576, F1: 0.42988, AUROC: 0.70070, AUPRC: 0.45175
Test results --- Loss: 3.38525, Accuracy: 0.48438, Precision: 0.48584, Recall: 0.48438 F1: 0.48021, AUROC: 0.74415, AUPRC: 0.49270
EarlyStopping counter: 7 out of 20
Updating learning rate to 0.0008126186854142752
Epoch: 57 cost time: 3.28951358795166
Epoch: 57, Steps: 18, | Train Loss: 0.01578
Validation results --- Loss: 4.20483, Accuracy: 0.44358, Precision: 0.45678, Recall: 0.44358, F1: 0.43740, AUROC: 0.70378, AUPRC: 0.45544
Test results --- Loss: 3.36704, Accuracy: 0.48727, Precision: 0.49022, Recall: 0.48727 F1: 0.48330, AUROC: 0.74738, AUPRC: 0.49422
EarlyStopping counter: 8 out of 20
Updating learning rate to 0.0007818567586034578
Epoch: 58 cost time: 3.270115852355957
Epoch: 58, Steps: 18, | Train Loss: 0.02112
Validation results --- Loss: 4.25203, Accuracy: 0.44010, Precision: 0.45907, Recall: 0.44010, F1: 0.43427, AUROC: 0.70371, AUPRC: 0.45446
Test results --- Loss: 3.33328, Accuracy: 0.49306, Precision: 0.49518, Recall: 0.49306 F1: 0.48991, AUROC: 0.75040, AUPRC: 0.49913
EarlyStopping counter: 9 out of 20
Updating learning rate to 0.0007513101128351453
Epoch: 59 cost time: 3.2273635864257812
Epoch: 59, Steps: 18, | Train Loss: 0.01938
Validation results --- Loss: 4.35249, Accuracy: 0.43229, Precision: 0.44529, Recall: 0.43229, F1: 0.42649, AUROC: 0.70017, AUPRC: 0.45344
Test results --- Loss: 3.34037, Accuracy: 0.49479, Precision: 0.49470, Recall: 0.49479 F1: 0.49200, AUROC: 0.75070, AUPRC: 0.50072
EarlyStopping counter: 10 out of 20
Updating learning rate to 0.0007210088939607708
Epoch: 60 cost time: 3.2939870357513428
Epoch: 60, Steps: 18, | Train Loss: 0.01598
Validation results --- Loss: 4.42728, Accuracy: 0.43229, Precision: 0.44686, Recall: 0.43229, F1: 0.42549, AUROC: 0.69909, AUPRC: 0.45086
Test results --- Loss: 3.47648, Accuracy: 0.48380, Precision: 0.48880, Recall: 0.48380 F1: 0.47889, AUROC: 0.74621, AUPRC: 0.49191
EarlyStopping counter: 11 out of 20
Updating learning rate to 0.0006909830056250527
Epoch: 61 cost time: 3.293849468231201
Epoch: 61, Steps: 18, | Train Loss: 0.01450
Validation results --- Loss: 4.52143, Accuracy: 0.42448, Precision: 0.44284, Recall: 0.42448, F1: 0.41759, AUROC: 0.69737, AUPRC: 0.44714
Test results --- Loss: 3.45300, Accuracy: 0.47917, Precision: 0.48135, Recall: 0.47917 F1: 0.47546, AUROC: 0.74555, AUPRC: 0.49350
EarlyStopping counter: 12 out of 20
Updating learning rate to 0.0006612620797547086
Epoch: 62 cost time: 3.271707057952881
Epoch: 62, Steps: 18, | Train Loss: 0.01459
Validation results --- Loss: 4.41527, Accuracy: 0.44097, Precision: 0.45715, Recall: 0.44097, F1: 0.43528, AUROC: 0.70025, AUPRC: 0.44969
Test results --- Loss: 3.41735, Accuracy: 0.48727, Precision: 0.48850, Recall: 0.48727 F1: 0.48549, AUROC: 0.74685, AUPRC: 0.49501
EarlyStopping counter: 13 out of 20
Updating learning rate to 0.0006318754473153221
Epoch: 63 cost time: 3.2323014736175537
Epoch: 63, Steps: 18, | Train Loss: 0.01075
Validation results --- Loss: 4.31132, Accuracy: 0.43663, Precision: 0.44840, Recall: 0.43663, F1: 0.43437, AUROC: 0.70270, AUPRC: 0.45484
Test results --- Loss: 3.51237, Accuracy: 0.48090, Precision: 0.48615, Recall: 0.48090 F1: 0.47666, AUROC: 0.74519, AUPRC: 0.49188
EarlyStopping counter: 14 out of 20
Updating learning rate to 0.0006028521093652195
Epoch: 64 cost time: 3.301774024963379
Epoch: 64, Steps: 18, | Train Loss: 0.01341
Validation results --- Loss: 4.41717, Accuracy: 0.43403, Precision: 0.44929, Recall: 0.43403, F1: 0.42928, AUROC: 0.70249, AUPRC: 0.45253
Test results --- Loss: 3.46508, Accuracy: 0.48090, Precision: 0.48192, Recall: 0.48090 F1: 0.47934, AUROC: 0.74540, AUPRC: 0.49418
EarlyStopping counter: 15 out of 20
Updating learning rate to 0.0005742207084349273
Epoch: 65 cost time: 3.309389591217041
Epoch: 65, Steps: 18, | Train Loss: 0.00779
Validation results --- Loss: 4.53224, Accuracy: 0.43750, Precision: 0.45537, Recall: 0.43750, F1: 0.43162, AUROC: 0.69995, AUPRC: 0.44915
Test results --- Loss: 3.56759, Accuracy: 0.48495, Precision: 0.48917, Recall: 0.48495 F1: 0.48027, AUROC: 0.74648, AUPRC: 0.49206
EarlyStopping counter: 16 out of 20
Updating learning rate to 0.0005460095002604533
Epoch: 66 cost time: 3.267869234085083
Epoch: 66, Steps: 18, | Train Loss: 0.00835
Validation results --- Loss: 4.46284, Accuracy: 0.44097, Precision: 0.45306, Recall: 0.44097, F1: 0.43792, AUROC: 0.70166, AUPRC: 0.45370
Test results --- Loss: 3.54138, Accuracy: 0.48611, Precision: 0.48983, Recall: 0.48611 F1: 0.48232, AUROC: 0.74979, AUPRC: 0.49809
EarlyStopping counter: 17 out of 20
Updating learning rate to 0.0005182463258982846
Epoch: 67 cost time: 3.2574357986450195
Epoch: 67, Steps: 18, | Train Loss: 0.00874
Validation results --- Loss: 4.57276, Accuracy: 0.43403, Precision: 0.45099, Recall: 0.43403, F1: 0.42763, AUROC: 0.70233, AUPRC: 0.45016
Test results --- Loss: 3.55976, Accuracy: 0.48148, Precision: 0.48556, Recall: 0.48148 F1: 0.47711, AUROC: 0.74944, AUPRC: 0.49678
EarlyStopping counter: 18 out of 20
Updating learning rate to 0.0004909585842496287
Epoch: 68 cost time: 3.255624532699585
Epoch: 68, Steps: 18, | Train Loss: 0.00892
Validation results --- Loss: 4.56282, Accuracy: 0.44444, Precision: 0.45582, Recall: 0.44444, F1: 0.44030, AUROC: 0.70195, AUPRC: 0.45259
Test results --- Loss: 3.56551, Accuracy: 0.48900, Precision: 0.49269, Recall: 0.48900 F1: 0.48476, AUROC: 0.75156, AUPRC: 0.49836
EarlyStopping counter: 19 out of 20
Updating learning rate to 0.0004641732050210031
Epoch: 69 cost time: 3.289458990097046
Epoch: 69, Steps: 18, | Train Loss: 0.00690
Validation results --- Loss: 4.55021, Accuracy: 0.44271, Precision: 0.45452, Recall: 0.44271, F1: 0.43807, AUROC: 0.70320, AUPRC: 0.45498
Test results --- Loss: 3.55493, Accuracy: 0.49016, Precision: 0.49279, Recall: 0.49016 F1: 0.48635, AUROC: 0.75091, AUPRC: 0.49820
EarlyStopping counter: 20 out of 20
Early stopping
>>>>>>>testing : eeg_mixer_v4_outAttentionPoolingFusion_BCIC2A_seed_44_dm_128_dp_0.1_tl_4_bs_128_lr0.002_aug_none_pl_80_cb32_kb16_tb16_pe128_ps20_ca1_cp1_git1f056a2_20260503_170401<<<<<<<<<<<<<<<<<<<<<<<<<<<<<<<<<
Validation results --- Loss: 3.90559, Accuracy: 0.45226, Precision: 0.46631, Recall: 0.45226, F1: 0.44991, AUROC: 0.70031, AUPRC: 0.45382
Test results --- Loss: 3.21792, Accuracy: 0.47512, Precision: 0.48384, Recall: 0.47512, F1: 0.46698, AUROC: 0.74786, AUPRC: 0.49419

Validation results --- Loss: 3.90559, Accuracy: 0.45226, Precision: 0.46631, Recall: 0.45226, F1: 0.44991, AUROC: 0.70031, AUPRC: 0.45382
Test results --- Loss: 3.21792, Accuracy: 0.47512, Precision: 0.48384, Recall: 0.47512, F1: 0.46698, AUROC: 0.74786, AUPRC: 0.49419

[result] Saved experiment record to: results/runs/3635086_BCIC2A_eeg_mixer_v4_outAttentionPoolingFusion_seed44.yaml
Use GPU (single): visible=0 -> cuda:0
================================================================================
[Model] eeg_mixer_v4_outAttentionPoolingFusion
[Model Params] Total: 303,934 (0.304 M)
[Model Params] Trainable: 303,934 (0.304 M)
[Model Params] Non-trainable: 0 (0.000 M)
[Model Size] Parameters: 1.16 MB
[Model Size] Buffers: 0.00 MB
[Model Size] Total estimated: 1.16 MB
================================================================================
>>>>>>>start training : eeg_mixer_v4_outAttentionPoolingFusion_BCIC2A_seed_45_dm_128_dp_0.1_tl_4_bs_128_lr0.002_aug_none_pl_80_cb32_kb16_tb16_pe128_ps20_ca1_cp1_git1f056a2_20260503_170911>>>>>>>>>>>>>>>>>>>>>>>>>>
(2304, 800, 22)
(2304,)
(1152, 800, 22)
(1152,)
(1728, 800, 22)
(1728,)
Epoch: 1 cost time: 3.281736373901367
Epoch: 1, Steps: 18, | Train Loss: 1.64993
Validation results --- Loss: 1.39740, Accuracy: 0.25000, Precision: 0.06250, Recall: 0.25000, F1: 0.10000, AUROC: 0.53847, AUPRC: 0.27691
Test results --- Loss: 1.39730, Accuracy: 0.25000, Precision: 0.06250, Recall: 0.25000 F1: 0.10000, AUROC: 0.55586, AUPRC: 0.28849
Metric score decreased (inf --> -0.100000).  Saving model ...

Updating learning rate to 0.0019995065603657315
Epoch: 2 cost time: 3.2780487537384033
Epoch: 2, Steps: 18, | Train Loss: 1.39946
Validation results --- Loss: 1.38661, Accuracy: 0.26997, Precision: 0.23488, Recall: 0.26997, F1: 0.16991, AUROC: 0.55068, AUPRC: 0.28742
Test results --- Loss: 1.38630, Accuracy: 0.25694, Precision: 0.22643, Recall: 0.25694 F1: 0.14947, AUROC: 0.55893, AUPRC: 0.29067
Metric score decreased (-0.100000 --> -0.169915).  Saving model ...

Updating learning rate to 0.0019980267284282717
Epoch: 3 cost time: 3.291280508041382
Epoch: 3, Steps: 18, | Train Loss: 1.37961
Validation results --- Loss: 1.41475, Accuracy: 0.27951, Precision: 0.30346, Recall: 0.27951, F1: 0.24641, AUROC: 0.56467, AUPRC: 0.29877
Test results --- Loss: 1.40293, Accuracy: 0.28183, Precision: 0.28467, Recall: 0.28183 F1: 0.24855, AUROC: 0.56868, AUPRC: 0.29873
Metric score decreased (-0.169915 --> -0.246406).  Saving model ...

Updating learning rate to 0.00199556196460308
Epoch: 4 cost time: 3.2846813201904297
Epoch: 4, Steps: 18, | Train Loss: 1.34400
Validation results --- Loss: 1.37404, Accuracy: 0.31076, Precision: 0.31998, Recall: 0.31076, F1: 0.30359, AUROC: 0.58091, AUPRC: 0.30941
Test results --- Loss: 1.36648, Accuracy: 0.30498, Precision: 0.30406, Recall: 0.30498 F1: 0.29226, AUROC: 0.58370, AUPRC: 0.31467
Metric score decreased (-0.246406 --> -0.303586).  Saving model ...

Updating learning rate to 0.001992114701314478
Epoch: 5 cost time: 3.2754416465759277
Epoch: 5, Steps: 18, | Train Loss: 1.32203
Validation results --- Loss: 1.38563, Accuracy: 0.31337, Precision: 0.32451, Recall: 0.31337, F1: 0.29399, AUROC: 0.59153, AUPRC: 0.31631
Test results --- Loss: 1.37657, Accuracy: 0.31192, Precision: 0.32091, Recall: 0.31192 F1: 0.28757, AUROC: 0.59083, AUPRC: 0.32213
EarlyStopping counter: 1 out of 20
Updating learning rate to 0.0019876883405951376
Epoch: 6 cost time: 3.230440855026245
Epoch: 6, Steps: 18, | Train Loss: 1.30353
Validation results --- Loss: 1.36445, Accuracy: 0.33507, Precision: 0.33875, Recall: 0.33507, F1: 0.33332, AUROC: 0.59904, AUPRC: 0.32441
Test results --- Loss: 1.34440, Accuracy: 0.34201, Precision: 0.33703, Recall: 0.34201 F1: 0.32855, AUROC: 0.61358, AUPRC: 0.33458
Metric score decreased (-0.303586 --> -0.333324).  Saving model ...

Updating learning rate to 0.001982287250728689
Epoch: 7 cost time: 3.290177822113037
Epoch: 7, Steps: 18, | Train Loss: 1.26526
Validation results --- Loss: 1.47048, Accuracy: 0.34462, Precision: 0.38283, Recall: 0.34462, F1: 0.32434, AUROC: 0.60493, AUPRC: 0.33856
Test results --- Loss: 1.34829, Accuracy: 0.35764, Precision: 0.37067, Recall: 0.35764 F1: 0.34696, AUROC: 0.63911, AUPRC: 0.36263
EarlyStopping counter: 1 out of 20
Updating learning rate to 0.0019759167619387476
Epoch: 8 cost time: 3.2913222312927246
Epoch: 8, Steps: 18, | Train Loss: 1.18420
Validation results --- Loss: 1.47710, Accuracy: 0.30729, Precision: 0.34695, Recall: 0.30729, F1: 0.25847, AUROC: 0.59268, AUPRC: 0.32548
Test results --- Loss: 1.30044, Accuracy: 0.38310, Precision: 0.37866, Recall: 0.38310 F1: 0.34764, AUROC: 0.66651, AUPRC: 0.39598
EarlyStopping counter: 2 out of 20
Updating learning rate to 0.001968583161128631
Epoch: 9 cost time: 3.2633414268493652
Epoch: 9, Steps: 18, | Train Loss: 1.10586
Validation results --- Loss: 1.45071, Accuracy: 0.33681, Precision: 0.38405, Recall: 0.33681, F1: 0.31838, AUROC: 0.60653, AUPRC: 0.34738
Test results --- Loss: 1.30104, Accuracy: 0.38426, Precision: 0.39404, Recall: 0.38426 F1: 0.36505, AUROC: 0.67009, AUPRC: 0.39807
EarlyStopping counter: 3 out of 20
Updating learning rate to 0.0019602936856769433
Epoch: 10 cost time: 3.230611801147461
Epoch: 10, Steps: 18, | Train Loss: 1.03297
Validation results --- Loss: 1.59961, Accuracy: 0.34288, Precision: 0.38284, Recall: 0.34288, F1: 0.33658, AUROC: 0.60584, AUPRC: 0.34701
Test results --- Loss: 1.40060, Accuracy: 0.39525, Precision: 0.40327, Recall: 0.39525 F1: 0.37540, AUROC: 0.67875, AUPRC: 0.41451
Metric score decreased (-0.333324 --> -0.336579).  Saving model ...

Updating learning rate to 0.0019510565162951536
Epoch: 11 cost time: 3.302290916442871
Epoch: 11, Steps: 18, | Train Loss: 0.91865
Validation results --- Loss: 1.75976, Accuracy: 0.33594, Precision: 0.37607, Recall: 0.33594, F1: 0.31657, AUROC: 0.61408, AUPRC: 0.34826
Test results --- Loss: 1.37306, Accuracy: 0.43345, Precision: 0.44340, Recall: 0.43345 F1: 0.43436, AUROC: 0.70159, AUPRC: 0.43554
EarlyStopping counter: 1 out of 20
Updating learning rate to 0.0019408807689542257
Epoch: 12 cost time: 3.3108696937561035
Epoch: 12, Steps: 18, | Train Loss: 0.82221
Validation results --- Loss: 1.63706, Accuracy: 0.36024, Precision: 0.36960, Recall: 0.36024, F1: 0.35802, AUROC: 0.62676, AUPRC: 0.36476
Test results --- Loss: 1.35768, Accuracy: 0.45428, Precision: 0.45414, Recall: 0.45428 F1: 0.45142, AUROC: 0.71605, AUPRC: 0.45774
Metric score decreased (-0.336579 --> -0.358016).  Saving model ...

Updating learning rate to 0.0019297764858882513
Epoch: 13 cost time: 3.3016762733459473
Epoch: 13, Steps: 18, | Train Loss: 0.78801
Validation results --- Loss: 1.77422, Accuracy: 0.35243, Precision: 0.38640, Recall: 0.35243, F1: 0.33765, AUROC: 0.63790, AUPRC: 0.37099
Test results --- Loss: 1.32854, Accuracy: 0.47049, Precision: 0.48641, Recall: 0.47049 F1: 0.46914, AUROC: 0.73555, AUPRC: 0.48457
EarlyStopping counter: 1 out of 20
Updating learning rate to 0.001917754625683981
Epoch: 14 cost time: 3.253321647644043
Epoch: 14, Steps: 18, | Train Loss: 0.73481
Validation results --- Loss: 1.96614, Accuracy: 0.38368, Precision: 0.39484, Recall: 0.38368, F1: 0.37593, AUROC: 0.63855, AUPRC: 0.37088
Test results --- Loss: 1.47077, Accuracy: 0.47049, Precision: 0.47453, Recall: 0.47049 F1: 0.46899, AUROC: 0.73491, AUPRC: 0.48674
Metric score decreased (-0.358016 --> -0.375930).  Saving model ...

Updating learning rate to 0.0019048270524660196
Epoch: 15 cost time: 3.2810463905334473
Epoch: 15, Steps: 18, | Train Loss: 0.62376
Validation results --- Loss: 2.07061, Accuracy: 0.36979, Precision: 0.40169, Recall: 0.36979, F1: 0.35683, AUROC: 0.63749, AUPRC: 0.36818
Test results --- Loss: 1.54314, Accuracy: 0.47396, Precision: 0.48938, Recall: 0.47396 F1: 0.47096, AUROC: 0.73379, AUPRC: 0.48327
EarlyStopping counter: 1 out of 20
Updating learning rate to 0.0018910065241883678
Epoch: 16 cost time: 3.2971651554107666
Epoch: 16, Steps: 18, | Train Loss: 0.56713
Validation results --- Loss: 2.21353, Accuracy: 0.37587, Precision: 0.39284, Recall: 0.37587, F1: 0.36600, AUROC: 0.64334, AUPRC: 0.36862
Test results --- Loss: 1.54581, Accuracy: 0.50347, Precision: 0.50814, Recall: 0.50347 F1: 0.50427, AUROC: 0.74788, AUPRC: 0.50449
EarlyStopping counter: 2 out of 20
Updating learning rate to 0.0018763066800438636
Epoch: 17 cost time: 3.2987921237945557
Epoch: 17, Steps: 18, | Train Loss: 0.52151
Validation results --- Loss: 2.18812, Accuracy: 0.38542, Precision: 0.40479, Recall: 0.38542, F1: 0.36992, AUROC: 0.64993, AUPRC: 0.38139
Test results --- Loss: 1.52312, Accuracy: 0.48958, Precision: 0.49798, Recall: 0.48958 F1: 0.48950, AUROC: 0.74992, AUPRC: 0.50734
EarlyStopping counter: 3 out of 20
Updating learning rate to 0.0018607420270039437
Epoch: 18 cost time: 3.2744100093841553
Epoch: 18, Steps: 18, | Train Loss: 0.47932
Validation results --- Loss: 2.39292, Accuracy: 0.36545, Precision: 0.39400, Recall: 0.36545, F1: 0.35003, AUROC: 0.63773, AUPRC: 0.36827
Test results --- Loss: 1.68186, Accuracy: 0.47975, Precision: 0.49422, Recall: 0.47975 F1: 0.47733, AUROC: 0.73897, AUPRC: 0.49491
EarlyStopping counter: 4 out of 20
Updating learning rate to 0.001844327925502015
Epoch: 19 cost time: 3.2389514446258545
Epoch: 19, Steps: 18, | Train Loss: 0.42286
Validation results --- Loss: 2.50154, Accuracy: 0.35156, Precision: 0.38723, Recall: 0.35156, F1: 0.33132, AUROC: 0.65011, AUPRC: 0.37576
Test results --- Loss: 1.73007, Accuracy: 0.48495, Precision: 0.49293, Recall: 0.48495 F1: 0.48294, AUROC: 0.74400, AUPRC: 0.50210
EarlyStopping counter: 5 out of 20
Updating learning rate to 0.0018270805742745617
Epoch: 20 cost time: 3.295732021331787
Epoch: 20, Steps: 18, | Train Loss: 0.39610
Validation results --- Loss: 2.64010, Accuracy: 0.37326, Precision: 0.37651, Recall: 0.37326, F1: 0.36111, AUROC: 0.63995, AUPRC: 0.36979
Test results --- Loss: 1.83136, Accuracy: 0.48900, Precision: 0.48837, Recall: 0.48900 F1: 0.48793, AUROC: 0.73241, AUPRC: 0.48736
EarlyStopping counter: 6 out of 20
Updating learning rate to 0.0018090169943749475
Epoch: 21 cost time: 3.2958126068115234
Epoch: 21, Steps: 18, | Train Loss: 0.33832
Validation results --- Loss: 2.69478, Accuracy: 0.36545, Precision: 0.36970, Recall: 0.36545, F1: 0.35567, AUROC: 0.64278, AUPRC: 0.37118
Test results --- Loss: 1.88375, Accuracy: 0.49190, Precision: 0.49523, Recall: 0.49190 F1: 0.49180, AUROC: 0.74048, AUPRC: 0.49857
EarlyStopping counter: 7 out of 20
Updating learning rate to 0.0017901550123756904
Epoch: 22 cost time: 3.268224000930786
Epoch: 22, Steps: 18, | Train Loss: 0.26772
Validation results --- Loss: 2.97960, Accuracy: 0.37326, Precision: 0.37878, Recall: 0.37326, F1: 0.36376, AUROC: 0.64649, AUPRC: 0.37298
Test results --- Loss: 2.01903, Accuracy: 0.48785, Precision: 0.49146, Recall: 0.48785 F1: 0.48794, AUROC: 0.73842, AUPRC: 0.49126
EarlyStopping counter: 8 out of 20
Updating learning rate to 0.0017705132427757893
Epoch: 23 cost time: 3.2328619956970215
Epoch: 23, Steps: 18, | Train Loss: 0.24660
Validation results --- Loss: 2.88678, Accuracy: 0.37760, Precision: 0.38113, Recall: 0.37760, F1: 0.37226, AUROC: 0.64642, AUPRC: 0.37841
Test results --- Loss: 2.09568, Accuracy: 0.47280, Precision: 0.48346, Recall: 0.47280 F1: 0.47332, AUROC: 0.73638, AUPRC: 0.48935
EarlyStopping counter: 9 out of 20
Updating learning rate to 0.0017501110696304595
Epoch: 24 cost time: 3.299384355545044
Epoch: 24, Steps: 18, | Train Loss: 0.23119
Validation results --- Loss: 3.14131, Accuracy: 0.38281, Precision: 0.39430, Recall: 0.38281, F1: 0.37463, AUROC: 0.64365, AUPRC: 0.37516
Test results --- Loss: 2.20451, Accuracy: 0.47569, Precision: 0.48562, Recall: 0.47569 F1: 0.47539, AUROC: 0.73640, AUPRC: 0.48395
EarlyStopping counter: 10 out of 20
Updating learning rate to 0.0017289686274214115
Epoch: 25 cost time: 3.304098606109619
Epoch: 25, Steps: 18, | Train Loss: 0.19269
Validation results --- Loss: 3.17357, Accuracy: 0.39410, Precision: 0.40108, Recall: 0.39410, F1: 0.38772, AUROC: 0.64727, AUPRC: 0.38589
Test results --- Loss: 2.29346, Accuracy: 0.46412, Precision: 0.46749, Recall: 0.46412 F1: 0.46321, AUROC: 0.72886, AUPRC: 0.47583
Metric score decreased (-0.375930 --> -0.387719).  Saving model ...

Updating learning rate to 0.0017071067811865474
Epoch: 26 cost time: 3.266648769378662
Epoch: 26, Steps: 18, | Train Loss: 0.18951
Validation results --- Loss: 3.41764, Accuracy: 0.39149, Precision: 0.39936, Recall: 0.39149, F1: 0.38556, AUROC: 0.64503, AUPRC: 0.37923
Test results --- Loss: 2.41586, Accuracy: 0.46470, Precision: 0.46611, Recall: 0.46470 F1: 0.46299, AUROC: 0.72828, AUPRC: 0.47663
EarlyStopping counter: 1 out of 20
Updating learning rate to 0.0016845471059286888
Epoch: 27 cost time: 3.2622780799865723
Epoch: 27, Steps: 18, | Train Loss: 0.16272
Validation results --- Loss: 3.34943, Accuracy: 0.39062, Precision: 0.40390, Recall: 0.39062, F1: 0.37657, AUROC: 0.65251, AUPRC: 0.38361
Test results --- Loss: 2.39837, Accuracy: 0.47801, Precision: 0.47898, Recall: 0.47801 F1: 0.47748, AUROC: 0.73573, AUPRC: 0.48527
EarlyStopping counter: 2 out of 20
Updating learning rate to 0.0016613118653236519
Epoch: 28 cost time: 3.2557246685028076
Epoch: 28, Steps: 18, | Train Loss: 0.16971
Validation results --- Loss: 3.46096, Accuracy: 0.37674, Precision: 0.38526, Recall: 0.37674, F1: 0.36038, AUROC: 0.65853, AUPRC: 0.38586
Test results --- Loss: 2.43152, Accuracy: 0.47569, Precision: 0.48166, Recall: 0.47569 F1: 0.47443, AUROC: 0.73696, AUPRC: 0.48453
EarlyStopping counter: 3 out of 20
Updating learning rate to 0.0016374239897486897
Epoch: 29 cost time: 3.2926456928253174
Epoch: 29, Steps: 18, | Train Loss: 0.15591
Validation results --- Loss: 3.53745, Accuracy: 0.38281, Precision: 0.39197, Recall: 0.38281, F1: 0.37051, AUROC: 0.64967, AUPRC: 0.38030
Test results --- Loss: 2.54131, Accuracy: 0.47106, Precision: 0.47384, Recall: 0.47106 F1: 0.46683, AUROC: 0.72942, AUPRC: 0.47940
EarlyStopping counter: 4 out of 20
Updating learning rate to 0.0016129070536529766
Epoch: 30 cost time: 3.282296895980835
Epoch: 30, Steps: 18, | Train Loss: 0.12736
Validation results --- Loss: 3.39684, Accuracy: 0.39931, Precision: 0.40208, Recall: 0.39931, F1: 0.39429, AUROC: 0.65788, AUPRC: 0.38953
Test results --- Loss: 2.63107, Accuracy: 0.45370, Precision: 0.45489, Recall: 0.45370 F1: 0.45260, AUROC: 0.72346, AUPRC: 0.46892
Metric score decreased (-0.387719 --> -0.394293).  Saving model ...

Updating learning rate to 0.0015877852522924731
Epoch: 31 cost time: 3.272528886795044
Epoch: 31, Steps: 18, | Train Loss: 0.09948
Validation results --- Loss: 3.86380, Accuracy: 0.38108, Precision: 0.39230, Recall: 0.38108, F1: 0.36952, AUROC: 0.64629, AUPRC: 0.37707
Test results --- Loss: 2.66879, Accuracy: 0.47454, Precision: 0.47755, Recall: 0.47454 F1: 0.47381, AUROC: 0.73456, AUPRC: 0.48018
EarlyStopping counter: 1 out of 20
Updating learning rate to 0.0015620833778521306
Epoch: 32 cost time: 3.2242844104766846
Epoch: 32, Steps: 18, | Train Loss: 0.07831
Validation results --- Loss: 3.85876, Accuracy: 0.40104, Precision: 0.40789, Recall: 0.40104, F1: 0.39174, AUROC: 0.65314, AUPRC: 0.38479
Test results --- Loss: 2.63111, Accuracy: 0.48148, Precision: 0.48035, Recall: 0.48148 F1: 0.47990, AUROC: 0.74257, AUPRC: 0.49526
EarlyStopping counter: 2 out of 20
Updating learning rate to 0.0015358267949789966
Epoch: 33 cost time: 3.294607400894165
Epoch: 33, Steps: 18, | Train Loss: 0.07406
Validation results --- Loss: 4.05356, Accuracy: 0.39931, Precision: 0.40328, Recall: 0.39931, F1: 0.38846, AUROC: 0.64963, AUPRC: 0.38181
Test results --- Loss: 2.76748, Accuracy: 0.46875, Precision: 0.46678, Recall: 0.46875 F1: 0.46723, AUROC: 0.73541, AUPRC: 0.48280
EarlyStopping counter: 3 out of 20
Updating learning rate to 0.0015090414157503714
Epoch: 34 cost time: 3.299955129623413
Epoch: 34, Steps: 18, | Train Loss: 0.07357
Validation results --- Loss: 3.99652, Accuracy: 0.40278, Precision: 0.41585, Recall: 0.40278, F1: 0.39143, AUROC: 0.65919, AUPRC: 0.39160
Test results --- Loss: 2.89263, Accuracy: 0.47627, Precision: 0.47604, Recall: 0.47627 F1: 0.47221, AUROC: 0.73510, AUPRC: 0.48606
EarlyStopping counter: 4 out of 20
Updating learning rate to 0.0014817536741017151
Epoch: 35 cost time: 3.2602570056915283
Epoch: 35, Steps: 18, | Train Loss: 0.06195
Validation results --- Loss: 4.14072, Accuracy: 0.39497, Precision: 0.40175, Recall: 0.39497, F1: 0.38650, AUROC: 0.65067, AUPRC: 0.38270
Test results --- Loss: 2.89060, Accuracy: 0.48032, Precision: 0.48275, Recall: 0.48032 F1: 0.48039, AUROC: 0.73709, AUPRC: 0.48518
EarlyStopping counter: 5 out of 20
Updating learning rate to 0.0014539904997395467
Epoch: 36 cost time: 3.24408221244812
Epoch: 36, Steps: 18, | Train Loss: 0.05494
Validation results --- Loss: 4.17251, Accuracy: 0.38802, Precision: 0.38961, Recall: 0.38802, F1: 0.38343, AUROC: 0.64787, AUPRC: 0.37908
Test results --- Loss: 2.91952, Accuracy: 0.48669, Precision: 0.48780, Recall: 0.48669 F1: 0.48615, AUROC: 0.73663, AUPRC: 0.47939
EarlyStopping counter: 6 out of 20
Updating learning rate to 0.0014257792915650727
Epoch: 37 cost time: 3.2961573600769043
Epoch: 37, Steps: 18, | Train Loss: 0.06390
Validation results --- Loss: 4.17689, Accuracy: 0.41667, Precision: 0.42145, Recall: 0.41667, F1: 0.39912, AUROC: 0.66533, AUPRC: 0.39634
Test results --- Loss: 3.02047, Accuracy: 0.46701, Precision: 0.46681, Recall: 0.46701 F1: 0.46405, AUROC: 0.73410, AUPRC: 0.48631
Metric score decreased (-0.394293 --> -0.399116).  Saving model ...

Updating learning rate to 0.0013971478906347806
Epoch: 38 cost time: 3.3095908164978027
Epoch: 38, Steps: 18, | Train Loss: 0.07209
Validation results --- Loss: 4.35504, Accuracy: 0.38368, Precision: 0.39797, Recall: 0.38368, F1: 0.37065, AUROC: 0.65744, AUPRC: 0.38780
Test results --- Loss: 2.91749, Accuracy: 0.47454, Precision: 0.47733, Recall: 0.47454 F1: 0.47425, AUROC: 0.74059, AUPRC: 0.48977
EarlyStopping counter: 1 out of 20
Updating learning rate to 0.0013681245526846783
Epoch: 39 cost time: 3.2382097244262695
Epoch: 39, Steps: 18, | Train Loss: 0.05528
Validation results --- Loss: 4.30646, Accuracy: 0.40278, Precision: 0.40857, Recall: 0.40278, F1: 0.38978, AUROC: 0.66122, AUPRC: 0.38694
Test results --- Loss: 3.05399, Accuracy: 0.46933, Precision: 0.47143, Recall: 0.46933 F1: 0.46844, AUROC: 0.73646, AUPRC: 0.48660
EarlyStopping counter: 2 out of 20
Updating learning rate to 0.0013387379202452916
Epoch: 40 cost time: 3.2693657875061035
Epoch: 40, Steps: 18, | Train Loss: 0.04887
Validation results --- Loss: 4.58011, Accuracy: 0.37674, Precision: 0.39711, Recall: 0.37674, F1: 0.36322, AUROC: 0.65476, AUPRC: 0.38179
Test results --- Loss: 3.11314, Accuracy: 0.48206, Precision: 0.48726, Recall: 0.48206 F1: 0.48192, AUROC: 0.73667, AUPRC: 0.47989
EarlyStopping counter: 3 out of 20
Updating learning rate to 0.0013090169943749475
Epoch: 41 cost time: 3.284515857696533
Epoch: 41, Steps: 18, | Train Loss: 0.04789
Validation results --- Loss: 4.47087, Accuracy: 0.40278, Precision: 0.41168, Recall: 0.40278, F1: 0.38972, AUROC: 0.66006, AUPRC: 0.38711
Test results --- Loss: 3.05053, Accuracy: 0.48206, Precision: 0.48239, Recall: 0.48206 F1: 0.48090, AUROC: 0.73883, AUPRC: 0.49065
EarlyStopping counter: 4 out of 20
Updating learning rate to 0.0012789911060392294
Epoch: 42 cost time: 3.234985589981079
Epoch: 42, Steps: 18, | Train Loss: 0.04420
Validation results --- Loss: 4.63433, Accuracy: 0.39844, Precision: 0.40794, Recall: 0.39844, F1: 0.38984, AUROC: 0.65525, AUPRC: 0.37657
Test results --- Loss: 3.17261, Accuracy: 0.47917, Precision: 0.48059, Recall: 0.47917 F1: 0.47930, AUROC: 0.73732, AUPRC: 0.48520
EarlyStopping counter: 5 out of 20
Updating learning rate to 0.0012486898871648551
Epoch: 43 cost time: 3.258314609527588
Epoch: 43, Steps: 18, | Train Loss: 0.03782
Validation results --- Loss: 4.54170, Accuracy: 0.40278, Precision: 0.40962, Recall: 0.40278, F1: 0.39507, AUROC: 0.65943, AUPRC: 0.38010
Test results --- Loss: 3.18266, Accuracy: 0.48958, Precision: 0.49353, Recall: 0.48958 F1: 0.48910, AUROC: 0.73888, AUPRC: 0.48613
EarlyStopping counter: 6 out of 20
Updating learning rate to 0.0012181432413965428
Epoch: 44 cost time: 3.2754018306732178
Epoch: 44, Steps: 18, | Train Loss: 0.03535
Validation results --- Loss: 4.85850, Accuracy: 0.39757, Precision: 0.40916, Recall: 0.39757, F1: 0.38257, AUROC: 0.65266, AUPRC: 0.37636
Test results --- Loss: 3.20162, Accuracy: 0.48380, Precision: 0.48154, Recall: 0.48380 F1: 0.48147, AUROC: 0.74058, AUPRC: 0.49501
EarlyStopping counter: 7 out of 20
Updating learning rate to 0.0011873813145857248
Epoch: 45 cost time: 3.2985823154449463
Epoch: 45, Steps: 18, | Train Loss: 0.03313
Validation results --- Loss: 4.64426, Accuracy: 0.40191, Precision: 0.40433, Recall: 0.40191, F1: 0.39275, AUROC: 0.65558, AUPRC: 0.37850
Test results --- Loss: 3.22005, Accuracy: 0.48843, Precision: 0.49186, Recall: 0.48843 F1: 0.48848, AUROC: 0.73851, AUPRC: 0.48748
EarlyStopping counter: 8 out of 20
Updating learning rate to 0.001156434465040231
Epoch: 46 cost time: 3.3083298206329346
Epoch: 46, Steps: 18, | Train Loss: 0.03264
Validation results --- Loss: 4.67823, Accuracy: 0.39497, Precision: 0.39994, Recall: 0.39497, F1: 0.38513, AUROC: 0.65261, AUPRC: 0.37498
Test results --- Loss: 3.26507, Accuracy: 0.47569, Precision: 0.47624, Recall: 0.47569 F1: 0.47531, AUROC: 0.73688, AUPRC: 0.48595
EarlyStopping counter: 9 out of 20
Updating learning rate to 0.0011253332335643042
Epoch: 47 cost time: 3.227052688598633
Epoch: 47, Steps: 18, | Train Loss: 0.02101
Validation results --- Loss: 4.76091, Accuracy: 0.39757, Precision: 0.40356, Recall: 0.39757, F1: 0.38950, AUROC: 0.65293, AUPRC: 0.37815
Test results --- Loss: 3.20930, Accuracy: 0.48727, Precision: 0.48943, Recall: 0.48727 F1: 0.48782, AUROC: 0.74251, AUPRC: 0.49214
EarlyStopping counter: 10 out of 20
Updating learning rate to 0.0010941083133185145
Epoch: 48 cost time: 3.2626888751983643
Epoch: 48, Steps: 18, | Train Loss: 0.02454
Validation results --- Loss: 4.65715, Accuracy: 0.39931, Precision: 0.40455, Recall: 0.39931, F1: 0.38933, AUROC: 0.65851, AUPRC: 0.38514
Test results --- Loss: 3.20211, Accuracy: 0.49132, Precision: 0.49311, Recall: 0.49132 F1: 0.49182, AUROC: 0.74287, AUPRC: 0.49414
EarlyStopping counter: 11 out of 20
Updating learning rate to 0.0010627905195293135
Epoch: 49 cost time: 3.269761562347412
Epoch: 49, Steps: 18, | Train Loss: 0.02778
Validation results --- Loss: 5.05014, Accuracy: 0.39323, Precision: 0.40705, Recall: 0.39323, F1: 0.37824, AUROC: 0.65568, AUPRC: 0.37891
Test results --- Loss: 3.32236, Accuracy: 0.48206, Precision: 0.48192, Recall: 0.48206 F1: 0.48005, AUROC: 0.74207, AUPRC: 0.49195
EarlyStopping counter: 12 out of 20
Updating learning rate to 0.0010314107590781282
Epoch: 50 cost time: 3.2327990531921387
Epoch: 50, Steps: 18, | Train Loss: 0.02923
Validation results --- Loss: 4.76459, Accuracy: 0.41146, Precision: 0.41770, Recall: 0.41146, F1: 0.40512, AUROC: 0.66041, AUPRC: 0.38860
Test results --- Loss: 3.33337, Accuracy: 0.48322, Precision: 0.48457, Recall: 0.48322 F1: 0.48166, AUROC: 0.74334, AUPRC: 0.49335
Metric score decreased (-0.399116 --> -0.405118).  Saving model ...

Updating learning rate to 0.001
Epoch: 51 cost time: 3.2635695934295654
Epoch: 51, Steps: 18, | Train Loss: 0.02911
Validation results --- Loss: 4.88380, Accuracy: 0.38889, Precision: 0.39979, Recall: 0.38889, F1: 0.38120, AUROC: 0.65172, AUPRC: 0.37718
Test results --- Loss: 3.29638, Accuracy: 0.48843, Precision: 0.49148, Recall: 0.48843 F1: 0.48889, AUROC: 0.74426, AUPRC: 0.49351
EarlyStopping counter: 1 out of 20
Updating learning rate to 0.0009685892409218717
Epoch: 52 cost time: 3.27651309967041
Epoch: 52, Steps: 18, | Train Loss: 0.02451
Validation results --- Loss: 5.07355, Accuracy: 0.38368, Precision: 0.39979, Recall: 0.38368, F1: 0.37358, AUROC: 0.64498, AUPRC: 0.36962
Test results --- Loss: 3.43940, Accuracy: 0.48495, Precision: 0.48754, Recall: 0.48495 F1: 0.48527, AUROC: 0.73621, AUPRC: 0.48791
EarlyStopping counter: 2 out of 20
Updating learning rate to 0.0009372094804706866
Epoch: 53 cost time: 3.29630446434021
Epoch: 53, Steps: 18, | Train Loss: 0.02124
Validation results --- Loss: 4.96763, Accuracy: 0.38976, Precision: 0.39927, Recall: 0.38976, F1: 0.38227, AUROC: 0.65097, AUPRC: 0.37769
Test results --- Loss: 3.40773, Accuracy: 0.48264, Precision: 0.48968, Recall: 0.48264 F1: 0.48323, AUROC: 0.74085, AUPRC: 0.49262
EarlyStopping counter: 3 out of 20
Updating learning rate to 0.0009058916866814857
Epoch: 54 cost time: 3.3089778423309326
Epoch: 54, Steps: 18, | Train Loss: 0.01845
Validation results --- Loss: 5.19989, Accuracy: 0.39757, Precision: 0.40617, Recall: 0.39757, F1: 0.38624, AUROC: 0.64859, AUPRC: 0.37214
Test results --- Loss: 3.39837, Accuracy: 0.48611, Precision: 0.48699, Recall: 0.48611 F1: 0.48595, AUROC: 0.74300, AUPRC: 0.49493
EarlyStopping counter: 4 out of 20
Updating learning rate to 0.0008746667664356957
Epoch: 55 cost time: 3.227144241333008
Epoch: 55, Steps: 18, | Train Loss: 0.01386
Validation results --- Loss: 5.22954, Accuracy: 0.39410, Precision: 0.40584, Recall: 0.39410, F1: 0.38254, AUROC: 0.64847, AUPRC: 0.37092
Test results --- Loss: 3.46952, Accuracy: 0.48900, Precision: 0.49049, Recall: 0.48900 F1: 0.48882, AUROC: 0.73937, AUPRC: 0.49137
EarlyStopping counter: 5 out of 20
Updating learning rate to 0.000843565534959769
Epoch: 56 cost time: 3.2631802558898926
Epoch: 56, Steps: 18, | Train Loss: 0.01119
Validation results --- Loss: 5.14744, Accuracy: 0.39410, Precision: 0.39789, Recall: 0.39410, F1: 0.38648, AUROC: 0.64738, AUPRC: 0.37688
Test results --- Loss: 3.47635, Accuracy: 0.47859, Precision: 0.47893, Recall: 0.47859 F1: 0.47806, AUROC: 0.73880, AUPRC: 0.48710
EarlyStopping counter: 6 out of 20
Updating learning rate to 0.0008126186854142752
Epoch: 57 cost time: 3.261033773422241
Epoch: 57, Steps: 18, | Train Loss: 0.01002
Validation results --- Loss: 5.22512, Accuracy: 0.39931, Precision: 0.40812, Recall: 0.39931, F1: 0.38826, AUROC: 0.65001, AUPRC: 0.37449
Test results --- Loss: 3.49473, Accuracy: 0.48669, Precision: 0.48733, Recall: 0.48669 F1: 0.48661, AUROC: 0.74175, AUPRC: 0.49214
EarlyStopping counter: 7 out of 20
Updating learning rate to 0.0007818567586034578
Epoch: 58 cost time: 3.239163637161255
Epoch: 58, Steps: 18, | Train Loss: 0.01118
Validation results --- Loss: 5.21054, Accuracy: 0.40017, Precision: 0.40812, Recall: 0.40017, F1: 0.38968, AUROC: 0.65353, AUPRC: 0.37627
Test results --- Loss: 3.48749, Accuracy: 0.49074, Precision: 0.49056, Recall: 0.49074 F1: 0.49009, AUROC: 0.74482, AUPRC: 0.49916
EarlyStopping counter: 8 out of 20
Updating learning rate to 0.0007513101128351453
Epoch: 59 cost time: 3.281567335128784
Epoch: 59, Steps: 18, | Train Loss: 0.01083
Validation results --- Loss: 5.27993, Accuracy: 0.39844, Precision: 0.40588, Recall: 0.39844, F1: 0.38559, AUROC: 0.65280, AUPRC: 0.37865
Test results --- Loss: 3.49346, Accuracy: 0.48727, Precision: 0.48699, Recall: 0.48727 F1: 0.48524, AUROC: 0.74501, AUPRC: 0.49895
EarlyStopping counter: 9 out of 20
Updating learning rate to 0.0007210088939607708
Epoch: 60 cost time: 3.240454912185669
Epoch: 60, Steps: 18, | Train Loss: 0.00855
Validation results --- Loss: 5.17404, Accuracy: 0.40191, Precision: 0.40945, Recall: 0.40191, F1: 0.39241, AUROC: 0.65291, AUPRC: 0.37747
Test results --- Loss: 3.49203, Accuracy: 0.48090, Precision: 0.48208, Recall: 0.48090 F1: 0.48130, AUROC: 0.74245, AUPRC: 0.49243
EarlyStopping counter: 10 out of 20
Updating learning rate to 0.0006909830056250527
Epoch: 61 cost time: 3.2771708965301514
Epoch: 61, Steps: 18, | Train Loss: 0.00782
Validation results --- Loss: 5.28576, Accuracy: 0.39757, Precision: 0.40682, Recall: 0.39757, F1: 0.38711, AUROC: 0.65017, AUPRC: 0.37397
Test results --- Loss: 3.54682, Accuracy: 0.48727, Precision: 0.48754, Recall: 0.48727 F1: 0.48675, AUROC: 0.74119, AUPRC: 0.49085
EarlyStopping counter: 11 out of 20
Updating learning rate to 0.0006612620797547086
Epoch: 62 cost time: 3.258554697036743
Epoch: 62, Steps: 18, | Train Loss: 0.00609
Validation results --- Loss: 5.30285, Accuracy: 0.40191, Precision: 0.40914, Recall: 0.40191, F1: 0.39167, AUROC: 0.65223, AUPRC: 0.37728
Test results --- Loss: 3.57976, Accuracy: 0.48785, Precision: 0.48662, Recall: 0.48785 F1: 0.48688, AUROC: 0.74010, AUPRC: 0.49045
EarlyStopping counter: 12 out of 20
Updating learning rate to 0.0006318754473153221
Epoch: 63 cost time: 3.243603467941284
Epoch: 63, Steps: 18, | Train Loss: 0.00835
Validation results --- Loss: 5.49293, Accuracy: 0.39236, Precision: 0.40495, Recall: 0.39236, F1: 0.37937, AUROC: 0.64957, AUPRC: 0.37396
Test results --- Loss: 3.63433, Accuracy: 0.48495, Precision: 0.48599, Recall: 0.48495 F1: 0.48334, AUROC: 0.73998, AUPRC: 0.48996
EarlyStopping counter: 13 out of 20
Updating learning rate to 0.0006028521093652195
Epoch: 64 cost time: 3.2730400562286377
Epoch: 64, Steps: 18, | Train Loss: 0.00755
Validation results --- Loss: 5.29564, Accuracy: 0.39931, Precision: 0.40742, Recall: 0.39931, F1: 0.39275, AUROC: 0.65180, AUPRC: 0.38007
Test results --- Loss: 3.59055, Accuracy: 0.48843, Precision: 0.48932, Recall: 0.48843 F1: 0.48729, AUROC: 0.74177, AUPRC: 0.49159
EarlyStopping counter: 14 out of 20
Updating learning rate to 0.0005742207084349273
Epoch: 65 cost time: 3.2593157291412354
Epoch: 65, Steps: 18, | Train Loss: 0.00944
Validation results --- Loss: 5.38499, Accuracy: 0.38628, Precision: 0.39687, Recall: 0.38628, F1: 0.37887, AUROC: 0.64987, AUPRC: 0.37623
Test results --- Loss: 3.57894, Accuracy: 0.48553, Precision: 0.48649, Recall: 0.48553 F1: 0.48574, AUROC: 0.74382, AUPRC: 0.49346
EarlyStopping counter: 15 out of 20
Updating learning rate to 0.0005460095002604533
Epoch: 66 cost time: 3.235581398010254
Epoch: 66, Steps: 18, | Train Loss: 0.00906
Validation results --- Loss: 5.44217, Accuracy: 0.38108, Precision: 0.39244, Recall: 0.38108, F1: 0.37373, AUROC: 0.64771, AUPRC: 0.37318
Test results --- Loss: 3.64101, Accuracy: 0.48032, Precision: 0.48174, Recall: 0.48032 F1: 0.48061, AUROC: 0.74094, AUPRC: 0.48945
EarlyStopping counter: 16 out of 20
Updating learning rate to 0.0005182463258982846
Epoch: 67 cost time: 3.2843668460845947
Epoch: 67, Steps: 18, | Train Loss: 0.00708
Validation results --- Loss: 5.43365, Accuracy: 0.39931, Precision: 0.40953, Recall: 0.39931, F1: 0.38803, AUROC: 0.65226, AUPRC: 0.37712
Test results --- Loss: 3.65482, Accuracy: 0.48900, Precision: 0.48861, Recall: 0.48900 F1: 0.48873, AUROC: 0.74097, AUPRC: 0.49103
EarlyStopping counter: 17 out of 20
Updating learning rate to 0.0004909585842496287
Epoch: 68 cost time: 3.270498037338257
Epoch: 68, Steps: 18, | Train Loss: 0.01031
Validation results --- Loss: 5.47886, Accuracy: 0.39844, Precision: 0.41249, Recall: 0.39844, F1: 0.38830, AUROC: 0.64665, AUPRC: 0.37428
Test results --- Loss: 3.61732, Accuracy: 0.48785, Precision: 0.49083, Recall: 0.48785 F1: 0.48860, AUROC: 0.74301, AUPRC: 0.49262
EarlyStopping counter: 18 out of 20
Updating learning rate to 0.0004641732050210031
Epoch: 69 cost time: 3.2520270347595215
Epoch: 69, Steps: 18, | Train Loss: 0.00983
Validation results --- Loss: 5.48458, Accuracy: 0.39670, Precision: 0.40925, Recall: 0.39670, F1: 0.38609, AUROC: 0.65067, AUPRC: 0.37565
Test results --- Loss: 3.62730, Accuracy: 0.49306, Precision: 0.49414, Recall: 0.49306 F1: 0.49299, AUROC: 0.74386, AUPRC: 0.49316
EarlyStopping counter: 19 out of 20
Updating learning rate to 0.0004379166221478696
Epoch: 70 cost time: 3.2595810890197754
Epoch: 70, Steps: 18, | Train Loss: 0.00680
Validation results --- Loss: 5.32054, Accuracy: 0.40017, Precision: 0.41136, Recall: 0.40017, F1: 0.39289, AUROC: 0.65542, AUPRC: 0.38086
Test results --- Loss: 3.60090, Accuracy: 0.49479, Precision: 0.49784, Recall: 0.49479 F1: 0.49538, AUROC: 0.74548, AUPRC: 0.49696
EarlyStopping counter: 20 out of 20
Early stopping
>>>>>>>testing : eeg_mixer_v4_outAttentionPoolingFusion_BCIC2A_seed_45_dm_128_dp_0.1_tl_4_bs_128_lr0.002_aug_none_pl_80_cb32_kb16_tb16_pe128_ps20_ca1_cp1_git1f056a2_20260503_170911<<<<<<<<<<<<<<<<<<<<<<<<<<<<<<<<<
Validation results --- Loss: 4.76459, Accuracy: 0.41146, Precision: 0.41770, Recall: 0.41146, F1: 0.40512, AUROC: 0.66041, AUPRC: 0.38860
Test results --- Loss: 3.33337, Accuracy: 0.48322, Precision: 0.48457, Recall: 0.48322, F1: 0.48166, AUROC: 0.74334, AUPRC: 0.49335

Validation results --- Loss: 4.76459, Accuracy: 0.41146, Precision: 0.41770, Recall: 0.41146, F1: 0.40512, AUROC: 0.66041, AUPRC: 0.38860
Test results --- Loss: 3.33337, Accuracy: 0.48322, Precision: 0.48457, Recall: 0.48322, F1: 0.48166, AUROC: 0.74334, AUPRC: 0.49335

[result] Saved experiment record to: results/runs/3635086_BCIC2A_eeg_mixer_v4_outAttentionPoolingFusion_seed45.yaml
Use GPU (single): visible=0 -> cuda:0
================================================================================
[Model] eeg_mixer_v4_outAttentionPoolingFusion
[Model Params] Total: 303,934 (0.304 M)
[Model Params] Trainable: 303,934 (0.304 M)
[Model Params] Non-trainable: 0 (0.000 M)
[Model Size] Parameters: 1.16 MB
[Model Size] Buffers: 0.00 MB
[Model Size] Total estimated: 1.16 MB
================================================================================
>>>>>>>start training : eeg_mixer_v4_outAttentionPoolingFusion_BCIC2A_seed_46_dm_128_dp_0.1_tl_4_bs_128_lr0.002_aug_none_pl_80_cb32_kb16_tb16_pe128_ps20_ca1_cp1_git1f056a2_20260503_171425>>>>>>>>>>>>>>>>>>>>>>>>>>
(2304, 800, 22)
(2304,)
(1152, 800, 22)
(1152,)
(1728, 800, 22)
(1728,)
Epoch: 1 cost time: 3.2926418781280518
Epoch: 1, Steps: 18, | Train Loss: 1.69809
Validation results --- Loss: 1.40861, Accuracy: 0.25000, Precision: 0.06250, Recall: 0.25000, F1: 0.10000, AUROC: 0.50495, AUPRC: 0.25996
Test results --- Loss: 1.40866, Accuracy: 0.25000, Precision: 0.06250, Recall: 0.25000 F1: 0.10000, AUROC: 0.50330, AUPRC: 0.25288
Metric score decreased (inf --> -0.100000).  Saving model ...

Updating learning rate to 0.0019995065603657315
Epoch: 2 cost time: 3.229496955871582
Epoch: 2, Steps: 18, | Train Loss: 1.41702
Validation results --- Loss: 1.39832, Accuracy: 0.25000, Precision: 0.06250, Recall: 0.25000, F1: 0.10000, AUROC: 0.52587, AUPRC: 0.26878
Test results --- Loss: 1.39832, Accuracy: 0.25000, Precision: 0.06250, Recall: 0.25000 F1: 0.10000, AUROC: 0.53815, AUPRC: 0.27779
EarlyStopping counter: 1 out of 20
Updating learning rate to 0.0019980267284282717
Epoch: 3 cost time: 3.29703426361084
Epoch: 3, Steps: 18, | Train Loss: 1.40204
Validation results --- Loss: 1.38667, Accuracy: 0.25000, Precision: 0.06250, Recall: 0.25000, F1: 0.10000, AUROC: 0.54844, AUPRC: 0.28401
Test results --- Loss: 1.38603, Accuracy: 0.25000, Precision: 0.06250, Recall: 0.25000 F1: 0.10000, AUROC: 0.55866, AUPRC: 0.29195
EarlyStopping counter: 2 out of 20
Updating learning rate to 0.00199556196460308
Epoch: 4 cost time: 3.3074471950531006
Epoch: 4, Steps: 18, | Train Loss: 1.38743
Validation results --- Loss: 1.38350, Accuracy: 0.25260, Precision: 0.29050, Recall: 0.25260, F1: 0.11455, AUROC: 0.56527, AUPRC: 0.29823
Test results --- Loss: 1.38285, Accuracy: 0.25058, Precision: 0.33099, Recall: 0.25058 F1: 0.11378, AUROC: 0.56654, AUPRC: 0.30014
Metric score decreased (-0.100000 --> -0.114547).  Saving model ...

Updating learning rate to 0.001992114701314478
Epoch: 5 cost time: 3.2767493724823
Epoch: 5, Steps: 18, | Train Loss: 1.35932
Validation results --- Loss: 1.37865, Accuracy: 0.31163, Precision: 0.31630, Recall: 0.31163, F1: 0.30897, AUROC: 0.57853, AUPRC: 0.30413
Test results --- Loss: 1.37871, Accuracy: 0.31481, Precision: 0.32694, Recall: 0.31481 F1: 0.31482, AUROC: 0.57969, AUPRC: 0.31065
Metric score decreased (-0.114547 --> -0.308973).  Saving model ...

Updating learning rate to 0.0019876883405951376
Epoch: 6 cost time: 3.2645297050476074
Epoch: 6, Steps: 18, | Train Loss: 1.32396
Validation results --- Loss: 1.35654, Accuracy: 0.30990, Precision: 0.31672, Recall: 0.30990, F1: 0.28823, AUROC: 0.59999, AUPRC: 0.33036
Test results --- Loss: 1.34645, Accuracy: 0.33275, Precision: 0.35417, Recall: 0.33275 F1: 0.31430, AUROC: 0.60994, AUPRC: 0.34104
EarlyStopping counter: 1 out of 20
Updating learning rate to 0.001982287250728689
Epoch: 7 cost time: 3.251645803451538
Epoch: 7, Steps: 18, | Train Loss: 1.29679
Validation results --- Loss: 1.34375, Accuracy: 0.35590, Precision: 0.35569, Recall: 0.35590, F1: 0.33547, AUROC: 0.62397, AUPRC: 0.35851
Test results --- Loss: 1.30574, Accuracy: 0.36979, Precision: 0.34957, Recall: 0.36979 F1: 0.34272, AUROC: 0.64422, AUPRC: 0.37257
Metric score decreased (-0.308973 --> -0.335472).  Saving model ...

Updating learning rate to 0.0019759167619387476
Epoch: 8 cost time: 3.291696071624756
Epoch: 8, Steps: 18, | Train Loss: 1.22586
Validation results --- Loss: 1.35590, Accuracy: 0.37240, Precision: 0.37372, Recall: 0.37240, F1: 0.36728, AUROC: 0.63451, AUPRC: 0.36859
Test results --- Loss: 1.33989, Accuracy: 0.36863, Precision: 0.36646, Recall: 0.36863 F1: 0.32760, AUROC: 0.66624, AUPRC: 0.40229
Metric score decreased (-0.335472 --> -0.367278).  Saving model ...

Updating learning rate to 0.001968583161128631
Epoch: 9 cost time: 3.2743735313415527
Epoch: 9, Steps: 18, | Train Loss: 1.17870
Validation results --- Loss: 1.46256, Accuracy: 0.31944, Precision: 0.37568, Recall: 0.31944, F1: 0.31296, AUROC: 0.63606, AUPRC: 0.36799
Test results --- Loss: 1.29557, Accuracy: 0.39062, Precision: 0.41220, Recall: 0.39062 F1: 0.39349, AUROC: 0.68251, AUPRC: 0.41751
EarlyStopping counter: 1 out of 20
Updating learning rate to 0.0019602936856769433
Epoch: 10 cost time: 3.273674488067627
Epoch: 10, Steps: 18, | Train Loss: 1.11130
Validation results --- Loss: 1.56602, Accuracy: 0.32812, Precision: 0.34770, Recall: 0.32812, F1: 0.33083, AUROC: 0.61581, AUPRC: 0.34720
Test results --- Loss: 1.36591, Accuracy: 0.42535, Precision: 0.41663, Recall: 0.42535 F1: 0.41000, AUROC: 0.68658, AUPRC: 0.42170
EarlyStopping counter: 2 out of 20
Updating learning rate to 0.0019510565162951536
Epoch: 11 cost time: 3.22648024559021
Epoch: 11, Steps: 18, | Train Loss: 1.05361
Validation results --- Loss: 1.75430, Accuracy: 0.30903, Precision: 0.37700, Recall: 0.30903, F1: 0.28361, AUROC: 0.62889, AUPRC: 0.35518
Test results --- Loss: 1.39323, Accuracy: 0.37789, Precision: 0.42200, Recall: 0.37789 F1: 0.37217, AUROC: 0.70378, AUPRC: 0.44379
EarlyStopping counter: 3 out of 20
Updating learning rate to 0.0019408807689542257
Epoch: 12 cost time: 3.294473648071289
Epoch: 12, Steps: 18, | Train Loss: 0.99913
Validation results --- Loss: 1.75592, Accuracy: 0.34201, Precision: 0.38415, Recall: 0.34201, F1: 0.34071, AUROC: 0.63189, AUPRC: 0.36289
Test results --- Loss: 1.38757, Accuracy: 0.45486, Precision: 0.46709, Recall: 0.45486 F1: 0.45418, AUROC: 0.72111, AUPRC: 0.45925
EarlyStopping counter: 4 out of 20
Updating learning rate to 0.0019297764858882513
Epoch: 13 cost time: 3.30352520942688
Epoch: 13, Steps: 18, | Train Loss: 0.89896
Validation results --- Loss: 1.67233, Accuracy: 0.34028, Precision: 0.38327, Recall: 0.34028, F1: 0.31159, AUROC: 0.64869, AUPRC: 0.37455
Test results --- Loss: 1.33012, Accuracy: 0.46586, Precision: 0.48866, Recall: 0.46586 F1: 0.45285, AUROC: 0.74112, AUPRC: 0.48874
EarlyStopping counter: 5 out of 20
Updating learning rate to 0.001917754625683981
Epoch: 14 cost time: 3.276395797729492
Epoch: 14, Steps: 18, | Train Loss: 0.84071
Validation results --- Loss: 1.99057, Accuracy: 0.34549, Precision: 0.40763, Recall: 0.34549, F1: 0.31556, AUROC: 0.64556, AUPRC: 0.37831
Test results --- Loss: 1.43452, Accuracy: 0.44907, Precision: 0.46519, Recall: 0.44907 F1: 0.44184, AUROC: 0.73870, AUPRC: 0.48732
EarlyStopping counter: 6 out of 20
Updating learning rate to 0.0019048270524660196
Epoch: 15 cost time: 3.2539961338043213
Epoch: 15, Steps: 18, | Train Loss: 0.79465
Validation results --- Loss: 1.70527, Accuracy: 0.39497, Precision: 0.41373, Recall: 0.39497, F1: 0.39688, AUROC: 0.66157, AUPRC: 0.39872
Test results --- Loss: 1.41838, Accuracy: 0.47396, Precision: 0.48419, Recall: 0.47396 F1: 0.46688, AUROC: 0.73742, AUPRC: 0.48664
Metric score decreased (-0.367278 --> -0.396882).  Saving model ...

Updating learning rate to 0.0018910065241883678
Epoch: 16 cost time: 3.298945188522339
Epoch: 16, Steps: 18, | Train Loss: 0.69851
Validation results --- Loss: 1.85406, Accuracy: 0.37934, Precision: 0.40396, Recall: 0.37934, F1: 0.37559, AUROC: 0.65592, AUPRC: 0.37775
Test results --- Loss: 1.48554, Accuracy: 0.45833, Precision: 0.47112, Recall: 0.45833 F1: 0.44721, AUROC: 0.74061, AUPRC: 0.48505
EarlyStopping counter: 1 out of 20
Updating learning rate to 0.0018763066800438636
Epoch: 17 cost time: 3.315931797027588
Epoch: 17, Steps: 18, | Train Loss: 0.64726
Validation results --- Loss: 1.98961, Accuracy: 0.40017, Precision: 0.42320, Recall: 0.40017, F1: 0.39030, AUROC: 0.67673, AUPRC: 0.40157
Test results --- Loss: 1.45874, Accuracy: 0.51620, Precision: 0.51800, Recall: 0.51620 F1: 0.51517, AUROC: 0.76099, AUPRC: 0.51998
EarlyStopping counter: 2 out of 20
Updating learning rate to 0.0018607420270039437
Epoch: 18 cost time: 3.2923407554626465
Epoch: 18, Steps: 18, | Train Loss: 0.63578
Validation results --- Loss: 1.97516, Accuracy: 0.43229, Precision: 0.45007, Recall: 0.43229, F1: 0.42279, AUROC: 0.68494, AUPRC: 0.42435
Test results --- Loss: 1.53932, Accuracy: 0.51042, Precision: 0.53649, Recall: 0.51042 F1: 0.49834, AUROC: 0.76507, AUPRC: 0.52584
Metric score decreased (-0.396882 --> -0.422786).  Saving model ...

Updating learning rate to 0.001844327925502015
Epoch: 19 cost time: 3.2771546840667725
Epoch: 19, Steps: 18, | Train Loss: 0.62477
Validation results --- Loss: 1.98647, Accuracy: 0.41753, Precision: 0.44089, Recall: 0.41753, F1: 0.41101, AUROC: 0.68501, AUPRC: 0.42818
Test results --- Loss: 1.51023, Accuracy: 0.50868, Precision: 0.51664, Recall: 0.50868 F1: 0.49919, AUROC: 0.76378, AUPRC: 0.52598
EarlyStopping counter: 1 out of 20
Updating learning rate to 0.0018270805742745617
Epoch: 20 cost time: 3.2506327629089355
Epoch: 20, Steps: 18, | Train Loss: 0.54863
Validation results --- Loss: 2.15536, Accuracy: 0.39670, Precision: 0.43154, Recall: 0.39670, F1: 0.38120, AUROC: 0.68150, AUPRC: 0.41836
Test results --- Loss: 1.63653, Accuracy: 0.48900, Precision: 0.49183, Recall: 0.48900 F1: 0.47645, AUROC: 0.74684, AUPRC: 0.50214
EarlyStopping counter: 2 out of 20
Updating learning rate to 0.0018090169943749475
Epoch: 21 cost time: 3.29536771774292
Epoch: 21, Steps: 18, | Train Loss: 0.49566
Validation results --- Loss: 1.95272, Accuracy: 0.42882, Precision: 0.43339, Recall: 0.42882, F1: 0.42581, AUROC: 0.68839, AUPRC: 0.42724
Test results --- Loss: 1.59002, Accuracy: 0.50579, Precision: 0.51891, Recall: 0.50579 F1: 0.50084, AUROC: 0.75576, AUPRC: 0.51549
Metric score decreased (-0.422786 --> -0.425809).  Saving model ...

Updating learning rate to 0.0017901550123756904
Epoch: 22 cost time: 3.2887372970581055
Epoch: 22, Steps: 18, | Train Loss: 0.43353
Validation results --- Loss: 2.14240, Accuracy: 0.43056, Precision: 0.44417, Recall: 0.43056, F1: 0.42489, AUROC: 0.69615, AUPRC: 0.44247
Test results --- Loss: 1.64213, Accuracy: 0.52662, Precision: 0.52820, Recall: 0.52662 F1: 0.52534, AUROC: 0.76093, AUPRC: 0.51723
EarlyStopping counter: 1 out of 20
Updating learning rate to 0.0017705132427757893
Epoch: 23 cost time: 3.2754902839660645
Epoch: 23, Steps: 18, | Train Loss: 0.39024
Validation results --- Loss: 2.42158, Accuracy: 0.40799, Precision: 0.42161, Recall: 0.40799, F1: 0.38819, AUROC: 0.68664, AUPRC: 0.42482
Test results --- Loss: 1.74475, Accuracy: 0.51273, Precision: 0.51736, Recall: 0.51273 F1: 0.50993, AUROC: 0.75775, AUPRC: 0.51658
EarlyStopping counter: 2 out of 20
Updating learning rate to 0.0017501110696304595
Epoch: 24 cost time: 3.225991725921631
Epoch: 24, Steps: 18, | Train Loss: 0.40913
Validation results --- Loss: 2.29375, Accuracy: 0.41146, Precision: 0.42961, Recall: 0.41146, F1: 0.40128, AUROC: 0.68628, AUPRC: 0.42360
Test results --- Loss: 1.80590, Accuracy: 0.49826, Precision: 0.50971, Recall: 0.49826 F1: 0.49400, AUROC: 0.74547, AUPRC: 0.49803
EarlyStopping counter: 3 out of 20
Updating learning rate to 0.0017289686274214115
Epoch: 25 cost time: 3.299593925476074
Epoch: 25, Steps: 18, | Train Loss: 0.36070
Validation results --- Loss: 2.30306, Accuracy: 0.41319, Precision: 0.43371, Recall: 0.41319, F1: 0.40638, AUROC: 0.69000, AUPRC: 0.44001
Test results --- Loss: 1.87463, Accuracy: 0.48900, Precision: 0.50034, Recall: 0.48900 F1: 0.48139, AUROC: 0.74576, AUPRC: 0.50570
EarlyStopping counter: 4 out of 20
Updating learning rate to 0.0017071067811865474
Epoch: 26 cost time: 3.3004815578460693
Epoch: 26, Steps: 18, | Train Loss: 0.31682
Validation results --- Loss: 2.36761, Accuracy: 0.41146, Precision: 0.43087, Recall: 0.41146, F1: 0.40227, AUROC: 0.69261, AUPRC: 0.43932
Test results --- Loss: 1.86669, Accuracy: 0.50289, Precision: 0.51620, Recall: 0.50289 F1: 0.49310, AUROC: 0.75689, AUPRC: 0.51681
EarlyStopping counter: 5 out of 20
Updating learning rate to 0.0016845471059286888
Epoch: 27 cost time: 3.268693685531616
Epoch: 27, Steps: 18, | Train Loss: 0.29842
Validation results --- Loss: 2.41849, Accuracy: 0.41667, Precision: 0.42636, Recall: 0.41667, F1: 0.40945, AUROC: 0.68811, AUPRC: 0.42983
Test results --- Loss: 2.01541, Accuracy: 0.48322, Precision: 0.49682, Recall: 0.48322 F1: 0.47477, AUROC: 0.74499, AUPRC: 0.50504
EarlyStopping counter: 6 out of 20
Updating learning rate to 0.0016613118653236519
Epoch: 28 cost time: 3.2415287494659424
Epoch: 28, Steps: 18, | Train Loss: 0.27394
Validation results --- Loss: 2.70767, Accuracy: 0.39670, Precision: 0.41063, Recall: 0.39670, F1: 0.37684, AUROC: 0.69262, AUPRC: 0.43070
Test results --- Loss: 1.95542, Accuracy: 0.51852, Precision: 0.52005, Recall: 0.51852 F1: 0.51459, AUROC: 0.76055, AUPRC: 0.52283
EarlyStopping counter: 7 out of 20
Updating learning rate to 0.0016374239897486897
Epoch: 29 cost time: 3.2863194942474365
Epoch: 29, Steps: 18, | Train Loss: 0.27228
Validation results --- Loss: 2.71744, Accuracy: 0.42274, Precision: 0.44037, Recall: 0.42274, F1: 0.41270, AUROC: 0.68330, AUPRC: 0.42644
Test results --- Loss: 2.07182, Accuracy: 0.48553, Precision: 0.48844, Recall: 0.48553 F1: 0.47587, AUROC: 0.75065, AUPRC: 0.51061
EarlyStopping counter: 8 out of 20
Updating learning rate to 0.0016129070536529766
Epoch: 30 cost time: 3.3095338344573975
Epoch: 30, Steps: 18, | Train Loss: 0.24435
Validation results --- Loss: 2.79438, Accuracy: 0.40799, Precision: 0.44436, Recall: 0.40799, F1: 0.39716, AUROC: 0.69426, AUPRC: 0.43486
Test results --- Loss: 2.06494, Accuracy: 0.51042, Precision: 0.51593, Recall: 0.51042 F1: 0.50548, AUROC: 0.76024, AUPRC: 0.52592
EarlyStopping counter: 9 out of 20
Updating learning rate to 0.0015877852522924731
Epoch: 31 cost time: 3.2993390560150146
Epoch: 31, Steps: 18, | Train Loss: 0.19671
Validation results --- Loss: 2.76435, Accuracy: 0.42708, Precision: 0.43931, Recall: 0.42708, F1: 0.42077, AUROC: 0.69478, AUPRC: 0.44153
Test results --- Loss: 2.06364, Accuracy: 0.53067, Precision: 0.53146, Recall: 0.53067 F1: 0.52915, AUROC: 0.76465, AUPRC: 0.53538
EarlyStopping counter: 10 out of 20
Updating learning rate to 0.0015620833778521306
Epoch: 32 cost time: 3.266064405441284
Epoch: 32, Steps: 18, | Train Loss: 0.17992
Validation results --- Loss: 2.92241, Accuracy: 0.41233, Precision: 0.42124, Recall: 0.41233, F1: 0.40435, AUROC: 0.68914, AUPRC: 0.43273
Test results --- Loss: 2.20274, Accuracy: 0.50868, Precision: 0.51988, Recall: 0.50868 F1: 0.50526, AUROC: 0.75697, AUPRC: 0.51960
EarlyStopping counter: 11 out of 20
Updating learning rate to 0.0015358267949789966
Epoch: 33 cost time: 3.2537477016448975
Epoch: 33, Steps: 18, | Train Loss: 0.15771
Validation results --- Loss: 2.91630, Accuracy: 0.41927, Precision: 0.43743, Recall: 0.41927, F1: 0.41249, AUROC: 0.69861, AUPRC: 0.44365
Test results --- Loss: 2.26090, Accuracy: 0.51273, Precision: 0.51852, Recall: 0.51273 F1: 0.50783, AUROC: 0.76089, AUPRC: 0.52263
EarlyStopping counter: 12 out of 20
Updating learning rate to 0.0015090414157503714
Epoch: 34 cost time: 3.294318675994873
Epoch: 34, Steps: 18, | Train Loss: 0.12139
Validation results --- Loss: 3.11899, Accuracy: 0.42014, Precision: 0.43592, Recall: 0.42014, F1: 0.41350, AUROC: 0.68887, AUPRC: 0.42989
Test results --- Loss: 2.40252, Accuracy: 0.50058, Precision: 0.50033, Recall: 0.50058 F1: 0.49607, AUROC: 0.75456, AUPRC: 0.51195
EarlyStopping counter: 13 out of 20
Updating learning rate to 0.0014817536741017151
Epoch: 35 cost time: 3.2965636253356934
Epoch: 35, Steps: 18, | Train Loss: 0.12966
Validation results --- Loss: 3.06119, Accuracy: 0.40191, Precision: 0.41664, Recall: 0.40191, F1: 0.39009, AUROC: 0.69202, AUPRC: 0.43447
Test results --- Loss: 2.36693, Accuracy: 0.49306, Precision: 0.49538, Recall: 0.49306 F1: 0.48628, AUROC: 0.75443, AUPRC: 0.51979
EarlyStopping counter: 14 out of 20
Updating learning rate to 0.0014539904997395467
Epoch: 36 cost time: 3.269559860229492
Epoch: 36, Steps: 18, | Train Loss: 0.13113
Validation results --- Loss: 3.20348, Accuracy: 0.42795, Precision: 0.43860, Recall: 0.42795, F1: 0.42343, AUROC: 0.69629, AUPRC: 0.43603
Test results --- Loss: 2.43754, Accuracy: 0.50463, Precision: 0.50807, Recall: 0.50463 F1: 0.50004, AUROC: 0.76388, AUPRC: 0.52741
EarlyStopping counter: 15 out of 20
Updating learning rate to 0.0014257792915650727
Epoch: 37 cost time: 3.2273783683776855
Epoch: 37, Steps: 18, | Train Loss: 0.10741
Validation results --- Loss: 3.20527, Accuracy: 0.45399, Precision: 0.46138, Recall: 0.45399, F1: 0.45078, AUROC: 0.69829, AUPRC: 0.44675
Test results --- Loss: 2.48951, Accuracy: 0.50810, Precision: 0.51914, Recall: 0.50810 F1: 0.50682, AUROC: 0.76078, AUPRC: 0.52034
Metric score decreased (-0.425809 --> -0.450785).  Saving model ...

Updating learning rate to 0.0013971478906347806
Epoch: 38 cost time: 3.298560619354248
Epoch: 38, Steps: 18, | Train Loss: 0.10032
Validation results --- Loss: 3.52330, Accuracy: 0.42014, Precision: 0.43741, Recall: 0.42014, F1: 0.40634, AUROC: 0.69305, AUPRC: 0.42125
Test results --- Loss: 2.66116, Accuracy: 0.50231, Precision: 0.50686, Recall: 0.50231 F1: 0.49492, AUROC: 0.75943, AUPRC: 0.51950
EarlyStopping counter: 1 out of 20
Updating learning rate to 0.0013681245526846783
Epoch: 39 cost time: 3.3093225955963135
Epoch: 39, Steps: 18, | Train Loss: 0.08313
Validation results --- Loss: 3.48790, Accuracy: 0.42535, Precision: 0.43998, Recall: 0.42535, F1: 0.41930, AUROC: 0.69375, AUPRC: 0.42947
Test results --- Loss: 2.62829, Accuracy: 0.50521, Precision: 0.50520, Recall: 0.50521 F1: 0.50260, AUROC: 0.76189, AUPRC: 0.52449
EarlyStopping counter: 2 out of 20
Updating learning rate to 0.0013387379202452916
Epoch: 40 cost time: 3.266059160232544
Epoch: 40, Steps: 18, | Train Loss: 0.08432
Validation results --- Loss: 3.33723, Accuracy: 0.44271, Precision: 0.44365, Recall: 0.44271, F1: 0.43985, AUROC: 0.69906, AUPRC: 0.44397
Test results --- Loss: 2.65997, Accuracy: 0.51505, Precision: 0.52487, Recall: 0.51505 F1: 0.51407, AUROC: 0.75967, AUPRC: 0.52124
EarlyStopping counter: 3 out of 20
Updating learning rate to 0.0013090169943749475
Epoch: 41 cost time: 3.257406711578369
Epoch: 41, Steps: 18, | Train Loss: 0.07267
Validation results --- Loss: 3.58456, Accuracy: 0.40885, Precision: 0.41826, Recall: 0.40885, F1: 0.40055, AUROC: 0.69383, AUPRC: 0.43079
Test results --- Loss: 2.77267, Accuracy: 0.49711, Precision: 0.49553, Recall: 0.49711 F1: 0.49356, AUROC: 0.75270, AUPRC: 0.51221
EarlyStopping counter: 4 out of 20
Updating learning rate to 0.0012789911060392294
Epoch: 42 cost time: 3.2785685062408447
Epoch: 42, Steps: 18, | Train Loss: 0.08233
Validation results --- Loss: 3.78465, Accuracy: 0.41059, Precision: 0.42412, Recall: 0.41059, F1: 0.39933, AUROC: 0.69315, AUPRC: 0.42830
Test results --- Loss: 2.74213, Accuracy: 0.50868, Precision: 0.50707, Recall: 0.50868 F1: 0.50664, AUROC: 0.76270, AUPRC: 0.52602
EarlyStopping counter: 5 out of 20
Updating learning rate to 0.0012486898871648551
Epoch: 43 cost time: 3.304372549057007
Epoch: 43, Steps: 18, | Train Loss: 0.06512
Validation results --- Loss: 3.64506, Accuracy: 0.42969, Precision: 0.43837, Recall: 0.42969, F1: 0.42703, AUROC: 0.69363, AUPRC: 0.43142
Test results --- Loss: 2.80252, Accuracy: 0.49826, Precision: 0.50619, Recall: 0.49826 F1: 0.49169, AUROC: 0.75865, AUPRC: 0.52020
EarlyStopping counter: 6 out of 20
Updating learning rate to 0.0012181432413965428
Epoch: 44 cost time: 3.2858622074127197
Epoch: 44, Steps: 18, | Train Loss: 0.06954
Validation results --- Loss: 3.70582, Accuracy: 0.42448, Precision: 0.42711, Recall: 0.42448, F1: 0.41968, AUROC: 0.69210, AUPRC: 0.43205
Test results --- Loss: 2.77013, Accuracy: 0.51157, Precision: 0.51381, Recall: 0.51157 F1: 0.51106, AUROC: 0.76199, AUPRC: 0.52547
EarlyStopping counter: 7 out of 20
Updating learning rate to 0.0011873813145857248
Epoch: 45 cost time: 3.2655441761016846
Epoch: 45, Steps: 18, | Train Loss: 0.06935
Validation results --- Loss: 4.13894, Accuracy: 0.40712, Precision: 0.42607, Recall: 0.40712, F1: 0.39461, AUROC: 0.68258, AUPRC: 0.41878
Test results --- Loss: 2.99255, Accuracy: 0.50058, Precision: 0.49921, Recall: 0.50058 F1: 0.49394, AUROC: 0.75458, AUPRC: 0.51051
EarlyStopping counter: 8 out of 20
Updating learning rate to 0.001156434465040231
Epoch: 46 cost time: 3.2440602779388428
Epoch: 46, Steps: 18, | Train Loss: 0.09127
Validation results --- Loss: 3.61441, Accuracy: 0.44444, Precision: 0.45533, Recall: 0.44444, F1: 0.44036, AUROC: 0.69790, AUPRC: 0.43834
Test results --- Loss: 2.89927, Accuracy: 0.50289, Precision: 0.50507, Recall: 0.50289 F1: 0.50267, AUROC: 0.75496, AUPRC: 0.52062
EarlyStopping counter: 9 out of 20
Updating learning rate to 0.0011253332335643042
Epoch: 47 cost time: 3.2931783199310303
Epoch: 47, Steps: 18, | Train Loss: 0.06322
Validation results --- Loss: 3.87732, Accuracy: 0.42188, Precision: 0.43923, Recall: 0.42188, F1: 0.41282, AUROC: 0.69775, AUPRC: 0.43556
Test results --- Loss: 2.80418, Accuracy: 0.51157, Precision: 0.51005, Recall: 0.51157 F1: 0.50788, AUROC: 0.76582, AUPRC: 0.53237
EarlyStopping counter: 10 out of 20
Updating learning rate to 0.0010941083133185145
Epoch: 48 cost time: 3.2957890033721924
Epoch: 48, Steps: 18, | Train Loss: 0.05581
Validation results --- Loss: 3.91512, Accuracy: 0.42188, Precision: 0.44054, Recall: 0.42188, F1: 0.41000, AUROC: 0.69956, AUPRC: 0.43535
Test results --- Loss: 2.93655, Accuracy: 0.51910, Precision: 0.52624, Recall: 0.51910 F1: 0.51359, AUROC: 0.76700, AUPRC: 0.53497
EarlyStopping counter: 11 out of 20
Updating learning rate to 0.0010627905195293135
Epoch: 49 cost time: 3.2680907249450684
Epoch: 49, Steps: 18, | Train Loss: 0.05280
Validation results --- Loss: 3.85755, Accuracy: 0.42448, Precision: 0.43791, Recall: 0.42448, F1: 0.41913, AUROC: 0.69332, AUPRC: 0.43311
Test results --- Loss: 2.95731, Accuracy: 0.51215, Precision: 0.51266, Recall: 0.51215 F1: 0.50955, AUROC: 0.76261, AUPRC: 0.53107
EarlyStopping counter: 12 out of 20
Updating learning rate to 0.0010314107590781282
Epoch: 50 cost time: 3.2263364791870117
Epoch: 50, Steps: 18, | Train Loss: 0.04393
Validation results --- Loss: 3.83848, Accuracy: 0.42795, Precision: 0.44004, Recall: 0.42795, F1: 0.42372, AUROC: 0.70021, AUPRC: 0.44409
Test results --- Loss: 2.91521, Accuracy: 0.51505, Precision: 0.51713, Recall: 0.51505 F1: 0.51429, AUROC: 0.76592, AUPRC: 0.53513
EarlyStopping counter: 13 out of 20
Updating learning rate to 0.001
Epoch: 51 cost time: 3.296905994415283
Epoch: 51, Steps: 18, | Train Loss: 0.03577
Validation results --- Loss: 4.01166, Accuracy: 0.43316, Precision: 0.45282, Recall: 0.43316, F1: 0.42727, AUROC: 0.69605, AUPRC: 0.43637
Test results --- Loss: 2.97116, Accuracy: 0.50984, Precision: 0.50951, Recall: 0.50984 F1: 0.50784, AUROC: 0.76446, AUPRC: 0.53124
EarlyStopping counter: 14 out of 20
Updating learning rate to 0.0009685892409218717
Epoch: 52 cost time: 3.311769962310791
Epoch: 52, Steps: 18, | Train Loss: 0.03215
Validation results --- Loss: 4.13406, Accuracy: 0.43316, Precision: 0.45138, Recall: 0.43316, F1: 0.42617, AUROC: 0.69433, AUPRC: 0.43495
Test results --- Loss: 3.04758, Accuracy: 0.51736, Precision: 0.51645, Recall: 0.51736 F1: 0.51527, AUROC: 0.76321, AUPRC: 0.52769
EarlyStopping counter: 15 out of 20
Updating learning rate to 0.0009372094804706866
Epoch: 53 cost time: 3.288151502609253
Epoch: 53, Steps: 18, | Train Loss: 0.02843
Validation results --- Loss: 4.19329, Accuracy: 0.41753, Precision: 0.43236, Recall: 0.41753, F1: 0.40621, AUROC: 0.69316, AUPRC: 0.43558
Test results --- Loss: 3.03770, Accuracy: 0.52025, Precision: 0.51920, Recall: 0.52025 F1: 0.51857, AUROC: 0.76320, AUPRC: 0.53069
EarlyStopping counter: 16 out of 20
Updating learning rate to 0.0009058916866814857
Epoch: 54 cost time: 3.272322416305542
Epoch: 54, Steps: 18, | Train Loss: 0.03270
Validation results --- Loss: 4.13210, Accuracy: 0.42361, Precision: 0.43663, Recall: 0.42361, F1: 0.41820, AUROC: 0.69552, AUPRC: 0.43235
Test results --- Loss: 3.10804, Accuracy: 0.50810, Precision: 0.50714, Recall: 0.50810 F1: 0.50537, AUROC: 0.76335, AUPRC: 0.53252
EarlyStopping counter: 17 out of 20
Updating learning rate to 0.0008746667664356957
Epoch: 55 cost time: 3.2776131629943848
Epoch: 55, Steps: 18, | Train Loss: 0.03691
Validation results --- Loss: 4.11050, Accuracy: 0.43056, Precision: 0.44234, Recall: 0.43056, F1: 0.42508, AUROC: 0.69949, AUPRC: 0.43776
Test results --- Loss: 3.02551, Accuracy: 0.51910, Precision: 0.51807, Recall: 0.51910 F1: 0.51782, AUROC: 0.76945, AUPRC: 0.54186
EarlyStopping counter: 18 out of 20
Updating learning rate to 0.000843565534959769
Epoch: 56 cost time: 3.296839952468872
Epoch: 56, Steps: 18, | Train Loss: 0.03058
Validation results --- Loss: 4.29815, Accuracy: 0.42014, Precision: 0.44581, Recall: 0.42014, F1: 0.41299, AUROC: 0.69468, AUPRC: 0.43329
Test results --- Loss: 3.15651, Accuracy: 0.51562, Precision: 0.51561, Recall: 0.51562 F1: 0.51301, AUROC: 0.76252, AUPRC: 0.52875
EarlyStopping counter: 19 out of 20
Updating learning rate to 0.0008126186854142752
Epoch: 57 cost time: 3.283010959625244
Epoch: 57, Steps: 18, | Train Loss: 0.03374
Validation results --- Loss: 4.32461, Accuracy: 0.42274, Precision: 0.44864, Recall: 0.42274, F1: 0.41691, AUROC: 0.69570, AUPRC: 0.43747
Test results --- Loss: 3.26513, Accuracy: 0.50405, Precision: 0.51009, Recall: 0.50405 F1: 0.49956, AUROC: 0.76027, AUPRC: 0.52305
EarlyStopping counter: 20 out of 20
Early stopping
>>>>>>>testing : eeg_mixer_v4_outAttentionPoolingFusion_BCIC2A_seed_46_dm_128_dp_0.1_tl_4_bs_128_lr0.002_aug_none_pl_80_cb32_kb16_tb16_pe128_ps20_ca1_cp1_git1f056a2_20260503_171425<<<<<<<<<<<<<<<<<<<<<<<<<<<<<<<<<
Validation results --- Loss: 3.20527, Accuracy: 0.45399, Precision: 0.46138, Recall: 0.45399, F1: 0.45078, AUROC: 0.69829, AUPRC: 0.44675
Test results --- Loss: 2.48951, Accuracy: 0.50810, Precision: 0.51914, Recall: 0.50810, F1: 0.50682, AUROC: 0.76078, AUPRC: 0.52034

Validation results --- Loss: 3.20527, Accuracy: 0.45399, Precision: 0.46138, Recall: 0.45399, F1: 0.45078, AUROC: 0.69829, AUPRC: 0.44675
Test results --- Loss: 2.48951, Accuracy: 0.50810, Precision: 0.51914, Recall: 0.50810, F1: 0.50682, AUROC: 0.76078, AUPRC: 0.52034

[result] Saved experiment record to: results/runs/3635086_BCIC2A_eeg_mixer_v4_outAttentionPoolingFusion_seed46.yaml
Mean accuracy: 0.4652, precision: 0.4707,recall: 0.4652, f1: 0.4625, AUROC: 0.7334, AUPRC: 0.4742
Std accuracy: 0.0090, precision: 0.0083,recall: 0.0090, f1: 0.0067, AUROC: 0.0100, AUPRC: 0.0164
